row_id,dialect,region,sentiment
2302,"không biết luôn á, mi è răng mà đi được đây.",central,
10602,cho tau giỏi với chơ,central,
12293,anh ni nghe hơi quen quen hè?,central,
1476,"Tau mà trúng tau công khai cả gia phả luôn, chơ đừng nói giấu tên với giấu mặt.",central,
5795,"""Bữa mô lên tiếp bạn hầy?""",central,
8089,rứa đó. Giờ đoán sợ trúng không được mánh chi lại tức hơn.,central,
15056,trình độ hóa trang kém quá quê choa hầy,central,
7373,"chỗ ni này, chill ri mà coan nhi chê ồn.",central,
21754,Nam Mô A Di Đà Phật Nam Mô Bổn Sư Thích Ca Mâu Ni Phật Nam Mô Phật Tổ Phật Thầy Đức Huỳnh Giáo Chủ Phật Giáo Xứ Hòa Hảo,central,
16055,Oà là tề,central,
1273,là bệnh chi rứa em?,central,
13000,Chị em ta nhắm mần kèo. Chơ nghe bứt rứt khó chịu rồi hẹ.,central,
12786,rứa khi túi con mua từ sài gòn đó.,central,
9496,Xin vía cấy mồ.,central,
904,Bay được bộ copy chu tuổi thơ của choa rứa đó.,central,
492,Đợi chị chắc biển hết nác rồi,central,
711,"""Số đen khi mô cụng, đoán trúng có 2 số à?""",central,
1533,ca nhạc ri chắc chồng mi.,central,
8634,Chùa mô rứa mọi người?,central,
6950,"Chào em, em ở mô rứa, đã sẵn sàng chưa? Đẳng cấp là mãi mãi.",central,
11468,"""dân thành phố không phải muốn nói chi thì nói mô.""",central,
25424,Nam Mô A Di Đà Phật Nam Mô Bổn Sư Thích Ca Mâu Ni Phật Nam Mô Đại Từ Đại Bi Cứu Khổ Cứu Nạn Quan Thế Âm Bồ Tát,central,
5548,"""đạ học mô, chừ mới học đây.""",central,
11585,Chơ gặp mi thì lưa mô nựa,central,
9294,rứa đi nhật vài năm về mần cái!,central,
10084,lạc mô rứa để tao chở về cho.,central,
12176,"nhân viên Thuận ngay chỗ ni chi nữa, may không chừ cũng 10 niên rồi đó",central,
11660,đi mô đường nớ mà biết?,central,
11865,Mưa gió ni thì chỉ có mồi ni là thích hợp.,central,
23835,Mi nói sao chứ giọng cx bth chứ có chi mô:)),central,
9039,Rứa bơ chừ ở Đông Hà hay mô?,central,
7486,"""Chợ ni ở xã mô rứa hè?""",central,
10080,Nhà xe mô đây ai cho biết để né cái mồ?,central,
698,Ăn được quả xoài. Chơ lợ cấy là què chân đấy chị ơi.,central,
2548,"""Có mô mà con to mà mẹ còn trẻ rứa, có lẽ chị em.""",central,
25455,thích a Học lắm ln ro ủng hộ a mãi mãi ln nỏ,central,
10505,"Cho eng, eng về eng làm béng rán chuối eng mời cả làng ăn.",central,
9228,Đọc mà ngá khu,central,
16493,Nghe câu “Răng anh nỏ về” tan chảy hết tâm can ấm lòng người con nghệ tĩnh,central,
2602,Khi mô bắn hè?,central,
15441,Con gái nhà ai mà đẹp rứa hề,central,
10836,Lưa nước đập chắc nựa thôi.,central,
7853,Rủ cấy khác dệ hơn được không?,central,
26700,"Cháu HẬu đi nơi mô rồi, lại cùng thưởng thức á",central,
10933,"mới đi trộm lần đầu hay răng, mà cứ rờ rờ rứa hè?",central,
6127,Linh ni có sức hút hè?,central,
9383,chi cỡ anh tui chấp ngược lại,central,
24667,Mik là người miền Trung nên mik hỏi cậu đi đâu đó thì mik sẽ nói là: mi đi mô rứa hè,central,
11279,Hoa hòe chi tầm ni hè?,central,
8603,"ri bơ, cả team rồi mô nữa.",central,
380,"xe cộ tan nát ri mà người có sao không hè, cầu mong mọi người đều bình an.",central,
9275,có chi mà đông dữ rứa?,central,
10068,Lan Lan Ngọc coi chỗ mô ni ri để về vài bứa nữa về đưa đi.,central,
16909,Ủa rứa ai sợ ai,central,
26346,Waooo Chuột lấy hoa tặng choa Dung kìaa,central,
2813,"Không phải mô, Quảng Trị gặp là tháo ngòi rồi chơ làm chi có để nguyên rứa.",central,
3167,"Nghệ An tổ chức ghê hè, chuyến ni phải sang đây chữa lành cấy rồi về.",central,
13221,Uống cho lắm. Ô tô hay xe máy chi cũng lo phạt nặng. Mi gọi nhờ đi.,central,
2138,"""Các chú chơi chi lạ rứa.""",central,
12720,Hắn bữa ni đi bò rồi à mi?,central,
10369,"Chị chuẩn bị đi cưới chi nựa, em còn không được mời.",central,
11714,Chà cho mòn khu quần đi chơ?,central,
1144,Không can chi. Có cầu Bến Thủy 2 nựa.,central,
12949,đêm hôm không ngủ chạy đi mô rứa anh?,central,
202,Quả ni quả chi ri?,central,
10473,"Triệu Phong cũng rứa, Qua đường phải rình in ăn trộm, may may mơi chộ xe.",central,
13394,bữa ni thành dân vinh rồi hẹ?,central,
9332,"hè không đi đi, chừ mần chi, gần Thủ Đức đó",central,
9682,"Cháy rứa còn chi là con chuột nựa bạn hề, ăn ung thư chết ró.",central,
496,"""Chộ flycam quay rập trời mà răng cả 6 đực bị bắt tê rứa?""",central,
7726,"Đầu ni không phải em cắt mô, khách em toàn người đàng hoàng thôi",central,
5968,Đúng phát dại anh ri mần cha mệ chết giả.,central,
11473,"""đại gia ni đi chi mấy chỗ ni hè?""",central,
24557,Qua trời thêm con ni điên ni nựa là chi,central,
9063,em chưa đi lộ ni nơi tề.,central,
11707,"""Có chừng nớ là êm rồi. Học thêm chi nửa he?""",central,
12354,Nỏ có mi cấy con Quỳnh hấn ít sèm hẳn.,central,
3183,răng mày thả bồ mày ra rứa?,central,
12870,hiểu ngày mai nên làm chi hông nè?,central,
11539,Hải Bình là lộ mô của Hải Lăng rứa?,central,
12456,"Trượn rọt lấy vợ về nội trợ, quả ni thì nợ trồi.",central,
83,Lợ viết cam kết 6-7 mà dừ lưa 3 nựa,central,
10026,Đông Lễ ai mà giàu rứa hè?,central,
8357,O ra bắt cá o tề.,central,
5591,Để khai trương bơ đi. Người quen của chị á.,central,
3321,Cầm bó hoa đẹp a rứa mà run hay răng mà mồm méo i rứa biết.,central,
11781,"ai vẹ con gáy không yêu hắn, bơ hắn mần rứa đó",central,
1752,"Đòi đăng, chi nựa bây.",central,
12908,"Chi ri trời, ri thì khổ chồng chất khổ à trời.",central,
805,Năm ni chú mi đi coi kiếm kì mũ nựa tề.,central,
6543,"thôi về bán dưa món cho Ông Sơn, đi bán mô cho ngái",central,
1803,Ai lại rứa được. Quen mạnh chơ em mình.,central,
9110,"Đào, mi thưởng thức mấy món quê choa rồi về nha.",central,
19093,"Nam Mô A Di Đà Phật. Nam Mô Địa Tạng Vương Bồ Tát Cùng nhau niệm Phật nhé : ""Nam Mô A Di Đà Phật"".Nam Mô Địa Tạng Vương Bồ Tát Chăm chỉ làm việc thiện và cúng dường chư tăng ni và tam bảo nhé mọi người! Nam Mô Địa Tạng Vương Bồ Tát",central,
26191,yêu thế quê choa,central,
13289,Đoán 037 mà mô 2 năm chưa chộ.,central,
12299,hại hè đi tắm bùn cao cấp.,central,
3112,Ê. Không cần Ecopark mô. Chung cư nhà o cũng không ngập nè. Mà ra đàng nước lên tận háng.,central,
6222,Cập nhật tình hình chỗ các bạn cấy mồ.,central,
6942,"""Đoạn mô chôn lạ ri bạn?""",central,
11132,"Răng mà bữa ni chờ đến 5h, hắn lâu hơn mọi ngày hẹ?",central,
2491,Chery ni ăn ẻ mắc khu.,central,
13317,Gọi về cũng không dám nói nhiều vì hại khóc.,central,
5864,"Sáng mỗi đèn đỏ với vàng, xanh không chộ mô.",central,
6049,"bình luận xong rồi có chộ rep mô, bựa ni giàu rồi.",central,
6716,không biết bố bạn Khang ni anh răng mẹ bạn Khang nhỉ?,central,
1768,Nhìn thầy ni mà tui suýt đi bệnh viện luôn rồi.,central,
1997,buồn rứa Tết năm ni em được ở gần nhà. Tưởng mô năm ni chị cũng có về.,central,
8918,Cấy ni biết lâu rồi. Ad dừ mới biết à.,central,
848,Gái mà uống bia ra rứa là không a răng cả.,central,
7190,"""Bữa ni đi có 3 phút thôi dượng.""",central,
6843,"Ram quấn bánh mướt - giò lắt. Nhớ quê, thèm ghê gớm.",central,
5259,Giàu ai qua eng. Lâu không chộ eng chắc bựa ni eng tra lắm.,central,
1751,"Cả cái núi Long Ngâm, đền Lê Khôi, chùa Quỳnh Viên tuyệt vời rứa không mấy bạn?",central,
7046,"Gấy Nghệ An đời mô mà trai Hà Tịnh cưới được, họ mơ về trai Hà Nội mà thôi.",central,
10435,Sương năm mô cụng ăn bánh á ri.,central,
12642,Gấy nhà tui đã thấy và đã đăng ký luôn rồi.,central,
1209,"Sau ni lấy nhông, chỉ cần nhông chăm dọn thôi chơ nấu để em",central,
78,"""Đem bò bán chơ ai dám ra nhận bò nữa mô?""",central,
24560,"Trốc bọ , nói rứa mà ko hiểu",central,
7150,Mưa gió chạy chi dữ tợn rứa bây?,central,
11754,"Ngoài đường hạ tê, chỉ có nữ thôi chơ nhà mình nam to không qua nổi mô.",central,
2183,"Cho tui, nuôi cho, răng quăng rưa. Tội con.",central,
21504,"Nghe đồng hương hát mà no, nỏ đói tỉ mô. Giọng kun gấy Hương Sơn ngọt vời thơm như nác chè Hương Sơn a nốt... Yêu giọng hát của em nhiều",central,
8265,Quảng Trị không chơi trò ni để miềng đi hè?,central,
7681,"Coi giải thưởng tới vài trịu tề, đăng ký đi thi hầy?",central,
409,"2 chú cho thêm o chút xíu nữa thì tha hồ, mà họ thả nhìn o tội nghiệp.",central,
15182,Cam lộ mô rồi,central,
10793,Mần mềnh Sèm chảy nước miếng.,central,
11252,Chi mà tội rứa trời.,central,
13200,"Bạn bè, anh em 27 năm chơi với nhau rồi đó, bưa chưa bây",central,
11464,trời Âu mà cấy chi cụng biết bạn hề?,central,
3375,rứa có mâm mô mà không có chị em mình không?,central,
11519,"Nhìn rứa thôi, chơ toàn những thứ chiên dầu mỡ ăn mau ngán lắm.",central,
8592,Eng mần chi mà khó coi rứa hè?,central,
2784,xinh gấy rứa bây hề?,central,
6765,Chi mà khổ rứa hè?,central,
562,răng không nói chị Diên mách mấy ả em vô đoán lúc đi?,central,
12645,Em ra thì không đưa em đi những lộ ni,central,
1943,Đợt ni đẹp gái hơn xưa hè?,central,
5500,Rứa Quảng Bình về Quảng Bình mần rể được không?,central,
1769,"Ừ thì cũng có người ni người tê mà mày, cũng không nên đánh đồng tất cả.",central,
12026,"Quảng Bình bữa ni xanh lắm, mát đẹp.",central,
8084,"Lương 2 triệu, vé 3 triệu, mần răng về?",central,
7637,Hà Tĩnh ở mô rứa.,central,
186,"tìm chi mệt, hết tiền đói dăn răng, tự mò về thôi",central,
9799,Giừ cù lẹ không ai nói ghép nựa.,central,
12966,năm mô cũng cấm mà có hết mô.,central,
7346,Răng mà mà tội nghiệp rứa hè?,central,
8024,"Tìm đồng hương Hà Tĩnh ở quận 7, bạn bè hấn rủ chắc về quê hết rồi",central,
12797,Con cuông mô khác chi.,central,
12639,"tiền bida, net nằm đó chơ mô.",central,
2440,tui nỏ nghe được cấy chi,central,
137,cô chần chừ ra khỏi nhà thế.,central,
9174,Băng luôn rồi chơ ngập chi nựa. Đường thấp mà.,central,
9154,"Hà Nội ngon mà, chừ chộ ri thèm.",central,
6214,"""Túi ni với túi mai à?""",central,
7,Ở lộ mô mà lạnh nhất lúc ni rứa?,central,
515,chộ phát trực tiếp đi cứu trợ mô đó.,central,
3001,Mà răng lại phụ thu 10 nghìn thì quán khung nói à? Hóng câu trả lời của quán hôm qua chừ!,central,
1492,Ok em. Anh gửi mì tôm cho nha. Tính về Nghệ An mà lụt ri răng được họ.,central,
15111,Dịch Cái là cấy Thấy lạ chộ Cái dĩa là cái dịa Dễ là dệ Câu Cấy ni nặng rứa Chộ chi khôn Lấy cái dịa ra Đề dệ rứa,central,
5618,"""Gần đậu răng không biết hè?""",central,
6242,Mày ra chụp cấy ảnh lấy cái túi về mà đi chợ.,central,
12925,phải ăn mới biết chơ nhìn mần chi.,central,
3017,Chơi dớp hè!,central,
15722,C Linh có bán CT làm nộm k ạ Gấy Nghệ nấu ăn rất chi là ngon . Trừ e ăn tạm dxc,central,
8610,"""Giờ mần rể cũng chưa muộn mô bạn ạ.""",central,
5338,"Nói rứa chơ dừ gin 3 giờ sáng rồi mà chưa chộ mưa thấy cụng lo, sợ hấn yên bình quá xong hấn đánh cho tơi bời mất, càng yên bình lại càng sợ.",central,
12959,hôm trước em lên chỗ cũ còn gặp thằng nớ tất xanh mới gớm anh tề!,central,
487,"có khoảng mười con Như rồi êm hi, chứ ngày mô cũng em Khánh Ngân nè, mà chắc quá.",central,
2676,ra tắm cũng mô có ai ở bên bờ bên kia nựa hè?,central,
12775,"""Không có mô hôm qua họ chen nhau mua, mẹ khương chen liệt không mua được con mô tề.""",central,
1484,"""được lội nước lụt rồi còn phông bạt chi nữa eng hè?""",central,
1720,Bọn ni tạo drama đánh bóng và các trang PR cho hấn.,central,
5769,còn chi nữa mô mà ra ngoài nớ.,central,
1653,"""Chộ mô Quỳnh Lưu rứa hầy?""",central,
957,Bựa mô đi ngồi cafe bựa bạn hầy?,central,
10872,Mi nói đoạn ni là lộ mô?,central,
6319,Rứa mai mi xuống chỏ tao đi nha.,central,
10537,Vợ eng ni năm ngoái bay như chim để nhận quà đây.,central,
13772,Nam Mô Bổn Sư Thích Ca Mâu Ni Phật. Nam Mô A Di Đà Phật. Nam Mô Cầu Sám Hối Bồ Tát.,central,
8398,Ảnh hưởng chi mấy cơn mưa rào hè?,central,
7413,Tau chưa coi tử vi khi mô chơ cụng năng định đi coi,central,
3078,Tau mọi chầu cũng rứa.,central,
7847,có ai chết mô mà mô phật o.,central,
10154,Nhọc với mấy thành phần mặc mấn ni ghê gớm.,central,
752,TUYÊT VỜI. Cảm ơn NGƯỜI TỐT. Trời lạnh ri thấy bà nằm dưới sàn thương rứa tê.,central,
12648,Răng bạn nỏ bọc cấy trốc cúi lại,central,
23768,"Còn ""Ăn ta ni"" nữa",central,
21544,Bé ra karaoke bài ni a hát theo với nha,central,
12701,à đúng rồi. Miềng chầm 4 ly trà sen vẹ thu mô?,central,
3940,kiếm bạc chiều làm thùng chơ chơi bời chi.,central,
14521,Chị n ăn cái chi mà dễ thương rứa,central,
8340,răng năm mới cũng có tin nóng ri hè?,central,
2615,"""đã có chi mô, điện còn chưa cúp""",central,
9092,Ngon ri hè. Hà Tĩnh quê choa.,central,
167,"tội hè, hôm ni rằm nữa chơ.",central,
8354,Cò lẹ chì chi luôn. Hấn khổ chì chi đó.,central,
6826,Mấy mụ ve chai mượn đi mà chưa chộ trả lại.,central,
8219,"Chiến còn đây, túi ra chơi chơ không phải mô nghe.",central,
1690,Cụng có một lần đi suối mộc đi như ri luôn.,central,
5420,Nghe nói nhứt Hà Nội rồi. Về ao làng coi răng mồ.,central,
6301,nhà mình dừ lên Thành phố rồi chơ?,central,
25456,Học ơi. Em hát mần anh suy quá dù anh chưa có ả mô. Tuyệt vời luôn Học ơi .,central,
4022,Răng lại cười? Điểm danh cấy. Để may chi mà được áo chê.,central,
11218,"Ứng xong, chạy làng chơ có mô mà trả.",central,
12427,Non nước hữu tình là đây chứ mô nựa. Dân giàu nước mạnh.,central,
2056,"Con mẹ đẹp trai mà khóc ri à, toàn búp măng non Nghi Vạn hầy.",central,
24503,Mi nỏi chi rứa,central,
10230,Sửa mau không mất bò mới mần chuồng là truột chạc đó.,central,
8125,Tau ở nhà đây mà chưa được mánh mô.,central,
10285,Reng ngài Quảng Trị mà cũng biết trang Nghệ An ri hè?,central,
7925,Nhớ chữ được cũng đau trốc đau tai. Nỏ cần phải học mô.,central,
2281,"""Sướng nhất là đông con gấy em ạ.""",central,
125,"Chừ thèm nác mía, mang qua đây đi.",central,
5178,Mai chiều đi biển bơ ăn hải sản luôn bạn hí,central,
119,ê thiệt chứ tầm ni uống tiger ngon hầy,central,
10632,Món ni hồi xưa tui nuôi bầy con ăn học đó.,central,
11700,"Dân Anh Sơn của bố tề, nhìn i mà học hỏi đó bây à.",central,
5327,"Ai yêu đời ghê hỉ, chơ tui thấy mưa là buồn thúi gan, thúi ruột hết roài đoá",central,
3274,Ai có số điện thoại bạn ship cho mình xin với. Lỡ mua chi gọi cho mau chơ mở ứng dụng lâu quá.,central,
1173,"Quả ni mà biết tất tay cấy, giờ đi du lịch rồi á.",central,
12525,Huế với tui mua mô cũng đẹp.,central,
6441,Năng bình thường rứa. Tao đi buổi túi mô có ai.,central,
8246,"không phải mô gì, bé ni bị tự kỉ đó.",central,
26682,Tem ha Hà hí nhạy hay quá,central,
5233,mệ cho chơi lút luôn hầy.,central,
20725,Hát chi mà hay rứa trời,central,
11808,"""Đám cưới con vợ mô đây?""",central,
2185,Em xin thề là em không làm chi cả. Em vô tội.,central,
649,"Ui rồi, tui nhìn tưởng công ty ni.",central,
6856,"Nhà tui mưa khi đêm rùi, hơn cả trút nước tề.",central,
5955,Đồ chi chi luôn trời ơi.,central,
8203,ông ni chụp có đẹp mô em nà?,central,
6852,"Nòi giống là con gấy di truyền, không phải con trai, chưa chắc phải xét ADN mới có.",central,
2355,quê hạnh phúc vui nhộn rứa hỉ?,central,
1098,Vinh đợt ni chi mạnh tay không gian kiểu ri hè?,central,
1620,Mạ chơ không phải mẹ.,central,
2509,"răng mà qua cầu rút ván, để họ rớt xuống mương rứa bạn?",central,
1554,Thế cấm tầu thủy à? Từ 6h đến 22h à?,central,
2304,"""Chưa tiền không biết mần răng đây.""",central,
1727,"Ni là trà xanh, chơ trà mi chỉ biết hót tê.",central,
2649,"Nhật Quang: thì gọi nem rán, có chi mô.",central,
1146,"""Có khi mô một trong 4 nick ni là của ả không hầy?""",central,
5987,Lâu rồi nỏ thấy ông bán kem chanh nớ.,central,
12092,"""Bữa mô xuống đi ăn hầy, thời tiết ni hợp món sở thích của ngoại đây.""",central,
3255,"ở Huế, Quảng Trị, Quảng Bình chơ có phải ở miền cực lạc mô mà tới nông nổi ni rứa eng",central,
9230,ri sắp lấy nhông được rồi.,central,
7341,Gu tau bây ơi mong chồng tau không thấy bình luận ni.,central,
5357,"chơ chộ Dũng Lương có ngày mô sướng mô, đi cho khỏe.",central,
10006,Cha ni chỉ biết nói thúi chứ tu hành chi!,central,
12796,Đẹp trai nhứt Nam Đàn thì lo chi nả.,central,
13782,Nam mô bổn sư thích ca mâu Ni Phật Nam mô a Di da phat A Di da phat A Di da phat A Di da phat chúc quý thầy cô và Su ông và su bà sức khỏe dồi dào mạnh khỏe hạnh phúc an lạc,central,
6262,Trách chi gọi đéo thấy nghe máy nựa.,central,
13551,Bòa ni bỏa núa cá chi rứa hề,central,
9224,Túi rảnh ni rảnh không bạn? Dưới bạn có quán mô hot hot không?,central,
8859,"""Chỗ mô cũng gặp dượng hầy?""",central,
3124,"lên tây thành tiệm ảnh cưới mô, to nhứt là nhà em nớ đó.",central,
145,Đến lúc đó còn răng mô nựa mà ăn.,central,
8376,"lên đô thị loại hai thì, thuế đồ tăng lên, chơ được chi?",central,
22422,anh nớ chụp với anh đkp kìa,central,
23404,Bắc Ninh răng mà bằng Nghệ An choa,central,
6810,Khó rứa mà mấy chú cũng diễn được.,central,
21746,Nhẽ phải ri: Nỏ trượt bựa mô nạ :P,central,
5569,Món chuột náng chơ chi nựa.,central,
1590,"Tề, bây xem lịch răng tề, tao lâu rồi không đi Vinh chơi.",central,
19014,Nam mô bốn sư thích ca mau ni Phật,central,
5516,"Xe mô cũng đúng, Chỉ lái sai chút thôi.",central,
10260,Ở mô cụng ngon.,central,
11353,"dưới nhà miềng tí á, gần nơi chổ cổng chào tê.",central,
2443,Nói cho thật. Hưng Nguyên choa không chộ giọt mưa mô.,central,
23528,2.27 miền trung đáng lẽ là mi đang nói cấy chi rứa chơ hung phỉ bạn mô nà,central,
1095,"Răng nhìn cái mặt mi rất đáng ngờ, ở đây thật à?",central,
10693,"Mấy ông ni manh động quá. Có kẽ thứ 4 không, chơ sao 3 ông tự chém nhau được?",central,
22565,miền trung kiểu:cái thằng trốc tru,central,
13052,Năm ni chưa được ăn con mô.,central,
2710,"chầu đi ăn trộm nhãn, trèo bẻ rạo rạo rứa mà chừ không dừng bẻ cho giùm cho họ cấy.",central,
11434,Mần răng mà bằng cô được.,central,
10125,biết rứa hôm qua ngồi trên xe làm cú như ri.,central,
2376,"răng không quản lý Minh Ngọc để lạo đi bưng bậy ri, ẩu hè?",central,
15008,HAY lắm tình cảm quê hương cứ dâng tràn trong lòng nhớ quê lắm cháu ơi răng mà ngọt lịm như mía quê ta rứa hè chúc cả nhà mình cùng Thành Viên buổi tối giao lưu vui vẻ nhé.,central,
3230,Nác su ri mi.,central,
2445,về mà ở trong nhà răng chộ được.,central,
12831,"Chừ tru bò ngài Hà Tịnh bán hết rồi , chừ dùng tru sắt ăn gà , nỏ dùng tru , bò ăn cỏ nựa mô cả nhà à. Cho nên chừ về Hương Long, Hương Khê, Hà Tịnh mà tìm cảnh ni nỏ có nựa mô.",central,
8768,Con em nhờ bán giúp cây bơ cho mệ ngoại ở Hoà Trạch. Cây bơ ni là chuẩn sạch tinh luôn nì.,central,
1581,Nhà ngoại không có chi lấy nữa mô o.,central,
11763,"Nhếch tao, buổi đang ôm người yêu ngủ, chơ ham hố chi mấy bộ môn ni.",central,
6201,Coi có phụ thu không đã tề Quảng Trị bạn ơi.,central,
11570,"đi với bầy ni, đứa trốc không gội, đứa nỏ tắm, phèn rứa mới chơi được.",central,
1521,bữa ni bỏ nhậu đi uống trà sữa rồi.,central,
9956,"Mi có thôi đi được không bạn, tau ở xa nhìn thèm chảy nước miếng.",central,
8046,"bồ nó bị đấm gạy răng, thâm mắt rồi",central,
8990,"""Túi ni ăn cơm chi chưa biết hầy?""",central,
777,anh bữa ni không chung mâm với em nữa mô nha.,central,
7337,Đang còn xun chán Già mô mà già anh em hè?,central,
169,"anh ni thì không biết, nhưng chị ni thì có chồng rồi đó.",central,
7325,Ma cha mi có chi thì nói luôn đi. Choa tìm binh luận có thấy chi mô.,central,
7568,Mệ già ngồi sau không đội mũ bảo hiểm. Mong mệ tai qua nạn khỏi.,central,
1034,Miềng là miềng nể dân Hà Tĩnh lắm.,central,
6929,"ra dẫn tao đi ăn thôi, nhắc chi giờ ni mần thèm dễ sợ.",central,
8569,Ri có chết con ngài ta không chứ.,central,
13374,Hắn ngon chi chi tê.,central,
8614,"luyện tâp thể thao cho có sức khỏe túi, còn bò ngoài sân bê tông bò chơ",central,
9136,Khoai Tây năm ni đẹp nghiện hè?,central,
11321,ấm lòng quê choa tỉ hè!,central,
6586,Thèm. Đắng mấy cũng nót.,central,
9737,Miềng nghe không hiểu o nói chi nơi.,central,
13423,Răng nhận ít à hè?,central,
10547,Ri mà họ nói choa giống chắc,central,
6971,thầy Thiên dạo ni ắng hầy.,central,
3383,"Tau chào mi 100 cấy, mi chào lại tau một cấy được không mồ dân Xô?",central,
56,"nhìn sèm hè, ước được ai đó gọi và bảo “đi nhậu tao trả tiền”",central,
8537,vay tiền kiểu chi mà họ nói nhờ anh dữ rứa?,central,
11909,"thần tượng của tui, đi phun thuốc sâu cho mệ.",central,
440,vàng mô mà đi bán rứa cha.,central,
7922,"Khu ả ni, ri phẩy 3 lứa là ít.",central,
7789,Mặc rứa mà vẹ không lạnh?,central,
24717,miền chung nói là choa ở câu chúng tôi tôi cứ tưởng là thôi ko nói đâu,central,
2026,Tui đã một thời chạy xe ni.,central,
12768,Mệ ni ở Quảng Bình mà.,central,
9108,Hà Tĩnh nhưng xã huyện mô mà nhìn quen quen hè?,central,
9760,"Giống xe mệ ri, chạy ra dắt về tê.",central,
7333,tau sợ ăn xong về không kịp chạy về nhà lại phải chạy vô nhà mi lắm.,central,
8446,May ả chơ khôn phải một anh hi.,central,
2414,Bứt từng xe tru cỏ nhưng lấy chồng rồi ai cũng nghĩ nọ biết làm chi.,central,
5166,"""Có giảm giá hay răng mà nhiệt tình rứa mọi người, đồ cũng bình thường mà""",central,
5682,Nhìn mà sèm chảy nác.,central,
23402,Tôi bằng tuổi quỳnh nhi luôn Nhưng chưa học bài ni,central,
12333,Ở quê choa cũng vui như rứa chơ.,central,
6606,"hổ ngựa ni có độc mô sợ, gặp miềng là êm rồi, lộc tới không biết hưởng.",central,
2339,"Bản tính côn đồ xử rứa còn nhẹ, phải 25 năm tê.",central,
8440,Nỏ ai thương em cả hầy. Rành chán,central,
12208,mần chi mang tiếng rứa chú mày?,central,
11595,Răng mà khổ rứa bay hề?,central,
962,Tau đi cú câu được con cá ngon ni.,central,
2429,Sèm bia thì nói,central,
8038,"Dám chém mô, hù thôi chơ loại nớ chặt cấy đứt ngang",central,
10838,Bạn ni xinh ri hầy,central,
9233,Chơ ta cũng gió rồi tề.,central,
10847,vừa được ngắm gái vừa có quà cho vợ chi nựa.,central,
12715,"Năm ni không biết, xịt nữa không ta đi chuyến nữa cậu hè?",central,
18741,Tập truyện này hài quá chừ quá đất luôn ...cười nội thương luôn,central,
1755,"bạn vô Huế đi, tui mời bạn đi, tui có tiếc gì bạn đâu.",central,
20643,Đi mô thì đi làm chi thì làm quê choa vẫn là nhất,central,
388,Mới cại chắc với sếp về,central,
4020,Có khi mô đi bơ gặp không?,central,
25458,TẦM THINH THÁC SANH CỨU CHÚNG SANH trong BIỂN LỬA DỤC VỌNG ĐỜI ĐỜI KIẾP NAM MÔ BỔN SƯ THÍCH CA MÂU NI PHẬT,central,
12424,bữa ni ở dưới lạ ghê mi.,central,
16660,tập này vui rứa,central,
9539,chắc cấy ni là tiểu phẩm cho bui thôi bác. Chắc mệ với nhỏ tê có tập ở nhà rồi.,central,
8298,Đang nắng răng mưa rứa tê?,central,
11230,"ở trong tê đó, nghe nói kỳ anh có bán mà kiên choa nỏ mua mô!",central,
6173,Rứa là có chuyện chị xảy ra hè?,central,
12323,Kêu sang nhởi không sang.,central,
9782,đèn ni em mới bị lần đầu đây chơ.,central,
10226,"bữa sau mần chuyến nữa hè, giờ chắc đẹp hơn mọi lần ta đi.",central,
147,"Cảnh chi ghê rứa trời, thật hả trời ơi",central,
28102,"Anh Hải là động lực để em vào bếp đó, anh không được dừng làm video dạy nấu nướng đâu nhá típ tục choa em",central,
9457,"""Có lẽ chưa chộ con Hồng Lĩnh uống. Uống bằng chum chơ ca xưa rồi diễm.""",central,
8159,Ri thì bọn anh mô dám lấy vợ nữa em.,central,
5195,"ngu mô eng, họ chơi pháo sáng nhất huyện đó eng.",central,
11234,"Ui chao ui, lợ bựa ni thôi em nghe, bựa sau đừng mần dại ri nữa hi.",central,
17256,Năm mô bổn sư thích ca mâu Ni Phật a Di Đà Phật,central,
23709,Mi có vè đc như giọng Thanh Hóa choa ko,central,
5935,"đi đi em, không đông như rứa, mạnh dạn lên.",central,
881,"Vợ họ hay họ, vợ miềng chộ chồng về là ba làng nghe.",central,
13515,"Nam Mô Bổn Sư Thích Ca Mâu Ni Phật. Lời Phật dạy như những viên thuốc, nghe đến đâu lành bệnh đến đó",central,
10807,"Vẫn còn gà, ai náng gọi chồng em hi",central,
1133,"Đang tập trung lục rứa. Mà chủ đi ra hỏi làm chi đó, chắc vất xe máy mà chạy luôn",central,
7198,cấy chi cũng có mặt anh hết.,central,
10357,Admin đăng ri mấy người đi Đài họ report trang dừ.,central,
10345,Răng rụng mà tay vẫn nhắn tin ngon rứa bây.,central,
10238,Gấy Hà Tĩnh sợ hầy?,central,
13483,Nam mô thích mâu ni phật,central,
3284,Mình cụng thấy cục to nhưng không dám lặt.,central,
3263,"bựa rủ hấn đi, hấn kêu xa chơ, giờ thì có thấy kêu nựa mô.",central,
5214,"""Mần răng bắt hầy? Ở trửa Vinh mà nỏ biết.""",central,
7976,Hay đi Vinh chơ mại nỏ kiếm được anh mô mà ôm giống rứa.,central,
7491,Dạo ni tra rồi nên cũng nỏ thích khoe lắm,central,
13029,Cứ nhớ Huế là răng hè?,central,
12537,Hoàng Mai thấy chi mô?,central,
10201,tôi chộ quen quen té ra nhà mệ ngoại.,central,
1777,"Mần chi có ai mần mẹ mà mần được ri hầy, Thương.",central,
6842,rứa để phấn đấu cho đủ đội hình i hè?,central,
15122,nghe em hát anh đang về hà tịnh bấy giờ lại về quảng trị rồi không biết về đâu bây chừ ? cảm ơn em hát rất hay.,central,
9293,bữa ni bỏ quy tắc bàn tay phải rồi.,central,
13402,Mi có ở Yên Thành méo mô mà biết.,central,
1391,Người nghệ hấn chân chất thật thà là rứa đó.,central,
8096,rứa biết mô mà đi đây.,central,
3998,"không tôm tép chi nựa mô, ra vinh đi bắt cá thôi bác.",central,
8213,"Trời ni bán xe điện hết ý, chủ tịch hè?",central,
16501,Răng em nỏ về bên anh,central,
15149,"HPL người con của đất Quảng Trị vừa xinh đẹp lại vừa hát hay ,bài hát về quê hương hay quá chúc mừng HPL nhé. HPL ở huyện mô của Quảng Trị rứa?",central,
592,Nhà choa không có xe ni nha.,central,
2039,Túi xách thùng nớ qua nhậu cá náng đi,central,
921,biết quán ni nằm mô không?,central,
24505,miền trung là cha mệ mà,central,
2973,"Lưa tuần nựa, ráng cày cho hết mấy kì cuối nha bạn ơi",central,
13450,Nhiều từ chưa răng chừ được nghe.,central,
983,có chơi không eng? tui vô,central,
13315,Rứa ổn. Chứ không dừ mất công hiến thân.,central,
10390,"""Lấy mần chi rứa nả, nhục 10 đời.""",central,
8656,Mần chi dám ló mặt ra đâu mà Núp như chi luôn.,central,
13846,Nam mô bổn sư thích ca mau ni phât cho con nhiều để sống 1 mình,central,
7548,Màu mè. Được vài bựa bỏ chắc dừ đó,central,
3238,"Chồng hắn nhảy chơ hắn nhảy mô, hắn ôm con đứng khóc nhìn theo dòng nước.",central,
21863,Choa ở Nghệ An còn nỏ hiểu nựa nói chi bây Thật là đẳng cấp quá đó mừ,central,
11221,"tụi ni tuổi chi mà đứng hàng chung nghề với anh, anh nghề bốc vác.",central,
7220,"Mình đoán không trật bài mô mà, răng nỏ thấy khi mô trúng hề?",central,
9866,"Làm gì mà khổ rứa, Ngọc Quốc hè?",central,
10401,"Xe đạp điện mô chộ mấy, mà chạy chậm lắm, giờ chủ yếu xe máy điện.",central,
11852,mả cha hấn chơ.,central,
11555,Rứa ai ăn trộm lái rồi.,central,
1821,"Cách chắc 10 cây số mà cổ sang chở tui đi chơi, rồi chở tui về tận nhà, thiếu điều muốn bỏ ngang trửa đàng nựa",central,
9959,Gấy Thanh Chương ta đẹp nỏ phải bàn,central,
9472,Rồi rứa là xong một kiếp người. Kiếm cho nhiều tiền để mần chi?,central,
7241,ả lên nằm trên mái tôn nhà em cấy không hấn bay.,central,
6471,"""định đi nhuộm mần đám cưới nữa chơ.""",central,
21096,Miễn Tây co mua là thợ móng nhut nha ni’,central,
10386,"xuống mấy lần chỉ cho ngó, có cho cầm về mô nà?",central,
8438,bảo vệ Đông Lương chi lạ rứa sếp?,central,
10318,Mần trắm vịt khởi nghiệp nhỉ 2 o.,central,
573,Tội vô hậu chưa! Tìm được người thân chưa ạ?,central,
23827,Ai xứ nghệ như tui ko :mần chi rứa ae,central,
11579,xài chi ở đó hè?,central,
2838,Nhận được nhiều quà răng mà o ngủ được eng hề?,central,
15075,"Hay lắm, nhưng 9 điểm, lê mận hát bài ni 10",central,
6836,Ở Vũng Tàu ngài ta đang kéo nhau đi tắm biển. Nỏ có chi mô.,central,
264,O Hằng Nguyễn có tiền mô mà rủ đi ăn.,central,
9530,tết dẫn mự đi tề. Cứ bảo về Quảng Bình không có chi ăn.,central,
9716,Em với hắn xuống khi sáng rùi. Bựa ni nỏ có quà quê cho cô nựa.,central,
1996,"ôi bạn ơi, đừng cười tui rồi bạn cũng đến chừ đó",central,
347,Chì chi rứa hầy?,central,
19124,Con nam mô a di đà phật. Con nam mô bổn sư thích ca mâu ni phật.,central,
7935,Đợt ni cán bộ đi mô đó rồi?,central,
6468,"Ai nhủ giữ khư khư mần chi, không chia 5 sớt bảy ra thì giờ vẫn ổn ông hệ?",central,
10839,giàu rùi sợ chi nữa em hè?,central,
9558,Mi không cho anh đi chi?,central,
7953,Răng hôm qua chộ trang mô viết nói chắc người được mời với dân cư vincom mới được chơi mà?,central,
6154,Ăn chơ nỏ biết ở mô.,central,
3949,Chi chi? Chơ gưn đẻ rồi. Mì được cầu hôn à bay?,central,
8739,"Đẹp chưa chộ, chết gần chộ, nghe chưa, mấy ẻm lo đi mần đẹp đi.",central,
8865,Đang ngồi rứa bơ tự nhiên nhớ sực lại,central,
6276,"Có cấy anh mặc áo sọc anh rửa cho, lo chi rứa mi.",central,
5961,tiền bỏ mô cho hết tê bà nạ.,central,
1975,Dân choa rứa á.,central,
7392,"clip ni cũ rồi, không phải hôm ni",central,
12168,tui cần một cuộc gọi vào tối ni. để lấy lại danh dự cho tui.,central,
7536,Đi nác ngoài đi em.,central,
7409,"""Bữa ni đổi qua đi xe đạp.""",central,
9056,Chuột mô? Chuột mô? Đưa em đi bắt cho.,central,
10481,"tui lạy sống bạn, tui hướng nội",central,
6224,Khổ dữ rứa hè?,central,
12138,"Vàng đợt ni tăng mạnh quá, mà khổ mự đeo vàng là toàn bị ngá.",central,
19176,Nam mô bổn sư thích ca mâư ni phật,central,
27648,Cái nhạc nớ em nghe rồi về dịch thì buồn cười,central,
3939,Bánh mướt cuốn ram.,central,
15353,Anh tủn ế muốn vk lắm nên mới làm như vậy chị ni ơi,central,
8039,"""gần nhà mà không chộ check-in nơi rứa?""",central,
11546,Ở cái chỗ mô rứa.,central,
8898,Bữa đầu năm có mấy đứa kể anh nớ gửi hình vô nhóm xong vẹ mấy đứa tìm thông tin cho hắn ta bơ chừ em nhớ lại đăng cho vui,central,
7268,"Cả em nựa, mần luôn nha.",central,
6752,"Rủ nhông về đi Đài đi bạn à,chơ 2 vợ chồng nhà bạn với 2 vợ chồng nhà mình cộng lại cù lẹ chưa được cấy móng ,Hàn Quốc xin vía Đài Loan đi.",central,
144,"chừ ông biết vì răng, máy phải có mật khẩu màn hình rồi chi nữa?",central,
2816,Cụng rứa chỉ khác là mưa như đổ nác.,central,
12300,biết chi không vô kể mạ nghe với.,central,
3355,khi mô cho mấy thanh niên đi hè?,central,
510,bạn có o mô thanh chương không giới thiệu cho tui o với mồ.,central,
6962,"""Đi khi mô đây mà không ới với hầy?""",central,
3932,"Ừ, chơ dưới ni bơi hết rồi.",central,
5804,một ký là 150 nghìn là đúng rồi chơ lừa chi hè?,central,
12500,Cái này chắc va chạm chơ ép chi nữa.,central,
20507,Ở Việt Nam không mần ăn được gì cả. Đại lực,central,
2327,Mua mô rứa anh.,central,
2346,Làm răng để ngủ sớm được rứa bây! Vẹ tao với bây.,central,
3219,Về EAON MALL cà phê luôn chơ sợ chi.,central,
1155,Sang bên rồi biết ai lại ai nựa mô chị mồ.,central,
12844,Mua cho mạ cái dờng mạ nằm o ơi. Chúc gia đình năm mới an khang thịnh vượng.,central,
9568,"Chị tài hè, chỗ ni em không biết.",central,
5899,"kiếm đi cùn em vai bựa nựa, đi lính chừng khóc chơ lệ.",central,
412,ai bày vượt kiểu nớ rứa?,central,
5592,bữa ni hàng điện tử nhanh hư quá.,central,
9311,Răng mất niềm tin rứa he?,central,
9626,Dừ mần răng mà tránh bão được dượng hấn hầy?,central,
2698,"Đọc xong lo ngang rứa trời, bình thường bé đó gần cu mình học luôn nữa chơ.",central,
10767,"Cun gấy họ Trần giỏi quá hẹ, trừ tui ra.",central,
21757,Con nam mô bổn sư tích ca mâu ni phật,central,
8212,ngủ gì đứng lại mi? Trừ khi va quẹt tê chơ.,central,
12948,"Nhục mặt thiếu thì gọi eng cho vài thùng, chơ mần rứa có ngẩng mặt giữa xã hội này không?",central,
28106,Mấy ô ni ko lo lo ô răng thưa nhất nhìn gian lm,central,
8852,"cười chơ sợ, về dưới nớ không được cười nữa.",central,
10580,Đợt này ông mệ ngoại có làm thêm chắt chắt ( hay gọi là hến ) ai ăn ủng hộ mệ với ạ,central,
1639,Đứng đoạn mô không chộ?,central,
7310,"""Tưởng ẻ bốc tay ném luôn mới hại chơ.""",central,
6898,ông Hóa mệ Loan trên chỗ nhà máy xi măng chị tề.,central,
12246,Răng mà vô đọc bình luận chả ai nói vì răng mà toàn nói chi chi rứa hè?,central,
8914,Rứa là bao nhiêu khách đổ về nhà nớ chí mô.,central,
14099,"Chi coi video ni ban dem, lam minh chay nuoc mieng luon ne Khoai oi",central,
2647,"Trời thì mưa tầm tã thế mà, còn mẹ ngủ mô rứa không biết?",central,
6009,cấy ni nhờ Nhi Hoàng mua cho.,central,
21845,Ah em hội an mô rồi ta,central,
2147,Phạt đến 5 củ chơ ít mô.,central,
1815,Dụ chi rứa bạn?,central,
2711,"tao dặn mi răng rồi, kêu đừng tin người mà mãi không nghe là răng Quỳnh hè?",central,
12490,nhanh không ông Nam cụng rụng hết răng dừ.,central,
9240,"Kêu o học tập, về nhà xúc gạo cho gin.",central,
6634,"Mô anh. Ơ tề, làm gì có ạ.",central,
10104,"""đẹp người đẹp cả tính cả nết anh hầy. Anh hoàng vớ được cục kim cương anh hầy?""",central,
10898,Con gái bữa ni không buôn ma tuý thì làm đĩ.,central,
8442,"Mùa mưa đến rồi chơ “chuẩn bị vào thu” chi bữa ni nữa, qua trung thu cả tuần rồi.",central,
11414,"ê nhắc thèm à rứa, tối ni triển cú hè?",central,
4024,"""Bác Tuan Nguyen khi mô vô Hà Tĩnh mần bữa bác hầy?""",central,
7331,Cụ có chụp đéo mô. To rồi đang hay rầy.,central,
7906,"Mệ nhảy cái, lưng thẳng luôn. Yêu mệ.",central,
5413,"Trái dâu da! Hồi nhỏ, tui ở núi, tui ăn trái này, hái ở rừng. Hồi nhỏ gọi rứa.",central,
10771,"""Có ai can chi không rứa, mong bình an""",central,
11171,Mạ mua để sang năm nậy lên nữa chơ.,central,
1541,Loại nị đem ra dựa cột chơ học hành chi loại ni.,central,
22982,Nam mô A Di Đà Phật Nam mô Bổn Sư Thích Ca Mâu Ni Phật Nam mô Dược Sư Lưu Ly Quang Vương Phật,central,
2702,Bứa ni không dám ngồi góc nhà hát nữa.,central,
16323,Bà hỏi kì anh có tủ lạnh to nớ là Dino thì phải :))),central,
877,Làm bánh mướt là có hàn the nên rất hại sức khỏe.,central,
9671,"Trả chơ, muốn chi nựa bạn.",central,
6181,"""Có mẹ nữa hay răng chộ 7 hè?""",central,
22601,Con ni hắn bị tăng động à tụi bây.,central,
2749,mùa ni là tháng mấy âm lịch rứa admin?,central,
2771,Cảm ơn tấm lòng vàng của vợ chồng em. Ngài quê choa thật tuyệt vời nạ!,central,
24571,Mần cấy chi rứa cha giọng Huế nhoa,central,
6609,"Ai co số tài khoản chi ấy cho minh xin, minh biếu chi ấy 500 nghìn.",central,
25432,Nam mô bỗn sư thích ca mô ni phật phim rất hay,central,
10010,có chuyện chi thì chộ làm tóc nớ khóc ròng chị hi?,central,
7582,Thấy cầu ni sợ hại hề.,central,
20504,"cả nhà nói chuyện quá hiền hậu dễ thương. Khoa và cha nói chuyện đầy yêu thương, mẹ và con gái vừa mần vừa nói chuyện quá ngọt ngào. tình yêu chính là đây chứ tìm đâu xa xôi",central,
910,Học một tuần rồi chưa chộ chị ni.,central,
7843,"kệ á anh, em nói rứa chơ xóm làng họ không báo thôi mình nhúng vô làm chi?",central,
6776,Không bình tĩnh thì mần chi được bạn. Tới mô tới chơ.,central,
1749,"Nghĩ răng rứa mà làm được hay trời, chán",central,
3082,tề ăn di tê.,central,
21931,Dân nghệ nhưng nỏ hiểu bác đầu video ns chi,central,
10604,"""Tôi mới về nhưng món ram tôi lại không ưng.""",central,
2383,mai có ly trà sữa mô không hè?,central,
2512,Trừ khi buồn ra là khi mô cụng tình cảm nha bạn.,central,
6844,mở rượu chứ có mở vàng mô mà nhìn dữ rứa!,central,
23389,quỳnh nhi nói tiếng Nghệ An giọi hầy,central,
12651,"Thật chơ, coi đi coi lại vẫn cứ ngạc nhiên rứa em hệ?",central,
25913,cô ơi chỉ em viết chữ nờ đi cô,central,
6032,hèn chi ăn rồi ngày mô cũng đòi đi Đông Hà.,central,
5881,khổ quá thì nói anh nuôi cho chơ làm chi mà dại dột rứa em.,central,
1175,Mô mà cực dữ rứa.,central,
7012,tao có lẹ đi bứt cỏ với mi nhiều nhứt hầy?,central,
5408,Đẹp chì chi hề!,central,
789,"""Có chi là có chi bạn?""",central,
24793,Ô chu choa moạ ơi mi làm cái chi rứa hẹ,central,
11355,"Bựa ni ở lộ mô nỏ a rứa , chắc chi Hà Tịnh đã bình yên . Khi mô xã hội hết ma túy mới bình yên nha bạn",central,
6212,"Đúng nha, mà thấy chị em toàn lấy mô mô chiệu nha,",central,
6479,"trời ơi răng mà tội rứa hè? nhìn mà khóc á, đoạn ni góc khuất quá hả e?",central,
11280,em mần chi ăn tạp bằng anh.,central,
1810,anh vẫn ở vinh chơ mô em.,central,
1410,"bạn hạn chế đăng a ri, bà tui ở nước ngoài chảy nác mắt.",central,
6354,"""Nác bui ni để khi thất tình uống đúng không hầy?""",central,
15065,Quá hay hí,central,
11622,"Chi chi rứa trời, đúng là không thể tin được.",central,
8094,Có hiểu cấy chi mô,central,
9960,má khó rứa mà cụng bịa được hề?,central,
5328,Nhìn thấy FE CREDIT thì có xinh mấy thấy củng bưa chè.,central,
2909,Đẻ rồi lưa chi nựa.,central,
11948,"Không, vẫn sáng mà, đâu tối như ri mô?",central,
21936,mk cũng người Nghệ An mà nỏ hiểu j hết á,central,
2252,"Anh đi qua thôi. Chứ lộ đó đất chật người đông, mà không quen ai nên thôi.",central,
8451,Ok rứa thôi chí hắn năm nựa chưa đi mô chị.,central,
1704,hại không biết răng yếu còn nhai được bánh tráng trộn nựa không?,central,
2939,"Đoạn ni mà ai đang thua thôi chơ, ai mà thắng mà chưa kịp về mới cay.",central,
2145,"Túi một/9 mới mưa, túi 2/9 không mưa bạn ạ.",central,
11294,Nấu canh chứ tầm ni om dưa chi anh.,central,
6538,Cho xin facebook ả ni cấy bạn.,central,
11736,nghe thành phố vinh cấy hấn sang hẳn.,central,
19921,Chu choa ui nhà gái giàu quá có lẽ là đại gia,central,
15365,Biểu mặt của chị ni rất khó tả,central,
12836,"rứa dừ ý anh răng, ưng không em mối cho luôn nì.",central,
329,cho miềng lên tin tức Quảng Trị với hè?,central,
3189,"""Bựa mô về ta đi hè?""",central,
11779,Giỏi chi mà giỏi rứa hay.,central,
2517,"""Say thì nói say chơ răng eng? Uống vô rồi sợ máu hắn khác đi chơ răng nữa eng?""",central,
6980,Túi qua mới nghị răng dạo ni mọi thứ đi theo quỹ đạo quá cấy sáng ra cại chắc luôn,central,
8782,Hai mạ con chở chắc vô lấy tiền nì,central,
5619,lần ni không mất dạng mô này. Ai mà muốn hẹn cái lịch là đi liền này.,central,
13853,Nam mô bon sư thích ca mâu ni Phật,central,
21738,cho mình đính chính lại 1 tí ở 0:14 nha : tau đi ga ni không phải là tao đi ga ni nha,central,
7705,Năm mô về cũng ăn đỡ sèm.,central,
12941,Mặt đẹp trai ri mà lì rứa.,central,
10628,"khu nhà mày lúc nào cũng ngập trước, may mi về Yên Định á",central,
7737,Trông đọi nác mắm trong là thấy uy tín rồi.,central,
1835,"""Đau chi mà chết giống nằm ngủ, ớ tội rứa hè?""",central,
2441,"Tự chúc nhau thôi, có ma mô để ý mô mồ.",central,
13058,Hải Lăng toàn bị ri hè?,central,
2652,"Cách đây một năm thì nói lọt còn chấp nhận được, chơ chừ, chịu rồi em ơi.",central,
15080,Năng dịch ở Sài Gòn mở bài ni lại thêm nhớ quê. Có ai quê Hương Sơn - Hà Tĩnh chào nhau cái ạ,central,
12345,mẹ Đông cho em xin trang top top của Chang với. giờ nghiện mất con gấy chị rồi.,central,
10083,Nhà ta 3 đứa góp xây 3 tầng chơ hè?,central,
1486,Còn nói hết mô nựa!,central,
11349,Yêu mới khóc chứ hết tình cảm quẹt khu quan tâm,central,
8079,tui mần được cho bạn cái gọng hi?,central,
6477,coi lợ vô chỗ miềng nhắc mạ.,central,
2492,3 thằng hay thể hiện ri nỏ mần chi mô e hầy?,central,
13187,"Lên lịch đi mồ, qua dừ đang xem đây.",central,
12665,Xin đi khúc mà làm chi căng!,central,
371,bữa ni đừng chê anh lười nha bạn.,central,
2042,"thèm giờ, cũng không làm chi được",central,
9048,Chi tội kinh rứa trời!,central,
7247,"Yêu Nghệ An mãi đỉnh, choa nói là mần chắc rồi. Không màu mè phông bạt mô nà.",central,
22180,ok mình cũng đi làm hồ nghe bài ni mà cảm xúc,central,
963,"Cả nhà đi nhởi, chắc tau đi học.",central,
11120,"Mấy gia đình đang nợ tiền hắn thì răng hè? bùng à,",central,
10801,Túi ni tau mới về,central,
21505,Nghe riết cái giờ sắp mần dâu xứ Nghệ rồi nàng ơi,central,
11193,Bựa mô về thử sức khoẻ cấy,central,
2180,"đang ăn răm bánh mướt Hà Tĩnh, trưa ăn mì Quảng Đà Nẵng rui,",central,
1432,Quê choa đẹp rứa.,central,
7499,746 là chi rứa mấy ả?,central,
10851,"Cái ni thì không thiếu bạn oi, xuống thử biết vị của Yên Thành mồ.",central,
13456,NAM MÔ BỔN SƯ THÍCH CA MÂU NI PHẬT NAM MÔ A DI ĐÀ PHẬT,central,
11796,"Chưa tiêu chuyển tui, tiêu hộ cho, họ không lấy nữa mô.",central,
2917,Chi dại rứa em ơi.,central,
11542,Huệ bữa ni có bụng rồi. Còn mô như trước để lấy giải.,central,
451,"Bình tĩnh, Anh không ra chi thì theo bồ e ơi, chị tui nói rứa.",central,
2416,oke luôn tưởng chi chơ ni dễ.,central,
13670,Hạnh phúc đơn giản chỉ là có anh ở bên cạnh sống đến cuối đời. Đơn giản chỉ là một ành mắt. Một cái nắm tay. Một cái ôm nhẹ. Hạnh phúc khi cùng anh trải qua tuổi thanh xuân. Hạnh phúc khi trong trái tim của anh có em. Hạnh phúc khi ta thuộc về nhau. Tất cả em chỉ gói gọn trong ba chữ wo ai ni,central,
8871,Do đọc giống bơ nhiều người viết rứa đó,central,
5848,Mô. Công ty cho làm ở nhà o ạ.,central,
5860,"Nhà bác đi Đài một năm ra răng, khoe cho người ta học theo tề.",central,
5146,Quán ni là chủ người Trung Quốc thì nói chuyện chi nựa.,central,
548,"Mô biết xe không khoá cửa, mà sặn tới mở lấy của người ta, như thiệt vậy hè?",central,
8532,"thiệt, mô dệ lừa rứa hi?",central,
25120,Đúng đệ NỜ TỜ NỜ,central,
10130,Khi mô mời về ăn thử cấy cậu.,central,
737,"chị ni bình luận đúng ý luôn vẹo cổ, đi qua nhà là tui hơi rén.",central,
10422,Bưa bưa thôi kẻo còn bộ xương,central,
14631,Chị Hà Hà hí ơi em tên là Lê Quốc Đạt,central,
11743,"mỏ mi chơ, 6 tháng chưa có hớp mô.",central,
11292,Quá xứng đáng. Khó chịu vô cùng rứa hầy?,central,
11922,tưởng đi nhởi quên em rồi nựa.,central,
23412,người Nghệ An mô rồi,central,
12565,"Vô khi một giờ á tề, tầm ni có chi nựa mô.",central,
3036,"Ký ức của tui, tuổi thơ của tui. Nấu cám lợn ăn khoai lang liên tục.",central,
9954,nước nớ uống vô là vui đó eng.,central,
5403,Chỗ mô bố trạch ri hè?,central,
1311,Hắn báo hắn không nhận được quà 20-10 hắn giận à. Thông cảm năm nay đói kém mi ơi.,central,
5690,"Thât chơ, ít nựa lên thành phố chứ chẳng chơi.",central,
5583,tới mà lấy chơ nhắn tin chi nữa eng.,central,
9031,"Chao ơi thằng con. Ri bơ nhớ thêm, nhớ đọa chơ có bớt nhớ mô.",central,
13479,Tôi đang học buông để sống an hơn mỗi ngày. Nam mô bống sư thích ca mau ni phật,central,
3295,Răng bạn hầy?,central,
21563,Hát hay nhưng nhạc ko ưa nỏ hay tí nào,central,
10409,chú ni đi bò với choa suốt.,central,
6960,Nhủ thầy đi quốc bựa tề.,central,
1668,"ừ, rứa hợp lý hung.",central,
14528,Khí ni dễ núp bụi nên mới lành lặn như vậy chứ topi nghĩ vậy.,central,
11612,"Đức Quang, ba chục năm nựa chơ mấy.",central,
9951,"Thương lắm quê hương mình, rứa mong may mắn cho cả gia đình.",central,
9128,"mưa to thành lụt rồi chơ mô nựa chị hệ, ôm con ngủ.",central,
1655,"rứa hỉ, nghe thần tài nhỏ!",central,
14115,"ôi chợ gắn bó tuổi thơ, giờ cứ tới Tết lại nhớ ngày xưa, hẹn năm sau về chợ Bến Ngự... mấy lần hẹn năm sau rồi , Cám ơn anh Bình đã ghi lại hình ảnh này. Toàn là các o các mệ thân quen không à.Mệ Lê bán chè, hàng thịt của mẹ em nữa.",central,
6660,Rồi bữa ni chú bỏ nghề.,central,
8566,giống dãy anh Hùa ri hè?,central,
2902,"""Mở ra thì có chộ chi nữa mô?""",central,
8956,Rất nhiều món ạ. Mời mọi người. Đăng không ngạ ạ,central,
5605,Rứa là nhịn cả thảy hầy?,central,
1309,Xe con chỗ mô ra rứa hè?,central,
8682,Tết ni về là đẹp nhít ni.,central,
1009,"ri ra đường đừng nói học sư phạm nha, họ nỏ dám đưa con cho mày mô.",central,
7578,dạo ni mạnh bạo ghê rứa,central,
8356,Nói chi nựa. Sang háng bơi về ta mần địa.,central,
11638,Chị này giỏi mua kẹo phỉnh cùn nít thật,central,
22114,Nam mô bốn sư thích ca mâu ni phật.Nam mô a di đà phật.,central,
12504,"Chắc em làm không ăn không ngủ, chơ 5 năm chưa chắc có cơ ngơi a ri mô.",central,
11374,đem về cho ông bà ngoại rùi chơ mô nữa?,central,
10543,chổ mô lạ lạ ri 2 xiều?,central,
16815,Có là cái chi rứa anh,central,
8335,Giúp xong đau trốc đó. Dân ni hay bươi lắm bạn ạ!,central,
12702,"""Trốc trên hay trốc dưới ạ?""",central,
8371,"Học sinh 12, 3 tuần nựa thi tỉnh, thức đến một giờ sáng để cại chắc",central,
22964,Hiiitau cũng thanh hóa tê tề,central,
15522,con lợn ni,central,
19115,Nam mô bổn sư thích ca mâu Ni Phật Nam mô bổn sư thích ca mâu Ni Phật Nam mô bổn sư thích ca mâu Ni Phật con xin cung kính đảnh lễ Đức Phật. Con xin cảm niệm công đức của đức Phật,central,
6922,Dệ thương ri biết.,central,
864,ghét nhau hay răng mà chặn cho lủng đít rứa biết?,central,
791,Răng nước xanh rứa hì?,central,
7662,"""Bạn ni lấy chồng cùng xã nè, bạn ni thì cùng xóm.""",central,
1674,"Ai pit cụ mô, nói rứa trúng mô trúng.",central,
11504,"Mấy o, mấy ả, làng phường mô đây mà dệ thương ri hè?",central,
13690,Nam mô bổn sư thích ca mâu Ni Phật buông xuống hết phiền não đó dẻtu hết mọi phiên não .từ lúc sông vui cám ơn,central,
11893,"o nhìn hiền lành, thiệt thà quá hè, đều nghe kỹ cũng hiểu sơ sơ được câu chuyện.",central,
7745,"Quê choa có loại đặc sản trấn mấn, ai cần choa síp tận nhà.",central,
11127,Răng mà đưa tin lung tung rứa hề. Làm hoang mang. Phạt cho nặng.,central,
5890,Cấy ni chú rể có khi gọi mẹ vợ bằng em hẹ?,central,
5399,"em cũng rứa á, với bộ môn đi cấy nữa.",central,
8779,Bút có mực nựa không hè?,central,
10631,khi mô công ti mình mới được ri?,central,
9780,Thèm thật nhưng Hà Tĩnh có ai bán kiểu ri mô.,central,
6347,"chủ tịch định thâu tóm cam lộ à, mô dệ rứa.",central,
5953,"Đúng rồi, cây chi không phải của mình thì cụng nỏ tham làm chi, mang tiếng cho nhọc.",central,
12416,"hấn đang bị mù quáng, thẩm răng nổi tau.",central,
8304,Bị bắt hết lô ni thì khóc luôn. Cười chi nỗi.,central,
3245,Người mô mà đẹp gấy ri hè?,central,
13194,Năm ni gần nhà nó mới chết chơ?,central,
2971,"Về thằng ni không được rồi. Để anh em bàn lại cách sống cấy, chơ nghe khung ổn.",central,
28,Mần lại y không hắn gãy.,central,
2479,Nhà ả được cấy nói đúng tê,central,
12257,chừ 3 con chơ 2 mô nựa!,central,
10584,Cun gấy dân choa đẹp chi chi,central,
1875,"""Đúng rứa O hè, Nỏ biết trấy chi?""",central,
8598,Dừ muộn rồi đừng đoán nựa mà lợ hấn trúng cụng không can chi mô.,central,
11600,Tiền mô lắm rứa hè?,central,
10866,bữa ni từ thiện đang được đề cao á!,central,
3943,gái cưng của ba mi cũng khác chi?,central,
8118,"""Loa lên ri thì liệu có bảo vệ được không hè?""",central,
9977,Trướt rấp đi cấy.,central,
8018,Tau hại không có đồ mà nấu thôi. Chứ bây ăn là khen ngon liền.,central,
9859,"nhiều người mắc rồi mà vẫn cứ chơi rứa, chứ ai mượn hai triệu không giám cho, sợ không trả đó.",central,
21916,E cx ở nghệ an mà nghe đc có mấy từ vùng e ở ns chắc cx dễ hiểu hơn mấy ông bà trong clip á Nghe nỏ hiểu chi cả rành khổ ni,central,
5667,Cấy ni là tốt.,central,
1992,"Em đi với, khám xong răng ta đi làm tô bún hải sản chị hầy?",central,
9372,Đứa mô bựa trước hỏi Vinh có biển không mô rồi.,central,
9424,Thèm bánh mướt ram quá trời.,central,
5939,Địa chỉ ở mô rứa bạn?,central,
11831,"Lấy rồi vẫn không chịu học, không biết mô tê chi cả.",central,
998,ảnh ni chộ cách đây 4 năm.,central,
13310,"Mẹ tiếp viên hàng không, ba việt kiều Đức đó chơ giỡn mô?",central,
19170,NAM MO ADI ĐÀ PHẬT... NAM MÔ BẢN SƯ THÍCH CA MÂU NI PHẬT,central,
7963,"Khi mô admin với em uống hè, em gấy Hương Sơn chính gốc.",central,
1961,Ổng là cái quái chi mà tụi bây làm ghê rứa.,central,
95,"Món mô cụng ngon, sèm chảy nác méng.",central,
5706,Chao ôi nữa à mới lúc sáng vụ trên ni giờ vụ ni nữa.,central,
5219,"Chờ thằng Nam Đàn nớ mần ri mà nó lại đi cắt bỏ, chuyển hệ chơi na.",central,
21147,Trốc tru là thông minh đó !hehe boyyy:],central,
6579,bán hay cho ai rồi chơ mô nựa.,central,
2213,Quán bị đốt bán đắt khách quá bơ ghen ăn tức ở đây.,central,
13080,rứa thì phỉ đẻ đứa nựa rồi anh à.,central,
9475,"Rứa á, ngày mô em cũng đi qua nớ.",central,
7181,Dân Đài Loan chi cũng biết hè?,central,
2555,"Xe miềng để 5-10 nghìn trên xe, khi mô có việc gửi xe thôi vô mà bợ.",central,
2689,"Hà Tĩnh choa nói mô hết nữa, đứng giữa Bắc và Nam luôn chuẩn.",central,
11495,hoảng rứa hầy? Mưa bạo thì có thịt chó gánh chi?,central,
7503,"Chơ đang ngủ, chơ ăn uống chi giờ ni mẹ hề?",central,
17219,Em bị gì rứa,central,
8177,chừ không dớ mô với mô nữa rồi.,central,
7732,Khoe ảnh nước vô nhà o coi mồ?,central,
22647,Nghe như trẻ sơ sinh rứa á,central,
9622,Tiền mô mà nhiều rứa bây.,central,
10365,Tag mình vô mần chi. Cốt mấy ả con gấy thôi.,central,
10723,"""Lúc nớ em gần già rồi không đi nổi hè?""",central,
10566,"Nhiều món nựa chơ, ra Hà Nội nỏ có, về Hà Tĩnh mới có.",central,
9037,Đáng lẽ tối ni bị nhác không đi mô. Mà tự nhiên thấy muốn có cảm giác đi trại lại bơ đi với ba mẹ lên chơi với em tui rứa đó,central,
9454,rứa chư khi mô cụng nói không có tiền.,central,
2664,Nhật Hoàng đứng đó làm chi rứa?,central,
9335,"Đi chù biết, khóc cấy chi mà khóc.",central,
28607,Tôi cầu cho tất cả mọi người không phạm tội để không còn thấy cành này nam mô bốn sư thích ca mâu ni Phật cầu tất cà chúng sanh được an yên,central,
3393,"""Họ đi lặt mô rứa hè?""",central,
6285,Tra trốc rồi đừng mọc răng nựa.,central,
7988,Ả nhỏ Lệ Hằng nì ngày mô cũng đi qua.,central,
11231,Nhà ả ni xã mô? Mai qua xin con lô.,central,
11465,"Ren đánh con gái rứa cha , hén mà mất dại sút vô cái mỏ thèn bồ á",central,
10575,Có cấy chi trong nớ cho tui coi với,central,
13439,cắp nách 3 con khi mô mà theo đúng không o?,central,
15778,chúc kênh chị hà sam và các a trong team thật nhiều sức khỏe để ra thật nhiều vid cho chúng e xem dạo ni chị hà sam 1 tuần đăng vid 1 lần hóng vid chị hà sam lắm mà chị làm ít quá ac cố gắng làm thật nhiều vid cho chúng e xem cho nó đã cái nư đi ạ,central,
8697,Khám phá thôi chơ đẹp ri tê.,central,
1763,Chộ Em ni rồi.,central,
9498,"""Người ăn không hết kẻ làm không đủ, lấy mần chi nhiều ăn mô hết mà tham lam rứa.""",central,
2901,Cộ Loa chưa bàn giao về ở thì làm sao biết nhà nào cóa con gấy.,central,
17160,"T nghe a kia gọi b xuống mần chén đạ mô, là ấm cái bụng. Kk. Đúng tình người nghệ an .nhớ quê quá",central,
2265,thì cứ xin rứa chứ hắn có cho mô em.,central,
10624,Về mô nhủ mà coi.,central,
44,"Để rứa mà đơm ăn thêm vài méng, chơ ngồi phòng điều hoà mần chi.",central,
9232,"Thái độ phong cácj lái xe i chang Trung Nguyễn , không trật đi mô được.",central,
6140,"Tết đi nhởi với tau, cho con Trâm ở dà.",central,
6358,"Con được tí ri mà nhủ con lái cả cái xe to rứa, bố có lẹ chi chi á",central,
13517,Nam mo bon su thích ca mau ni phat,central,
13026,chị làm chi đẹp gái như rứa em ơi.,central,
12111,tau hại phải đến năm 2080 mí chạy được.,central,
14015,Nt lại rứa nèo quên hết kg nhớ duy huống hồ Chí Minh châu còn gọi là MV chớ dại hẹn một ngày gặp rồi mình châu có dám kg nghe Hương chi nói thằng béo nói hay quá chớ làm thì chưa,central,
2637,Bà tui cũng 6 chị em gấy nha.,central,
2021,rứa mà không nghe kể chi hết hè?,central,
2426,"Nhìn mà thèm chảy nước miếng luôn, nhưng xa quá về mần răng được đây.",central,
11574,Xin ông bưa bưa kẻo cả hàng hoá đầy ướt hết.,central,
1180,Còn như năm ngoái nựa không để đi Nguyễn Mỹ Hằng. Năm ni cho bà Hương ở nhà đi.,central,
12060,mãi không thấy ảnh anh trên ni hè?,central,
12848,thằng mô thương tau gửi vô ít coi mồ,central,
15082,Nghe mấy bài ni thấy thích mấy chị em xứ nghệ ghê luôn,central,
10322,Rứa có kịp ra viện để hôm ni đi cưới không ạ?,central,
7338,"Thôi ngủ cho lành, chơ giờ ra hấn thổi lên ngọn xoài thì toang.",central,
11327,Em mần chi được lãng mạn ri.,central,
2621,Nhà tui cũng có 6 chị em gấy.,central,
1644,"""rứa giờ làm rể ở mô đó?""",central,
11277,Bỏ tiền túi ra chi chứ!,central,
16441,"Quá tốt, thêm có MTQ giúp đở thêm cho hai mệ con.",central,
23857,họ nói là cái chi mô mà ko thích cứ nói thích mà ko phải chao bắt mi nói cái trốc tru nhà mi,central,
5197,Răng mà đỏ rứa bay?,central,
16838,Mấy đứa nhóc thời này quậy quá à Tối nay đừng có quậy chủ quán Tý hầy thầy hay là cô nó Lào một phát 3 tới Mỹ luôn á,central,
2019,đi bảo vệ biển đảo chơ bà lơn được mô?,central,
9971,Răng chưa khi mô chộ cho mình ăn nhỉ?,central,
6044,Năm ni có tính set kèo nựa không?,central,
23438,Chị ơi em hiểu chị nói cấy chi nhá tưởng em nỏ biết hả,central,
13668,Đi tới đâu là buôn bán bầy hầy tới đó.,central,
2634,"Đức Thọ ở xã mô đây, để đi ngắm chuyến hầy.",central,
8707,à té bữa chừ chồng mình giảm cân để chui lọt chỗ ni à!,central,
6234,Gửi vào tài khoản tui rồi tui chuyển hộ cho.,central,
21280,"ô dễ hiểu mà để dịch cho mn vài câu lày:alo đang mô là alo bạn đang ở đâu ,chu choa mi rưới con cái nhà ai mà xinh mi rưới là con cái nhà ai mà xinh dị tròi á:)))",central,
11232,rứa thì chỉ báo đời thôi eng ơi!,central,
15393,Mệ đan xem video mà nghe ad đọc câu trăm năm hp gặp vạn kiếp luân hồi vãi lèo,central,
21254,dễ nghe mà bây mần chi mừ ko hỉu,central,
5660,sắp mần. Chưa ủng hộ được đồng mô.,central,
9693,Trang trời bữa ni để tóc đen cho lành.,central,
11946,Răng năm ni khắc nghiệt hây?,central,
6006,"Tát cho vênh mặt đi, đúng gặp em tui thì cụng chôn luôn.",central,
5436,"chỗ mô chỗ mô, cho xin cái địa chỉ.",central,
12206,"để em thử em cho cảm nghĩ với lại mọi người nhé, chơ đừng nghe thằng ni.",central,
13794,NAM MÔ BỔN SƯ THÍCH CA MÂU NI PHẬT Bạch Thầy con kính Chúc Thầy thật nhiều sức khỏe Thầy giảng pháp rất hay & đầy ý nghĩa vui lắm Thầy NAM MÔ BỔN SƯ THÍCH CA MÂU NI PHẬT,central,
5681,chở đi mụ Đen em quất 3 tô ni.,central,
10531,tụi bây ác chi kinh rứa bây,central,
10503,Răng không thấy anh ở mô?,central,
9087,Các ông chỉ tui xem con gấy lộ mô hầy. Chứ tui nhìn mãi nỏ ra con gấy.,central,
13098,"trộm lên để túi uống, chơ không có bạc để mua.",central,
5707,"con ni người nghệ an à, giỏi hầy?",central,
345,bữa ni mà còn người người.,central,
1176,Răng tội quá con từng đó mẹ bỏ cha mô rồi?,central,
8880,"Mô chị, nỏ đi thi chi hết, tự nhiên hôm ni lướt Threads bơ thấy trường Chuyên Lê Quý Đôn, rứa là biết đồng hương rồi nên vô bình luận đó",central,
10770,"Có một câu nhai mại, chắc sèm lắm",central,
11966,"Nhìn xăm trổ vậy thôi chứ cha nạt cấy là vô rửa đọi ngay, rửa không trật đọi mô.",central,
12682,Gấy vinh ai cũng xinh nhỉ?,central,
8282,Thùy Linh là chi rứa chị ở phố đi bộ hồ tùng mậu đó chị?,central,
12292,Mấy năm rồi chưa được ăn lại món ni đó. Ngày mô cụng thèm.,central,
5153,Mệ vẫn bán quanh đi quẩn lại khu vực đó.,central,
21584,"Nụ cười của thiên thần là đây chứ đâu, khuông miệng mần chi khéo vậy ko biết",central,
12270,"Nghe hỏi mi dân mô. Nói dân Vinh, nghe sang hẳn.",central,
11011,"""Sợ hấn lại lừa sạch túi.""",central,
2122,"Choa nỏ biết nựa, chộ cấy ni cũng hay mi hầy",central,
7792,"Lịch sự đó chơ, mai tới trả tiền, làm chi căng",central,
1127,Bữa ni mô có trấy nữa,central,
9280,Ló chín rồi mưa bão chi nữa.,central,
8490,o mô Điện Biên mà sút ác rứa anh?,central,
1084,"Vẫn không thấy chủ 10 triệu bình luận, chi cả em hầy?",central,
13070,chừ mới biết vì răng cua hay cau mày rồi.,central,
24014,Cây mấy rứa em có zíp ra Quảng Bình không,central,
757,Trên cả tuyệt vời. Khi mô đến giờ mới thấy một bác sĩ.,central,
8360,Mưa khi mô mà ri?,central,
1328,"Không phải mô, tui lo gọi ra rồi như ở ta.",central,
11317,"Đúng rứa em ạ, trong cuộc sống mần chi có theo hướng một chiều.",central,
1671,Người mà ngang hàng với tru,central,
1335,Rứa chơ họ nói hắn xin chụp! Rờ rờ thật.,central,
725,Yên Hòa sau cây xăng đó không ngập gì hết. Nên đất khu vực ni sẻ đắt.,central,
10897,"Tau có quen ai mô, tau chừ bình thường, hết thời rồi, nói đúng cũng thành sai.",central,
6904,Đắng vô hậu luôn,central,
10233,"Tuyệt vời quá Hà Tĩnh quê choa rứa đó, yêu nước nồng nàn.",central,
2459,ở mô mô nói khang khang quảng nam mà có thấy đâu ta!,central,
5636,"Có ai công nhận thịt náng ở Kỳ Anh siêu ngon không, chơ ở mấy thành phố đi mô ăn cũng không chộ ngon",central,
12336,"Trời dễ chi chất cây rơm đâu mà, đốt của người ta rứa trời, ác thiệt á chớ!",central,
13366,khen khung ngạ mô bạn,central,
2164,Nấm rơm mô nhiều rứa bạn.,central,
8522,Nhìn ngon chi chi!,central,
285,"ni mà, về duy xuyên khen thưởng chắc xếp hàng mệt nghỉ hỉ?",central,
10929,"Lễ vào thăm nhà Bác mọi người ơi, đi mô cho ngái",central,
9361,"Ngày trước mô được màu hồng ri, mà cũng lấy chắc đó.",central,
15180,Hay quá nghe mãi mà không chán tự hào là người quảng trị :))) gio linh bên ni bên nớ vĩnh linh :)),central,
21315,Mần chi rứa ai bt không,central,
19891,Cá ni cho tiền củng ko dám ă,central,
9906,Đúng rồi đó. Chi cụng biết.,central,
9515,"chị hén xấu đi, hén mừng nên cười đã rứa á",central,
7724,Quân ni to cả mà nhởi nhớp ri bây.,central,
11939,Ngập lụt a ri nổi chi được.,central,
5616,mi đi lạc mô để người ta nói ri.,central,
3215,mấy thằng mô giữ rứa hè?,central,
8467,được cấy nói rứa thì đúng chơ tán gấy thì trật.,central,
12572,"Bây mần ráo cả con rứa vẹ, ít chi bây trừa lại cho họ cân lòng chắm ruốc chơ.",central,
24672,làm là mần nhé chị,central,
12707,eng ni to rứa mà qua thì Xỉn phải gắn thêm một ô nhỏ hơn nữa cũng ok hè?,central,
12897,"Giờ muốn mua mà xa quá, thì mần răng hề?",central,
6963,Tiền của anh em cả chơ của chi trung tâm mô?,central,
10899,ai biểu mi đi cuối cùng chi cho họ hiểu làm?,central,
8521,"mấy ngày mấy đêm chơ chộ ri thì đoạ hè, hóng quái!",central,
16298,Anh nớ là a nào vậy vy?,central,
1197,"hồi đó tới chừ hơn chục năm rồi, mau dữ hè ?",central,
7526,Đúng 28 mùa đông rồi mà chưa khi mô hại mùa đông như mùa đông năm ni cả,central,
470,quán mô rứa chị hè?,central,
6935,"Thích chắc ram bánh mướt, chà không thích bánh mướt cuốn giò.",central,
11023,Con gấy nhà ai mà xinh ri hầy!,central,
11290,"Răng mà hắn nhỏ ri hè, bể mình đặt to hơn chơ. Xong thấy mã số bể khác bơ gọi hỏi, chừ con bé bán mới nói bể to hết rồi chị nờ, còn bể ni thôi.",central,
12893,"tề xe tề. 2 ả em đèo chắc đi học, sinh rầy.",central,
6793,ra Đông Hà chơ khô mẹng eng.,central,
13265,"2,3 năm ni cắt tóc chứ có làm tóc mô mà biết.",central,
13237,Cun gấy nhà ai rứa hẹ?,central,
23429,Mẹ hằng nói tiếng nghệ an giỏi hầy.em biết vài từ thôi,central,
6944,có xe mi trong ni không?,central,
6589,"""Tuyệt vời mấy o mấy mụ ơi!""",central,
9347,Đạ có tiền ăn Tết mô na.,central,
9690,Mua chỗ mô mà nộp rứa cháu.,central,
10374,"""Gia Hưng nhà tao chắc chơi không bỏ sót trò mô hè?""",central,
8450,"Ai nhanh tay rứa biết, nhặt hết xoài rụng rồi",central,
6245,đến đoạn nớ có đi được nữa không á.,central,
9116,bạn nói ri nỏ trách cùn gáy Hà Tịnh đi chỗ khác lấy chồng.,central,
6143,mới đập chắc mô đó mà chừ tra rồi hi?,central,
2874,chi toàn phong cách mi rứa.,central,
19103,Năm mô bổn sư thích cả mâu ni phật,central,
1344,"Tay đeo nhẫn, với cấy đồng hồ đại chang, mà chi lạ rứa em hè?",central,
5409,kỉ niệm tui đưa bạn về xong tui bị mắc lụt năm nào?,central,
1179,Răng vẫn đủ 40 cấy?,central,
12813,Ngày mô cũng lên chờ mệ ngoại ngủ để ra nặn chín không?,central,
7021,Tiền ở mô mà đồ về nhà sếp Mailisa rứa trời?,central,
2245,"Nàng thơ ni giừ già rồi, không đi chụp ảnh nựa.",central,
20800,"trời ơi, tuii đã mê cái ông anh rồuu... Giờ nghe giọng ông em, chu choa mạ ơiii. Mừi Điểmmm",central,
13015,"""Thứ hại dân hại nước thì 'oanh liệt' chi họ?""",central,
14007,From Từ Hà nội nhớ xưa du lịch Huế qua . Thanh binh đồng bào thân thiện . Quang Lê vui ghê . Vui hí ..,central,
1349,"túi mô lên sớm gọi soạn chi giải nhiệt cho mát, ngồi nhà cũ được.",central,
9963,"Để cho chuyển đi, chuyển xong người mới khôn. Răng dễ tin người rứa biết?",central,
12535,Cuốn ra rứa mà đứa mô chê được tau cũng lạy.,central,
7480,"Cho mấy mụ đợ cại, mấy mụ cại thôi rồi.",central,
327,Ở côi tầng 3,central,
15553,Đề nghị mần theo kiểu tây phương đi nhanh lẻ đỡ áp lức nhanh lẹ còn động phòng nữa ? Múa mái nhiều kiệt sức,central,
7698,"hộn có lẹ, chửi mạ cậu luôn rứa.",central,
24756,Chuẩn giọng choa rồi,central,
10090,răng rứa chị? Không lấy thì cho em được.,central,
162,Mi không định nậy hay răng mà tranh xách lồng đèn với trẻ em?,central,
3237,sáng ni nghỉ hay răng thảnh thơi bình luận dạo rứa?,central,
8224,"tuần ni lễ tê, răng mà đi",central,
8267,Làm chi có bữa khác nữa?,central,
22600,"Câu này vui nè:Ai bảo làm rứa ,rồi giờ than lên than xuống mệt đi nờ:))",central,
8694,Sale Huda chi cũng biết. Cha ni làm trong nghề chắc luôn.,central,
13213,Răng trên đời ni có loại người mẹ mà không phải người ri hè?,central,
6249,chi chơ phải mượn sống ảo đã nở.,central,
13354,Tau 2016 báo cha mẹ 6 triệu tội đi tớp hớp coi hắn bán pháo.,central,
12272,Đi uống méng nác không?,central,
12902,"Tag vậy thôi, chơ mình hỏng nói chi nha.",central,
1490,"ai rứa chị, bạn ni bán hàng chi à chị?",central,
1221,hôm mô rảnh đi thử cho tỉnh người ra hè?,central,
20581,E tính qua cần thơ á c...nhưg k bk đi đâu..nhưg giờ là phải đi chợ nổi cái răng rồi..cảm ơn c hương,central,
1758,Man ni Quảng Trị miềng toàn mất tích.,central,
23529,Team Trung hầy :D,central,
6524,Xã mô mà căng ri bạn?,central,
8971,"bữa ni ngó hiếm cụ hè , hồi tê toàn vô cầu trỗi hái.",central,
13104,"""Thì ngoài ni vẫn vô thăm nuôi em được mà lo chi linh?""",central,
7314,Mi ngá chỗ mô rứa? Ngá trên hay dưới?,central,
10973,anh Phong 12 giờ túi ni gọi taxi chở mấy em ra đường tàu sau Mường Thanh.,central,
10195,Ri thì vẫn chưa say mô.,central,
1400,Cun ngài dừ toàn sèm mấy cấy ni thôi.,central,
21,Răng mà rứa hề?,central,
9246,"""Làm đọi nác chè bạn hè?""",central,
9909,"quá ngon Dì hè, giờ thèm quá, hay Dì cháu miềng mần chuyến Hà Nội hè?",central,
9096,"""ở đoạn mô để em kiếm 2 triệu cấy?""",central,
1136,"""Chộ ni năm mô cụng hot hè?""",central,
24569,Quảng Nôm đâu rứa hể,central,
28555,"Thật bất ngờ khi những cây thuốc nam quanh nhà lại có công dụng bổ thận tuyệt vời đến thế! Video chia sẻ rất chi tiết và hữu ích về các loại cây như cỏ mần trầu, mã đề, diệp hạ châu... Cảm ơn kênh Nhịp Sống Xanh đã giúp mình hiểu thêm về y học cổ truyền. Mọi người hãy lưu lại và chia sẻ để bảo vệ sức khỏe nhé!",central,
707,"Thằng em dại, đứng chụp ảnh phông bạt chơ kém rứa.",central,
2520,"""Nằm ở xã mô rứa hè?""",central,
1420,"Thầy giáo mà đẹp trai ri, các em mần răng học được em ơi?",central,
12182,Mưa toàn nác chứ có phải mưa cả nác mô.,central,
26011,Nhìn anh Huy ko muốn rứa thôi chứa chụp ảnh cưới đẹp lắm,central,
10251,có ông hồng mô làm công an nựa.,central,
2727,"mô anh đạ qua đức mô mà biết hề?, nới ngơ ngơ rứa.",central,
60,rứa là tết ni hội họp được rồi.,central,
13046,Ở mô mà không biết để qua nhận hè?,central,
9630,Đội ni sang phải mặc vest chơ.,central,
36,hôm nay tiền mô ăn sang ri.,central,
28712,"Ngày xưa sông suối sạch sẽ vô cùng tắm thoải mái bây h quá ô nhiễm ,túi ni lông thì mắc kín 2 bờ",central,
7084,cấy nớ mới thiết thực.,central,
1450,Cấy đuôi ni chưa cắt được.,central,
12407,mấy lần xông ra đứng trửa đàng tau muốn tông hắn luôn.,central,
2679,Được cấy về đi chơ Hồng Lộc không ai mời cả.,central,
6777,"""Có con nớ răng mắt trợn rứa mày.""",central,
6440,Dân lại khổ chi chi rồi nà.,central,
8035,Khổ chi chi bà con ơi.,central,
2394,"Cụng ý nghĩa đó chơ, toàn vào những ngày lễ lại thêm gắn kết gia đình.",central,
8432,kêu Minh Ngọc trả tiền bia cho họ làm chi bôi bác rứa?,central,
14972,Giá rẻ...tôi mua vé ở hãng ...giá rẻ( cheap air) nhưng giá vé không rẻ chút nào. Tôi mua vé của hãng mắc( expensive) nhưng giá vé rất rẻ... Tại sao phải thêm ...giá ...để làm gì??? Hay tiếng việt thời cộng sản hán nô...phải rứa??!!,central,
841,"quên mô được, chị nhỉ, nhìn đã cảm giác mùi thơm nức mũi rồi, còn có món bánh sắn nướng nữa mi.",central,
11372,khu nớ chưa lên quản lý được.,central,
11012,Khi nớ cò sống nựa không nả. Mà còn sống cụng khung nhai được cu đơ nựa bạn ơi.,central,
8823,Có tiền không giữ được đưa tui cầm hộ cho chơ?,central,
3319,ở mô em đã mua mô.,central,
10424,Chị em ni lâu rồi không chộ.,central,
5855,"Tui cũng người Nghệ An đây. Ai kỳ thị kệ, choa là đồng hương Bác Hồ, sợ chi.",central,
5940,trấy chà là ngon rứa hè!,central,
6376,Sáng qua tui mới chọc mấy chị môi trường. Vật xuống làm chi để chừ phải chổng khu đợ lên.,central,
8922,Cắt thì cụng cò mần chi được mô,central,
1043,"30 đến mồng 1 mà chưởi chắc ri rồi, huống chi ngày thường",central,
12441,Mới gió lướt qua tí mà ri rồi. Bão vô không biết răng nạ.,central,
8967,"""Sợ chi cùng lắm thì tháng về 2 ngày lo chi?""",central,
11864,"thương cháu thôi chơ, em không tới lượt nuôi mô chị.",central,
2797,lại nữa đường chơ mòn mô nữa chú.,central,
13061,"Ok, em phải theo chị bữa, chơ ló bán tươi rồi không phải phơi.",central,
2464,Thử mời tao nồi lẩu khế cho biết giá hấn răng tề.,central,
28259,lê minh trí em yêu anh tony ni nhơ,central,
538,"Bọn mô là bọn Quảng Trị, vả vỡ mồm mi dừ.",central,
11021,"Bạn chơ tui nhìn, tui mắc mửa rồi.",central,
2347,khả năng còn một nạm xương anh nạ,central,
10529,"kèo ni lão sư đi với lớp Nhật nì, có đi với bọn em mô?",central,
17249,Nam mô Đại Từ đại bi Quan Thế Âm bồ tát. Nam mô bốn sư thích ca mâu ni phật nam mô a di đà phật,central,
12653,Ơ thế con ni sống giả với mấy eng,central,
3356,Bác có chạy giải này chớ? Vào gia nhập cho bui.,central,
26607,"""HÍ ANH EM""",central,
11481,"mày năm 3 thì coi ủng hộ đi, chơ choa năm cuối rồi.",central,
26675,Cả team chị hà hà hí nhảy đẹp quá đi mà,central,
11640,"""Đấm có cấy mà răng khó thở rứa, rành khổ.""",central,
12868,nỏ biết nhắn chi mà gưn 2 tiếng rồi,central,
9120,"Té mô anh cũng như em rứa hè, coi lấy điện thoại vô nước khỏi sài.",central,
2639,Rau ni mớ răng nấy o?,central,
10157,"Rứa là cun gấy Hà Tịnh điêu với nhác à bạn, nói cho hết khung hần chưởi chết rấp.",central,
7262,nghe nhọc ngang tê bây nả!,central,
10968,Trang mô đưa tin thì đóng trang nớ mà xử lý. Nói chi cho nhiều hè!,central,
3366,"răng mày gan dễ sợ ri Đạt, dám chơi họ luôn",central,
3135,Nựa tau mới biết hấn với người yêu cũ ăn rồi nhắn tin với chắc,central,
6690,"""Có biển số xe máy tìm thì ra tên trộm chơ chi khó hè.""",central,
1556,"Nhật Phương, Quỳnh Chi chắc thêm cho bằng hè.",central,
10668,Bữa đứng lại thấy họ đi bơ đi luôn.,central,
6727,Đăng ri cho nỏ ai thấy à hay răng anh?,central,
8560,Ngày đi qua lộ ni 5 lần,central,
8393,Về không? Hay là ở bên ni chuầy trửa nhà nả?,central,
1603,"Quà cáp quan trọng chi hầy, miễn mỗi người sống với nhau vui vẻ hạnh phúc là ok.",central,
6474,bác cụng nỏ thua kém chi hẹ?,central,
8907,Chị có phải con cấy mệ Huê không?,central,
9902,Nhắc nhẹ mấy đứa toàn nói bạn bè với chắc mà đăng ảnh không thèm thích,central,
7379,Mự mà vắng mặt chộ ni thì cò lẹ.,central,
23521,4:21 bể đọi tề,central,
13482,Nam Mô A Di Đà Phật. Nam Mô A Di Đà Phật. Nam Mô A Di Đà Phật. Nam Mô Bon Su Thích Ca Mâu Ni Phật,central,
6024,"Mua kim chỉ, thì có chớ tiền mô mà mua kim cương hầy.",central,
7902,học cùng khoá cụ mô ra lắm rứa.,central,
10729,Ả ni ở cồn sẻ à?,central,
5352,"Khi tối, bạn cũng mần 2 bó hoa tặng cho người thương. Thực tế rứa nà.",central,
6728,Team ni lụm giải bạn hè?,central,
17132,Bún chả quán anh sơn ta cũng chấm chẩm chéo như rứa. Quanh ngã tư bệnh viện Á,central,
12055,Ri đúng bệnh viện quá tải là đúng tê.,central,
11604,"lạo lụi mô rồi á, chưa chộ mô hết.",central,
7740,Dạ công an chặn nơi cầu bơ con vô mần méng cafe tí đạ.,central,
25421,Nam mô bổn sư thích ca mâu Ni Phật nam mô a Di Đà Phật. Mình xem Bộ phim và tất cả cảnh vật trong này mình cảm thấy nhớ về một nơi nào đó rất là xa xôi,central,
24857,"Cha tổ cha mi con tê, mần tau cười rụ i tê nạ, cười lăn lộ rún i tê nạ",central,
6590,Nhởi nhiều chổ rứa? Ở bệnh viện mà còn nhởi được nữa,central,
2307,khách xịn đây chơ mô nựa.,central,
6725,Để thu cho có tiền chơ không thu lấy tiền mô ra.,central,
5658,Chú bựa ni trèo cao rứa.,central,
28032,Chị hằng che lá cọ sai rồi kìa cầm lá cọ phải cầm ngang chứ rứa không phai là cầm dù đâu chị tuyết cầm ngang là đúng rồi chị hằng ạ. Mà hôm nay 2 chị mặc đồ xinh thật đấy,central,
19037,Nam mô a Di Đà Phật Nam mô phật bổn sư thích ca mâu Ni Vâng ạ,central,
8470,"hèn chi thấy cái hàng rào quen quen, bị chi nặng không em?",central,
13210,"tau mua xe thì mày cứ tin tưởng vào tau nghe, không như ri mô.",central,
5245,"Hỏi bà ở mô, qua Hà Tĩnh mà đánh với bà tê.",central,
10890,"ừ, tội òm, còn nhỏ chơ phải mô.",central,
2714,Từ điển của Hà Tịnh nhiều chứ phải mô được từng ni bạn.,central,
9388,"rứa bên bộ phận Môi trường, ngày mô quét dọn vệ sinh không thấy à bạn.",central,
11974,Nhà tui cũng 6 đứa cun gấy.,central,
7709,"Chắc dân miền biển nhà bay biết cá ni, dân miền rừng nhà choa không biết.",central,
7821,rồi 15 độ dậy đi nựa tề.,central,
9648,răng biết ngon. Tưởng rứa là dễ thương đỏ?,central,
8196,Nhà tài trợ Đại Phát và Lô Trung Hà mô răng họ không đăng hậy?,central,
7896,Bổ nghiêng chứ. chi ri.,central,
8706,"Tui báo chính quyền eng ni đấy bậy nghe, tra rồi còn đấy ngoài đàng.",central,
7393,Tôi muón sử dụng ngôn ngữ thực sự.,central,
9172,"""Chi chi em hỏi bạn nay bạn ở đâu vậy?""",central,
8897,"Cha trời, ai mần cho ông Tiền ra ri.",central,
7778,mô tơi nỗi thèm cỡ ni anh?,central,
3968,ai yêu chơ miềng là chảy nác méng!,central,
8627,Chú thấy tô răng nạc nạc rứa.,central,
9430,Anh có lẹ lên đây suốt i chơ hẹ?,central,
7299,Nỏ có món chi ăn được tê!,central,
772,Dân choa kiểu nói là mần.,central,
5361,Chị chưa chộ ai làm rứa luôn,central,
1169,"Lễ lạt xong rồi, say cả rồi hay răng mà sáng ni nỏ chộ ai cả rứa các chị hè",central,
14267,N mô a Di Đà Phật nam mô bổn sư thích ca mâu Ni Phật nam mô quán thế âm bồ tát nam mô 10 phương Phật rước ba mẹ con ở nghệ An về đất Phật,central,
13709,Ram cuốn cải Hải Phòng cô Vân ở địa chỉ mô rứa hè?,central,
1560,Con chi dử tợn dử tặc ri.,central,
15067,"Cô giáo xinh đẹp, hát hay rứa",central,
19036,Nam Mô Ta Bà Giáo Chủ Bổn Sư Thích Ca Mâu Ni Phật,central,
5969,"""Nghi Thái choa can chi không bay ơi?""",central,
1621,Cho em hỏi món ni để ri ăn luôn hay cần chế biến chi nựa không cả nhà?,central,
9508,Đi mần mà ngá tay?,central,
11706,Năm ni chi chi rứa hầy?,central,
3334,"Anh đang ở mô, chiều qua khu đô thị Xuân An mần cốc mồ?",central,
6287,anh biết chi mô cái thăng.,central,
9867,Mấy ông tham nhũng nhìn đó mà thấy hỉ. Bứa sau có cắn thì cắn nhè nhẹ thôi hỉ.,central,
8223,đi ăn thử hè?,central,
9652,"""Bình yên mà nghèo thì về làm chi?""",central,
2732,"Cá ni làm món chi được các bác, nấu như thế nào ạ? Đừng cười dân miền núi nha.",central,
5875,bố sơn năm mô cụng xinh.,central,
11498,"bác nói bậy nựa, nhà em mới cắt ló xong.",central,
8723,"o nầy mù màu rồi Móm ơi, không biết mô.",central,
6515,ta đi bữa nớ chắc sẽ ít ngài hơn.,central,
17112,Nam Mô A Di Đà Phật Amen Nam Mô Bổn Sư Thích Ca Mâu Ni Phật,central,
14010,"Ôi Huế quê mình,dễ thương rứa Lê nã",central,
234,Trời ni mần xị nựa!,central,
7045,Đái cả quần nhủ chi thay 3 cấy.,central,
12520,về choa tưởng tau ăn cướp nên tau ít về,central,
2108,"""Ngày Phụ nữ đâu phải ngày Nhà giáo mô hè, mơ ảo.""",central,
13138,Dừ không trộ ai nuôi trâu bò chi nựa hết.,central,
10887,"""Hướng in rứa mần răng đến ta được?""",central,
1703,"""Trời sao mà người hại người rứa hè?""",central,
10654,"vô nồi riềng xã, khi nớ chạy queng hả, mỏ hỏi chó tui mô rồi.",central,
9090,ri thì khi mô mới lấy được vợ hè?,central,
10175,"thời đi bít cỏ, cỏ không có rứa là biết ló bị họ bắt giam.",central,
8966,"Nghiêm cấm bạn đăng mấy ảnh ""bứt rứt"" ni nha.",central,
13295,"Đông Hà miềng có bé Na mô không ta, năm ngoái không có rồi",central,
13102,"Đó bữa đực cha mô bình luận, nói tộc mần cái chuyện thất đức, ni chừ sáng mắt ra chưa",central,
6952,"""Bữa ni tiêu chuẩn bộ đội cao mà lo chi?""",central,
860,bữa ni Giang hồ dữ ri à!,central,
3996,"Mần răng mà thiếu được bố Nam Hoàng, mẹ Minh Tran Thi, Yến Nhi hè?",central,
2155,"Thấy bưa chè, ác nhơn, con nít hén có tội tình chi.",central,
31,"Lạo mần lạo như thổ địa chân cầu Cửa Tùng chưa nả, vô mà bắt ốc đi mi.",central,
2572,chắc cú ni đầu tư mạnh mới ri.,central,
7773,"Kiểu chi cụng có, em có một xuất đặc biệt thổi sáo cho anh.",central,
7720,"đi hè, đừng cho mụ thương đi",central,
10909,"răng không hỏi con em bổ nơi cục đá mô đó, chú ra đợ cho.",central,
12352,Nói như người nậy i,central,
9042,Chuyện nhỏ nớ họ không bận tâm mô em.,central,
12338,rứa hơ mô dệ ăn rứa?,central,
9255,"Mô mà dệ ri hè, làm chuyến du lịch Thành phố Đông Hà kiếm lúa thôi",central,
12422,Rứa xin bạn tặng 2 cấy.,central,
1679,Mần chi có quê nội.,central,
7156,"Khổ chơ, vợ nói tới là hung hăng.",central,
8881,Tháng trước không đi chụp photobooth đợt mô cả rứa bơ tháng ni đi bù nì,central,
3057,Khi mô lên kèo gặp nhau cấy hầy,central,
9144,Mi cười cấy chi CAM LỘ?,central,
5785,"Nhìn chị thật thà từ tiếng nói luôn, thương chị quá.",central,
263,Chi mà đốt cho cháy đen ri bay.,central,
2672,"An ninh mấy giải ni kém hè, không thì dẹp luôn đi.",central,
23368,người ta là xin chào là ni hăo mà mấy người đó nói gì nữa,central,
21007,Ở bên ni sang bên nớ,central,
12128,Quân ni dừ chắc đang treo lơ lửng.,central,
16384,Bữa ni quay hơi mờ,central,
7126,Bão ni nặng bụng không chạy nhanh được mô.,central,
6316,răng lọt cái mặt mi vô chi nữa rứa!,central,
10940,Giờ bãi bóng thành rọng ló hết rồi . Nhớ hầy!,central,
6412,Phương bạn tôi à hay răng rứa.,central,
16329,Người con gái huế dễ thương Em chừ gửi bóng nơi mô Cầu bao nhiêu nhipem còn còn nhớ không.,central,
13097,tao quên nhắc đưa xe tao giữ cho rồi ưng đi mô đi tề.,central,
21153,trốc tru dịch ra là đầu trâu á,central,
1109,em tui bựa ni xinh gấy ri hè?,central,
10206,"Bác đang ở chộ mô? Nổ địa chỉ, 500 anh em Vinayuuki bờ tui có mặt ngay!",central,
12593,"Chơ ở trong nớ, mà đòi răng.",central,
11780,"""Mụ mô không biết chứ bị công an dí cũng nhiều lần rồi.""",central,
27184,Puf vaya istoria que tiene la chiquita tan niña un consejo no tardes mucho en decírselo para que no se qtea discriminada con el nuevo niño y consúltalo con el comandante del cuartelillo para evitar posibles problemas futuros saludos posdata lo que tuvo que pasar esa niña con el esposo desi madre para pasar de el total mente ni le a lo ni se acercó ni lo miró,central,
9725,"Không biết nữa, chộ mần hay quá chị na.",central,
11391,"đẹp ri, Năm nay mệ con cô ra em mướp dắt đi chơi noel hậy?",central,
10075,Ecopark nằm cạnh sông cạnh đê. Nên không lo chi mô.,central,
5936,"Chồng tau dân chuột, nhà tau ăn, mi ăn không tau gửi cho.",central,
21591,Tiếng quê choa hay ơ ri mà... Mần chi ở mô có... Sống đất bắc nhưng vẫn giữ dc giọng nghệ... Sao fai đổi... Kkk,central,
15348,"Mặt bà ni thấy nhìu clip k makkup thấy đã có nét rồi ,giờ makkup như mấy diễn viên điện ảnh vậy đó",central,
5109,Mần không thằng khác mần mất à.,central,
25463,N am mô Bản Sư Thích Ca Mâu Ni Phật,central,
2106,Chộ thì sèm mà ăn căng thì được 6 cái chơ mà ngày mô cụng ăn được.,central,
10615,"Không sót game mô, rứa mà vận chưa trúng.",central,
5359,Răng ác rứa bây?,central,
16918,Ghét mấy người nợ dai rứa á,central,
2626,Thôi thì bạn ở vậy đi cho cha mệ đợ rầy.,central,
5292,"Khu ni đi chơi thì tha hồ sống ảo, thanh mát, sang trọng quá.",central,
15164,"nhà đài ơi,cho em nhan nhu với ca sĩ là, quê em, cũng đi đánh giac giúp cho quê chúng nó, mà hát cho quê ai hay như rứa, nói giùm với ca sĩ, cũng lên hát cho quê em hay như rứa, xin hết",central,
2625,Nhìn ngọt nác hầy,central,
13263,ban ngày không đông như ri hè?,central,
6290,Tội thế. Răng mà khổ trùng khổ rứa trời.,central,
11501,Mệ tra rồi mệ hẹn cháu cho chuẩn. Cháu còn trả cho họ. Mệ người lớn cháu tin mệ nốt lần ni.,central,
10027,"chị vẫn nhớ à hồi nớ, xe ni của chú diệu phải không hề?",central,
7489,"""Có suất mô nữa không để cho con đi theo công ty ni với.""",central,
12263,mi ngang đi trại chớ trường mô mà chứa nổi mi,central,
12976,Lạo ni mần bài thơ tiếng Nghệ giỏi bay hề ? Choa có lời khen cho lạo đó nạ!,central,
5088,Đài Loan nhỏ lắm o ơi. Ảnh hưởng mà không thấy mưa chi cả o à.,central,
24366,E đi đám ma ở lại mấy ngày chừ lỡ rồi cũng nhiễm rồi chừ biết làm thế nào hả c,central,
12377,nác chi mà xanh lè xanh léc rứa.,central,
11179,Tui nhát gan thì số một nhưng mà vì 15 nghìn vẫn một chắc chạy vô khoa nhi để giao,central,
13044,"Gớm, tao xuống chộ nhà to nhít, đừng có phét lắm.",central,
7860,Gần đến Hải Phòng tui đây rồi chèn. Có khi mô tui bay về Nghệ An không?,central,
1054,Mô ra hay rứa?,central,
11350,Rứa chị là quê ở mô rồi?,central,
8456,Khi mô cũng sèm món ni.,central,
17158,Quê choa thật bình yên. Ẩm thực thì đa dạng và tuyệt vời...i love nghệ an!!!,central,
12088,Tau cụng thích nhưng mà tau không có ai tặng. Nhưng mà tặng thì tau thích ting ting hơn.,central,
21412,Nỏ hay gì cả,central,
9394,Ăn xong mần ngụm nác chè phê nhức nách.,central,
6877,Khung lưa chi nựa bà con ạ.,central,
10962,một thời 2 đứa miềng hay lang thang chị hè?,central,
9065,o mi cũng mê nơi chơ chi?,central,
24196,cái chi rứa hè Miền trung Quảng Bình nì,central,
5721,Răng đi mô ai cũng tưởng cùn gấy ri hè?,central,
17162,Chợ ni gọi chợ chi á c Nga,central,
6817,Đăng từ lâu đến dừ có chộ được méng mô mô.,central,
7834,"Nhà anh ni ở mô hầy, để đưa sách vở đến.",central,
9763,Cúng đặt giữa nhà ri chộ tiện lợi hi?,central,
8469,răng không lái xe bịt bùng qua chở bọn hắn đi cú.,central,
11224,Dân Quảng Trị miềng không tham mô eng ơi?,central,
12780,"""Tuần mô cũng ghé chỗ ni.""",central,
670,"Ci rứa e, Bảo Thắng hôm ni còn vui nưa.",central,
6380,bựa mô đi về nhanh gọn hè?,central,
11258,"Xịn nhởi, Vinh giừ đông vui cấy chi cũng có nì, nghỉ lễ về có ngày hội yoga to lắm.",central,
598,"""Mưa lũ mà sao cha mẹ lại để con tự đi rửa hầy?""",central,
12461,Những lúc ri thấy ngài to là một lợi thế.,central,
7288,mần chi ích nước lợi nhà cho 11 điểm là được rồi.,central,
2190,Bạn thân ơi mần tý mồ.,central,
10483,Bỏ phố về đi chăn tru thôi,central,
5199,Đứa mô bày đàng cái trò ni?,central,
6250,Mày mần thử tao coi mồ.,central,
2444,Ai nhủ con không đưa bố đi đúc răng mới cho bố.,central,
15101,K phải quê choa .ma nghe còn nghiện.team 20 chào 37 ạ,central,
25469,Nam mô bổn sư thích ca mâu ni phật nam mô a di đà phật nam mô đại từ đại bi quan thế âm bồ tát,central,
11017,Tau thấy con vợ thứ Bắc Ninh của cha bạn này được đấy.,central,
1619,"Nhớ những đêm xà vào quán ngô náng, khoai náng, thịt náng, thơm xỉu!",central,
364,Răng không vênh đầu lên cao như khi phóng xe như tên lửa nữa nhỉ?,central,
6054,chị mô khun rứa rứa hè?,central,
11805,Đó là thằng tê có bạc! Coi không có bạc thì a răng biết liền à.,central,
9719,"Thôi bay à. Không lẽ về được ba bựa mà gặp i mưa lụt rồi, ở nhà ngủ ni chơ.",central,
6063,Đức Thọ quê nội tui răng có nhà nghèo rứa hầy?,central,
13821,Con xin trí tâm đảnh lễ nam mô bổn sư thích ca mâu Ni Phật Nam mô a Di Đà Phật Nam mô mười phương chư Phật chư đại bồ tát hiền thánh tăng long thần hộ pháp con xin tri ân thầy,central,
1252,dạo ni chăm lo việc xã hội rứa chị.,central,
8477,"Giàu rồi, chơi chi ba ni.",central,
5967,Qua khu ni check-in rồi lấy ảnh mà đi thi luôn bà ạ.,central,
6846,"""Bữa ni Mưa lụt đến nơi rủi, nghệ an ơi!""",central,
7085,Vô chơi thôi à? Có mần chi nữa không?,central,
13059,"Biết mà, hắn bẩn bẩn, mần có khi mô nhận gọi nỏ nghe là biết mà.",central,
9316,Nói rứa thì quẹt khu.,central,
22212,chị mần cho em cười vỡ mồm rồi,central,
17105,Nam Mô Bổn Sư Thích Ca Mâu Ni phật ‍,central,
173,chơ ăn bún thịt nướng mà qua đường rứa phiêu quá.,central,
7576,"Sáng cầu hôn, tối cầu hồn là có thật rồi nà. Rành khổ chi chi.",central,
2221,"Chi tội rứa trời, cầu trời cầu Phật, cho họ sự sống!",central,
7650,"mi chạy qua, chạy lai, còn được huống chi lọt khe.",central,
3070,"âu cái số, mà đi mô lộ nớ rứa nà?",central,
157,ri mà có bài viết chi mà chưa khai trương đã gây mất lòng.,central,
493,Sài Gòn bữa ni nhiều vụ lạ.,central,
19114,Nam Mô Bổn Sư Thích Ca Mâu Ni Phật Tâm Con Lúc nào cũng Có Phật,central,
9767,Chộ mô nghệ An đó?,central,
965,Mạ vợ in vợ rứa bơ eng về có cơm mà ăn khung? Nồi thủng tê bơ lấy chi nấu keng?,central,
12510,Thương thầy cở ni rồi còn chi nữa.,central,
20782,Anh chị đúng là Bồ Tát cứu vợt chúng sinh khô Nam mô phật Bôn Sư Thích Ca Máu Ni,central,
1831,"Chính xác, ngày mô ăn cụng nỏ ngán.",central,
6204,Trách chi ngày mô cũng có xoài trong cặp.,central,
2371,"""Có khi mô thấy mời mô mà biết?""",central,
6648,Trả tiền tau mồ.,central,
517,"Miềng mần chi có, đi kiếm củi, kiếm tre làm giàn, kiếm lá vằng nấu nước hết ngày tê.",central,
9437,"mần chi ốc dộc rứa eng ơi, lấy bia Heniken mà uống.",central,
9220,"""Lần ni chuột hết chạy sang đàng nhen.""",central,
2897,Túi ni không thấy chú đi làm.,central,
19239,100 cuộc gọi của tề chu,central,
19311,ở Đà Nẵng bao nhiu lâu ni vân chưa ăn mỳ quảng ếch bao giờ :))),central,
9527,Ở đoạn mô Quỳnh Lưu ri?,central,
716,yếu mới sợ chơ bạo sợ chi bạn.,central,
23084,Phải nói xứ nghệ nói chung các món ni được mọc lên từ Sớm.,central,
1610,Bọ đi hay ở nó cụng không khác nhau là mấy.,central,
6162,có chi mô mà đi lắm rứa không biết.,central,
17,"đại gia tương lai đây, chơ mô nữa bạn hè?",central,
153,Mần tau đi học ướt hết ống quần.,central,
9877,Em mần chi được như rứa chị.,central,
25425,Nam Mô Bổn Sư thích Ca Mâu Ni Phật.Nam Mô Minh Tuệ Phật Thế Tôn,central,
6078,"""Noel năm ni , điều muốn cũng đã làm được rồi , nên ở nhà ôm con ngủ cụng thích.""",central,
13078,"chạy ẩu ri kêu xui chơ phải, đường hẹp mà chạy khiếp.",central,
6896,Áo mô cho cấy.,central,
12230,O ni nhà tui mà.,central,
54,trấy nhỏ hơn trên ni hè?,central,
18809,NAM MÔ BÔN SƯ THICH CA MÂU NI PHẬT,central,
3283,"hèn chi, túi mô coi phát trực tiếp",central,
9947,răng mi thị phi ghê rứa,central,
8144,"Ầy, anh có vợ cụng chưa vợ, ả có chồng thì nói bỏ chồng rồi.",central,
843,Toàn Việt kiều tương lai. Ra ri bầy tui phụ hồ ở Việt Nam khi mô theo cho kịp biết?,central,
2638,Ai mà chụp hình mình lên đây ri hè?,central,
8146,Xinh hết nác chấm,central,
17253,Nam Mô ADi Đà Phật Nam mô Bổn Sư Thich Ca Mô Ni Phật,central,
10509,Mong rằng mấy cái đứa trốc tru ni bị thầy chửi cả năm rồi thì đi thi không có sai ngu nựa nha,central,
23630,Cho mn 1 câu miền trung dịch hôn mik [tụi bây đi mô rứa cho đi với mồ],central,
6630,chi mà kinh ri eng?,central,
2835,Khi nớ ta đi máy bay chơ không đi cao tốc nữa.,central,
12841,"Gấy hà Tịnh không chửi chồng quá 180 phút mô, vác cộc hấn đuổi thôi",central,
23182,Nghệ an dân choa nói dễ nghe mà,central,
13917,"Chu choa! Nhìn ngon quá, thấy thèm.",central,
10029,"bạn ngồi mô, không chộ nơi.",central,
8253,tỵ ni không có răng nơi.,central,
10081,"Nhắc tên facebook đi dì, chư bình luận ri anh không chộ được.",central,
11632,"""Có bạo đẩy mày về chơ xe mô chạy.""",central,
3150,"Khi mô họ về hội thảo, kêu công an là tụi nớ bỏ chạy mất dép luôn.",central,
11420,"mi đập đầu mần chi, do lỗi camera hành trình của cu lắp hôm 29 Tết tại Trần Phú đó.",central,
5559,Ngoài Bắc vô làm cái cổng hình cu đơ nằm trên cốc nác chè nữa chơ.,central,
23518,Chị Khánh Vy có gốc Quảng Trị không rứa? Vì em nghe khẩu âm của chị rành giống giọng xứ Quảng,central,
12972,"Tui có tài bốc phét, nên tui ứng suất ban tiếp tân học sinh mới bạn à.",central,
28242,cái ni vừa hay vừa hài,central,
12366,"""đứa mô bít mau là hắn bít xong về. Mềnh đạ bít chậm còn hay nằm nhởi nựa""",central,
7541,Mình có bia Hà Tĩnh mà anh. Cần gì bia Hà Nội hay mô mô à anh.,central,
935,"ni lên được 3 chỉ chưa, chớ vàng hạ rồi đó",central,
2364,Hình như có mẹ cái thằng đăng bài đang bán bánh mướt đó.,central,
11657,chú Hoàng Hoàng Bính đi kiểu chi rớt rứa rồi.,central,
8722,Răng không lấy gấy Hà Tĩnh mà nị phậy ra Nghệ An?,central,
1600,Có trường hợp mô ma túy bồi thường được án treo chưa eng? Hỏi thiệt đó nghe.,central,
13876,Mắm rò rứa chú ơi.,central,
5783,"O nhà nó báo quá, cha mẹ nó tống đi rồi, hết 3 năm mới được cấy nhà.",central,
3130,"""Có bị răng không hè?""",central,
10431,Kì lộ ni có phải Giang Cafe khung hè?,central,
6146,"Lúc đó không biết răng đã rụng chưa, còn nhai được bánh tráng trộn Sài Gòn không nựa.",central,
450,Biển ni thoáng mát quá hầy?,central,
2976,Phải nói ăn quả mô biết quả nấy. Hấn ngọt lịm mà chắc nịt. Quả bằng kì chén uống nác trà,central,
2454,"""Bác lại rờ rờ nựa rồi.""",central,
3197,"Càng ngày tao càng chộ cái suy nghĩ đi kiếm tiền về làm nhà, hắn răng răng ơ he?",central,
21492,Kỳ Anh choa mô cả rồi,central,
954,Tui điểm danh nhưng tui nhường cho anh em á.,central,
12463,"""Tôi có nói được là Hà Tĩnh mô?""",central,
923,Cấy ni diện chộ mô hầy?,central,
27718,"Tôi ở Các tiểu vương quốc Thanh Nghệ Tĩnh, nghe miệt riết rồi quen, nói qua nói lại cũng chỉ có rứa.",central,
6916,Mưa chi hung rứa hi?,central,
10428,"ma tuý chơ hè, viết tùm lum đọc không hiểu.",central,
5997,"Dạ tuổi mô cụng lấy được mự hè, còn thở là còn gỡ.",central,
5313,Học mần chi cho đau kì trốc hè?,central,
12604,"in Trí Luận ri, mà Luận không có đồng hồ đẹp rứa.",central,
6933,Rứa bạn ở lại bát với em nhé.,central,
7955,"""Họ trả rồi thì thôi, nhắc lại làm chi nữa chú, kệ họ đi.""",central,
11958,chừng ni tiền của mình đi chỗ ni nè!,central,
7614,"Giàu thì ngồi chiu chiu, chơ đói thấy bà chơ mô mà ngồi chiu chiu.",central,
6760,mấy cháu chạy xuống dưới mương mần chi?,central,
8289,Tui chống mắt đôi ni tới khi mô ra kết quả rồi tui mới lấy vợ.,central,
12567,"Bằng tuổi ta mà dừ ta, vẫn chơi với chị hè?",central,
6958,răng vàng 999 tăng mà vàng tây vẫn 45 hè?,central,
8977,Ra ngoài nớ nhậu với bạn được chơ.,central,
21689,nguyên văn kết con cảm ơn tất cả các anh chị co chu cha mẹ thiêng liêng vụ trụ rất công bằng năm mo bọn sự thích ca mâu Ni Phật chanh pháp năm mo a Di Đà Phật chanh đạo,central,
9150,làm răng có số tiền lớn rứa anh hè?,central,
10370,Lo lấy gấy i. Ế đó rồi răng nói nựa.,central,
12569,"Lẹ rứa, bữa qua tao mới liếc thấy chỗ ni lúc rẽ đường Nguyễn Văn Công đó.",central,
15713,Cô còn xinh rùi chừ cô ăn nữa chắc con chớt,central,
2944,"ngài Hà Tịnh ăn bánh mướt, uống nác chè.",central,
12009,"Trên ni dừ nhiều quán quá, phải chia ra theo tuần mà đi cho hết.",central,
9988,làm được từng mô thiên nhiên lấy đi hết có chi?,central,
8119,Mấy nhà cấp 4 cú ni có lẽ hấn cho xong luôn.,central,
28705,"Sao đường xá họ sạch sẽ thế nhỉ? Ko thấy túi bóng ni lông vỏ nhựa luôn, VN thì rác kín lối",central,
8305,chừ mà đi là vô nhìn người đó chơ?,central,
13779,NAM MÔ A DI ĐÀ PHẬT. NAM MÔ BỔN SƯ THÍCH CA MÂU NI PHẬT. NAM MÔ ĐẠI TỪ ĐẠI BI QUÁN THẾ ÂM BỒ TÁT.,central,
7356,Ả con gấy nhà mô đó đẹp mặt hầy?,central,
14900,Nam mô bổn sư thích ca mâu Ni Phật mười phương ngày tháng năm triệu lai lịch sử hoan hỷ ủng hộ ý ạ vâng NL (8/1/2026) Nam mô a Di Đà Phật lan tỏa phật mẹ mẹ,central,
13252,Không biết uống thì nót. Cứ dội thẳng xuống họng là được. Trước lạ sau vui,central,
9842,con người trẻ tru hấn rứa đó.,central,
2030,giải cứu hết rồi. chơ mà có thì đưa về cũng không biết mần thịt.,central,
8754,"""Tui con dân Quảng Trị mà tui không nghe được O nớ nói chi luôn.""",central,
6264,người ta bắt được cá mà răng vợ chồng ả không bắt được rứa hề.,central,
7774,tạm dừng việc đẻ. Đi kiếm tiền đã o hè?,central,
13035,"êm rứa, anh mất trâu mới lo làm chuồng, cú ni xong là có hết.",central,
6876,"Bữa nớ về mà nỏ chụp được cấy chi, giừ choa nằm lâu lâu lại hoài niệm, tết ni chắc chắn phại về thăm tiếp chứ nhớ nỏ chịu được.",central,
12917,cưng mày không ở nhà giữ con mà đi mô rứa?,central,
6754,Dự kiến khu ni tầm khi mô xong hả bạn?,central,
2365,"Đi mô thì đi chơ, về ta ăn vẫn ngon nhít hè?",central,
9808,Sai ở chộ mô mà răng dừ hấn ri bay?,central,
7964,Ngài ở chộ nớ,central,
9883,"Nhanh về chụp tranh thủ chơ, 2 ngày nữa chuyển đi là hết tê.",central,
8725,Mai đi mà gặp một vạt ri thì chỉ có phê luôn hè?,central,
7007,"Chà, cho tui cấy về bỏ đồ đưa con đi tiêm phòng thì tài.",central,
2258,"Mần tau đi một giờ sáng, nỏ có ai cũng phải dừng đèn đỏ.",central,
11878,Tiên sư đứa mô bịa đặt. Răng mi không chết đi lại bịa người ta chết vậy.,central,
12716,Chú mà ngụy ri huống chi mấy cháu.,central,
10149,Trung chưa về chớ em đọc mấy ngày ni rồi.,central,
11296,cái ni tui chơi ở được.,central,
7279,Rứa chắc là tui đi rồi.,central,
11039,"biết là anh ưng uống huda rồi, đều mần ri hơi dữ i.",central,
1156,Che mặt chú chi rứa.,central,
12494,Người hại không sợ bằng trời hại mô. Mua cái mới làm tốt hơn mập.,central,
2433,Đăng ri mần các cháu bỏ Đại học kéo đi Nhật hết đó ad?,central,
22302,Cấy nớ giá mấy rứa chị,central,
9020,"ngày 25 mà bạn ơi, 6 giờ túi ni nha.",central,
895,Nhà em mà ngủ như admin thì lấy chi nuôi con hẹ. Admin sướng nhít i rồi đó.,central,
11503,Bọn ni không chết cũng hơi tiếc hè?,central,
9256,bữa ni chuyên nghiệp hơn rồi hi?,central,
1724,thái lọ cần chi mấy đồng lẻ ni.,central,
11272,Mai sớm vô lợp cafe trên cho hay rọt hè.,central,
8403,In mình không có tiền có lừa cũng không có,central,
9717,Nỏ khác chi. Giờ đi làm đi học thì lại mưa như múc xổ đổ lên trốc ra ri thì troạng,central,
25419,Nam mô bổn sư thích ca mâu ni phật cầu mong thế giới hòa bình thân tâm thường an lạc,central,
5782,Năm ni nghe mô đặt chỗ rồng năm ngoái.,central,
8082,Hắn đi nhởi mô mà quên đàng về đó bác.,central,
12865,"Eng lựa mấy em đẹp cấy quay à, sao ai cũng xinh rứa.",central,
26450,sao cứ cầm mặt vào điện thoại vậy chị Hà hà hí,central,
10961,"khách chai mặt rồi, chơ Nguyễn Hiền mô oy.",central,
2071,"""Có giống chi mô mà.""",central,
9878,Trời ni nói thật uống nước thay ăn. Ngoài đàng mà nỏ chộ ai đi nhởi cả,central,
9718,Khả năng đóng cửa cao tốc Cam Lộ - Tuý Loan chơ ri anh bị tai nạn mãi.,central,
7708,"""Đạ ước rứa răng không đặt cao học cho cao luôn, lại ước cao đẳng mần chi cho uổng hề.""",central,
5895,Đi đi chơ răng rứa hè?,central,
7832,Khe ni cũng rứa.,central,
1030,Tết ni ấm hung.,central,
2206,"ở đây mà tìm chiều chừ không thấy, ảnh lạc vô tấm hình mô nơi.",central,
1287,"đang mưa, răng Huệ khôn ngập, nựa hỉ?",central,
3931,Chưa chộ vé mô tê.,central,
6223,Thấy thì chi cũng thèm mà ăn mới 1 món thôi là no đọa,central,
23855,Nghe cái j mà cảnh nị tịt ni tịa trứ xã mị nả j á,central,
13158,"Chắc hoãn đi, chờ vàng đắt ri tiền mô mua họ.",central,
1279,Bão năm ni tan chưa chị?,central,
2170,"người ta sinh viên béo tốt lên, mà răng chị lạ rứa",central,
25418,Mở Bổn Sư Thích Ca Mâu Ni Phật Nam Mô A Di Đà Phật,central,
1336,năm ni ló được mùa không Thành phố Đông Hà ơi?,central,
7898,chấp chi mấy đứa 3 que ni em.,central,
8701,răng ngày nớ đi không thấy mà chơi hè?,central,
7003,Quán mệ Dư ở đường mô vậy mệ?,central,
13443,"Đường sợ hấn ngập với sập, em định vài hôm về tề.",central,
12205,"""dừ không kiếm được mô ra xe nựa hẹ?""",central,
12169,Shop ni chủ shop tốt nghiệp bằng xuất sắc đại học dược nựa đó.,central,
10922,Vượt kiểu chi lạ rứa Đồ điên?,central,
9669,cười ẻ. rứa mà cũng chộ.,central,
5573,Ủa rồi! Ở Long An cắt cớ chi? Quảng Nôm lăn xăng rứa!,central,
10415,Trong lúc nóng rọt lại đưa tin nhảm ri hậy? Chán thật.,central,
12840,"Trên nhà, can chi o dượng.",central,
2165,Có đi mô mà vẹ mời,central,
25222,Nhạc mẹ ơi con cũng từng là học là con mới là học sinh cấp 1 nhưng mà con cũng bị nhổ một cái răng rồi không thấy đau chị bên đây học toàn là thuốc tê mà hồi xưa Anh Văn cũng có hơi khó mà,central,
2367,"ngày mô mạ cho tời cơm no, không biết thèm chi.",central,
2384,"""Có chi đáng kể không hè.""",central,
11390,Con gáy cũng cho cha mệ tiền xây nhà được nha.,central,
16194,Ôi giời ơi con nít mà nhuộm tóc,northern,
27785,"Phố cổ Tàu Nhật Hàn nó cổ vì kiến trúc, quy hoạch bàn cờ, khả năng buôn bán. Châu Âu thì là kiến trúc, văn hoá biểu tượng. Đây tự nhận phố cổ mà chả có cái kiến trúc mẹ gì là của Việt Nam khách nó nhìn vào nó chỉ bảo khu này ổ chuột, kiến trúc thì không, hạ tầng không, rác thì vứt đầy đường",northern,
21337,Rất khó để catch đc từng từ của người Ấn lun :)) cơ mà họ nice với giảng hay lắm nên nhiều khi nghe quen tai rồi cũng tặc lưỡi thui cố học,northern,
20185,Sóc trăng quê em. Hihi.. Chợ nỗi nào mà quen quen thế nhở...,northern,
28185,Review về đh công nghệ thông tin tphcm đi đc ko ạ chả có ai review chi tiết cả ạ hicc,northern,
1220,Xong chưa nhể? Mình chưa lên bao giờ.,northern,
20605,Ối giời ơi hahahaha,northern,
27586,"Chả biết làm sao chị vê vê vừa hát hay, mà còn dễ thương quá nè",northern,
27260,Ai mà chả có đứa bạn như này,northern,
1017,cậu này đạp ga còn khó chị nhờ.,northern,
7747,Rủ chắc mà đi đi,northern,
8810,nghe có vẻ hợp lý nhờ.,northern,
275,chắc không sao đâu nhể. Không xảy ra án mạng gì chứ?,northern,
27349,Giời. Còn sống là may rùi. 17t,northern,
1024,Thế mà vẫn có người nói chú làm mầu.,northern,
10832,"Nghe nói Hưng Yên nhiều đại gia ngầm lắm, quá giầu luôn.",northern,
1680,Ông bà nó gánh gẫy lưng .,northern,
7324,Mình một dẫy sẹo ở tay luôn.,northern,
15272,Lâu rồi a nam chưa làm về ma nhở,northern,
22966,Giống đấy : xem hấp dẫn ra phết,northern,
11365,"Lại khổ rồi, mất hết hoa mầu rồi.",northern,
25501,"Cơ mà cái phim ""thái bình thiên quốc"" có quả nhạc đầu phim và cuối phim hay thật. Mà quả pháo bắn nhau thì đầu tư kinh khủng. hơn 20 năm rồi mà tự hỏi bao giờ VN mới có được một bộ phim lịch sử hoành tráng như thế...",northern,
10453,Trời nắng to chắc quần áo nỏ rồi,northern,
16949,"Ối giời ơi, ối giời ơi, ối giời ơi, ối giời ơi",northern,
21932,Giọng Nghệ An khó hiểu cơ mà t lại thích nghe giọng Nghệ An,northern,
9695,Đại ca mà lị.,northern,
28651,đúng rồi đó chả biết ai phát minh ra cái nài vậy ta,northern,
27998,"Ê Bu ơi Video cuốn nha, đúng vibe học sinh hướng nội luôn. Back to school tới rồi á, nhớ ra thêm vlog back to school, morning routine với một ngày đi học nữa nha. Tui đợi coi đó",northern,
10394,Biết chứ lị.,northern,
21702,"Hầu như clip ngắn hiện nay đang áp dụng 1 thứ e khá là ghét đó là đưa ra các mục Vd : ""clip có 3 tip hay và tip thứ 3 sẽ khiến bạn bất ngờ "" mặc dù biết là dụ mọi người xem hết clip nhưng lúc nào cũng nói thứ cuối cùng là thứ hay nhất video trong xem xong nó chả có cái gì hay rất mất thời gian",northern,
24364,Người thì bảo là tỏi âm khí đi theo ng thì nói ko chả biết sao nữa,northern,
5257,Ai bảo xong công ty. Tôi đi lấy rồi về u đấy.,northern,
25347,"Thìn bờ hồ ăn bt, k xứng với cái danh tiếng, thìn lò đúc ăn khét khét sai hết truyền thống, ăn được thôi k đáng vs giá tiền, tóm lại với mình cả 2 đều bt ăn được thôi chứ chả có gì đặc biệt",northern,
5576,ở gần biển không lo chết đói nhở?,northern,
7089,Anh là người Quảng Ninh mà lị!,northern,
14835,Ôi giời ơi anh kia ngồi quá đúng là số 1,northern,
9969,Bả đang vui vì được phỏng vấn để lên truyền hình.,northern,
9880,cuối tuần cho bọn trẻ con đi nhờ.,northern,
1525,Đang bị đứt gẫy tầng địa chất. Rất nguy hiểm.,northern,
15278,Nói ve khu vực Tây Nguyên thì Đèo Lò Xo về độ nguy hiểm thì chả có tuổi gi so voi các đèo tren QL24B va Dt669 từ Quảng Ngãi qua KonTum..Toàn full cua cùi Chỏ và đường đèo rat nhỏ..,northern,
672,u tôi đi xa rồi còn đâu nữa bạn ơi.,northern,
6559,này trông xịn sò nhở?,northern,
8313,Rừng bị gió bão làm gẫy hết.,northern,
20644,Cũng hay phết nhỉ (⁠•⁠‿⁠•⁠),northern,
27572,Chả hiểu còn phân biệt vùng miền làm gì như thế khác gì thù hận nhau mà ở đâu chả có người tốt người xấu,northern,
13612,"Yêu nhất là anh khai và anh kênh của CHUYỆN PHƯƠNG KỂ đơn giản là sự giản dị trong bản chất con người của anh, thích những video mọc mạc ko cần tiền chục triệu câu view giật gân giật mòng hihi. Cơ mà thích chị gái lúc lên ghe ý khúc đòi nấu cháo gà ăn vs đập óc cho anh khoai ý mọi người ạ",northern,
9094,Sợ tối chửa kịp tân hôn...,northern,
6729,Đường về bà vãi lại gần thêm chút nữa rồi.,northern,
2723,Củ gần bằng bát ô tô luôn rồi.,northern,
28097,ối ! mình comment từ Thái: món này có từ Hải Phòng cơ đấy,northern,
7615,"Uê, dựng mãi chửa xong.",northern,
17793,E ủng hộ chị...rồi ai cũng pải về nhà ..nơi mình sinh ra thôi...ko j bằng tự làm chủ mình...chủ nhở cũng còn hơn người làm thuê Lớn ...ủng hộ chị,northern,
8928,Lúc xong thì liệu mọi người com ở đây có lên tầu vi vu được không nhỉ?,northern,
5437,"Cây đổ với gẫy là thảm hại như nhau, không gì cứu vãn được.",northern,
20492,Em nghĩ vườn ong mật phải thú vị lắm nhưng chả có gì,northern,
5301,"Ngày xưa, chờ phiên chợ Háng Rốc mới có.",northern,
25113,Rất khó để tìm thấy Cơ mà thấy r thì độn thổ cx míu thoát đc:>,northern,
28382,Giọng của obanai hay phết nhờ,northern,
15841,Ủa ở đâu mà sô 72 tiếng ghê v giời,northern,
13977,Màu đẹp. Nước lèo trong. Ngon quá. Giời ơi đàn ông con trai gì mà khéo thế,northern,
27477,Chị tôi bẻ nát then cửa để vào đánh tôi cơ mà,northern,
10058,Lúc đấy thì có mà nhẩy được ý mà đẻ với chả đái .,northern,
27784,noi thặc là mình chả có 2 tỷ nên xem video cho zui thoai. hehe,northern,
21340,Bình thường đợi học mấy thầy người châu phi thì lúc đó mới ối giời ơi.,northern,
20403,Bịt khẩu trang mới thấy Nhái với Ái mắt giống quá cơ kkk anh em cơ mà,northern,
6903,Điệu nhẩy khiến chị em phải rụng trứng.,northern,
16635,"Hồi nhỏ thích ăn quả trưnga cá lắm. Cơ mà mấy đứa đồn ăn vào sẽ bị ưng thư, nên sợ. K dám ăn nữa NHƯNG THỰC SỰ NÓ RẤT",northern,
23361,"Haha, video hay phết anh KiKi",northern,
10159,Đúng là ối giời ơi mà!,northern,
3191,chả nhẽ lại đi nữa à?,northern,
23326,chú will cỉu ăn bánh mì Việt Nam còn Pháp thì củn ngon mà đắc Việt Nam tẹt giời,northern,
934,u chưa được vào chợ thì phải.,northern,
28203,"Giời ơi , cô bé người Mông ngại ngùng nhìn anh Khoai dễ thương quá. Mà ảnh còn quay cận cảnh cổ nữa chư",northern,
7000,Còn chửa được đi.,northern,
24094,Thông minh thì 10điem.. nhưng bản lĩnh của chị quá là không mấy ai có chị không nhất thi chả có ai thu 2,northern,
26442,Học sinh lớp 2 cỡ này còn anh chị cỡ nào ối giời ơi chất quá,northern,
17084,"Hay quá, đây là triết lý sống mìnhh vẫn luôn nhắc nhở bản thân trở thành, cảm ơn Better Version",northern,
358,Nghĩ lại thấy liều nhờ. Nhảy trượt phát là xong luôn á.,northern,
24736,Nhiều thằng còn kêu Lâm Đồng là của Miền Nam nữa cơ mà,northern,
16285,"Năm ngoái thì bao giờ lấy chồng,năm nay chưa lấy đc chồng lại ra bài chuyện cũ bỏ qua,khéo thật Cơ mà MV rất hay,bài hát rất sôi động nghe rất vui tai và lầy lội nữa. Cố lên nhé BP",northern,
10676,ủa bài này đăng bao giờ mà giờ chị mới thấy nhờ?,northern,
23177,Wow bạn nam đeo kính giỏi phết,northern,
10252,Có khi làm thấy bu bực là đũa cả đánh liền.,northern,
374,cũng muốn thật mà vướng tập làm người nhớn đi họp phụ huynh.,northern,
10496,Chắc phải mua thuốc tiền đình chứ rức cái đầu quá.,northern,
2361,ước gì có tuyết nhở.,northern,
22566,Miền nào chả có người nọ người kia đừng có vơ hết cả như vậy ko hay cho lắm,northern,
9297,"vẫn chưa được vào, đã gẫy hết rồi.",northern,
6900,Cho em xin cái nhà về ở luôn chứ lị.,northern,
27053,Ăn sầu riêng hát ban đầu hay lắm cơ mà sao bây giờ đoạn cuối cùng nó kỳ dữ dội sầu riêng ơi ha ha ha ha ha ha ha ha ha ha ha ha ha ha ha ha ha ha ha ha ha ha ha ha ha ha ha ha ha ha ha ha ha ha cười,northern,
26078,"Đấy, đối xử với nhân tài thế này cơ mà, ai như cái trường nào nó",northern,
5419,Dìm đắm tầu luôn vì coi khách hàng không ra cái gì.,northern,
12002,Nom có khác gì mấy con khỉ không?,northern,
7893,đúng luôn chị ơi! Gắp miếng thịt gà chặt to quá muốn gãy đôi đũa chị nhờ.,northern,
25530,Rất là ngon làm cho Ăn tới ba chén cơm ối giời ơi bây giờ no quá cảm ơn nhiều lắm,northern,
9165,Vậy mới là chụp sen chứ lị.,northern,
9609,Tết được quả di sản văn hoá lại không về chứ lị.,northern,
19527,nâng cả hòn đảo cơ mà,northern,
13633,Mến Khách Quá Chừng luôn a nhở .,northern,
6013,Đi học mà đút túi mấy quả này rồi cầm theo súp ớt ăn vụng thì mê ly,northern,
15316,Người yêu đòi quà không có quà thì chia tay đi ôi giời ơi,northern,
27941,Ối giời oy ngon hết nước chấm,northern,
8635,Để hôm nào tui kiếm ảnh ta 3 mặt một nhời.,northern,
6722,Lên kèo mệ ơi!,northern,
6027,"Lại thèm rồi, mệ ơi.",northern,
22654,NGHE HAY PHẾT,northern,
13040,"cười cợt gì đã nhớn đâu, không được sân si chuyện người nhớn.",northern,
6002,"cũng khơ khớ rồi nhỉ, tính cũng sắp đủ vé bay về quê.",northern,
455,Chửa biết về hôm nào.,northern,
8930,"Chủ số này quen thế nhề, hình như mở cả chỗ Tích Sơn hay sao ấy?",northern,
10123,Rức đầu với cái bài ni lắm!,northern,
17459,"Người vịt ngoài bắc chả có món đầu b* gì ngoài phở bò ngày xưa bé tý ngoài hn cửa nam có quán vằn thắn sủi cảo người hoa ăn giờ vẫn nhớ,giờ vằn thắn của người vịt bán ko sao nuốt nổi",northern,
22325,Mắc thì chả là biểi,northern,
22050,Mỗi ng một tư duy chứ ng miền nào chả là ng việt nam,northern,
1974,Tui chòng nó mấy lần bị như này rồi,northern,
13377,Tỉnh giầu nhưng không được làm vì đường do Trung ương quản lý.,northern,
10185,Rức đầu thiệt.,northern,
17163,Thế mà bà ngoại ko đi cùng luôn cho vui nhở .biết bà già có tuổi nhưng cố gắng chút rồi đi cùng vào nhà con gái lấy chồng xa chơi cho vui.xem ko có bà thấy cũng tiếc tiếc chút xíu,northern,
13051,con đầu giống mày ghê nhể.,northern,
12913,Chắc về tiếp quản đường dây đó đi cho nhanh giầu.,northern,
5545,Hóng câu giả nhời.,northern,
6451,Thương các em trai của anh. Lần sau đội mũ vào cho an toàn nghe chửa.,northern,
603,Một bát ô tô đầy nhé,northern,
12252,Đã mặc áo khoác chửa?,northern,
9003,Chúc mừng bà con quê ta. Năm nay đón một cái Tết bánh chưng nhân dầy cộp rồi.,northern,
11792,đúng con đường mình vừa đi nhở?,northern,
2770,chả có nhẽ lấy vợ 2.,northern,
7271,Toàn tao lai.,northern,
26956,Trời Anh đỗ đạt lấy vợ kiểu gì đấy đấy là con trai giả làm con gái cơ mà,northern,
856,Giá rẻ thế chả nhẽ lại phải sang tận HL gội đầu ư,northern,
9934,"Nay bê rượu rồi, mày có lai tao đi thì đi.",northern,
13470,"Thấy Mẹ con cháu đi chợ cái gì cũng rẻ mà ham,Thái Nguyên cô 25k một kí rau cải muốn mua những thứ như mẹ Tú bán chả có mua",northern,
9337,"Thì đập chậu cướp hoa đi chứ lị, nhanh không lại bị chậm giờ!",northern,
18126,"nhìn miếng sườn mỏng là biết sườn này nó đập dẹp rồi nướng lên thì to thôi chứ ăn chả có ngon lành gì đâu ,bán lãi lắm=))",northern,
24454,Ôi giời ơi! Có duyên vô cùng Bạn có nhiều Clips cũng vui lắm Mình sẽ luôn luôn ủng hộ bạn nhé,northern,
15148,"Bài này chỉ có NSND Thu Hiền hát là tuyệt vời nhất .Em này hát chả có tình của người xa xứ , nghe khô như ngói , ko hay",northern,
2586,chạy qua bán sao em. Móc dây đu tầu thôi.,northern,
8677,"Ơn giời, tôi mới bị tiếp nước vì mùi hoa này xong.",northern,
7595,Nhà này ngày trước là giầu đấy.,northern,
15392,Không sao cả đôi bạn trẻ sẽ hạnh phúc trăm năm thôi ! Cụ vong được về trầu giời đi qua rạp cưới sẽ phù hộ cho các em !!!,northern,
17369,"Mấy cô dễ thương hết sức, mặt mình đơ như cây cơ mà nghe giọng cười của mấy cô cũng cười theo luôn ý",northern,
19571,bánh mì chả là ngon nhất :D,northern,
24060,Vd ở dưới biển có 1 con gì đó cực kì khổng lồ thì cũng quá bình thường. Kể cả con Godzilla nó chà bá vậy mà cũng chả là gì so và biển cả,northern,
11517,Cầu dùng cho cả đoàn xe tăng đi qua mà anh chắc chắn mới là quân đội chứ lị.,northern,
23232,"""lần thứ ba đã không còn là một lời nhắc nhở""",northern,
16584,Trẻ ở nông thôn sướng nhỉ Ở thành phố tôi chả có mấy cái này,northern,
27561,"Cũng có người này người kia, cơ mà cái giai thoại con gái MT làm nghề ấy là có thật... Mình ở Đà Nẵng mà vào mấy con đường ""đèn đỏ"" cũng thấy gần phân nửa là gái MT nên thành ra trong tiềm thức của nhiều người rằng con gái MT làm cái nghề này, chán",northern,
22393,"tội a Đức qué nhưng phải chịu chứ, nóc nhà mà lị",northern,
12556,Kho rộng thế này mà nhõn một tí thế kia thì lạ nhỉ?,northern,
25814,Hậu Nổ nổi tiếng cơ đấy,northern,
6361,tao ở nhà quấn chăn với người yêu thì chả thích hơn à nhể?,northern,
25075,Cho từ cảm ơn cậu rất nhiều nhờ Cậu nhắc nhở tớ mới chú ý,northern,
12136,Em lai nha.,northern,
1795,xuống đây anh em làm trận bia nhể?,northern,
25914,Tôi yêu của cô mua ở đâu vậy sao mà nhắc nhở nhạc mới em muốn mua một cây mà em không biết nữa mua em không có liên hệ với tốc độ ô mua dùm em ở nhà em được không,northern,
5266,Tôi thắc mắc là nhẩy từ tầng 10 xuống mà không có máu nhỉ?,northern,
16993,Cụ cụ nói ối rồi ôi bằng 10 lần rồi đấy ối giời ơi ông cụ điên ơi 🈲🈲🈹🈵㊗,northern,
10846,Nắng nỏ người! Nhưng mà thích!,northern,
20642,Hát hay phết đấy,northern,
5662,Đi không? Chiều em đánh xe qua lai đi.,northern,
27698,Cảm ơn b chia sẻ. Cơ mà b nói nhanh quá m nghe mệt ơi là mệt mà nhiều từ bị nhuốt,northern,
11611,nghe có vẻ hợp lý phết nhờ.,northern,
20134,năm nào chả là 1 năm nứa:))),northern,
21011,"Sao nỡ đành xa Huế,đành lòng quên sao anh,dòng sông con đò nhỏ vẫn nhắc nhở tới người,vẫn tiếc nuối tháng ngày!",northern,
19678,"Tuyệt, tết đang chán vì k có gì xem :)) cơ mà nhìn góc quay k nghĩ đây là vlog bình thường, chắc hẳn ảnh đang demo thử cho kế hoạch của các vlog khác trong tương lai, nguyên dàn ekip quá có tâm. 1 respect",northern,
7597,Mặt dầy thì phải đăng cáp rõ ràng như thế nào mới vừa?,northern,
5876,"ối giời ơi, cháu ngoan của ngoại.",northern,
9650,lên lịch hôm đấy đi thôi nhờ?,northern,
5302,không có tiền thì làm sao để có nhể?,northern,
11008,"Tại ít đi xuống mạn thị trấn nên mù tịt, khổ thế chứ lị.",northern,
27835,2 ơi sao tóc 2 dày và phồng được thế ạ? cơ mà 2 có nét giống suzy ghê cười kiểu suzy cũng xinhh,northern,
12308,Nhìn giống thuốc tím mấy ông hay mua về té ao khử khuẩn nhở.,northern,
7647,"Về quê đào ao thả cá, trồng rau Bu ơi .",northern,
2502,"Lai đi đâu đã, đấy mưa này.",northern,
7091,bà bu đã vào chùa này chưa?,northern,
14935,Cái vả của Thiên chúa mới sợ con của đức cha Long chả là gì Theo tôi nghĩ như là vậy,northern,
1064,Không cười chả nhẽ khóc qua ngày chứ.,northern,
1633,"ơn giời, sắp không phải lụy đò rồi ông ơi.",northern,
7524,Mai qua hàng xóm đá bát phở anh nhể ?,northern,
8674,quán chị vậy nghỉ chị nhờ?,northern,
8689,chị nghĩ CGV nó chả tặng đâu. Nó còn đang cắt vợi các suất chiếu kìa.,northern,
14737,Siêu nhân vui lắm đấy anh con siêu thị cơ mà,northern,
15329,Mưa đỏ ai cũng khóc nhưng bạn hãy nhớ đó là phim Xem phim khóc 1 xem tài liệu khóc 100 … nên luôn nhắc nhở mình phải sống và làm việc cho Tổ Quốc để xứng đáng với sự hy sinh quá đổi to lớn của các anh hùng thời chiến tranh,northern,
21082,"Góp ý kênh, dỡ dớn, cấm câu hay giăng lưới... về xong nên quay cảnh lựa phân loại cá ra hoặc tổng kết lại đc bao nhiêu cho cả nhà cùng xem vậy mới hay chứ về cái làm món ăn chả biết đc bao nhiêu... ko hay lắm",northern,
16988,Ối giời ôi….GĐ này dễthw phên,northern,
13023,Bình thường ăn một mình là chỉ bát ô tô là xong việc,northern,
719,"Đôi mắt cũng đượm buồn đây thây chị. Chụp đúng lúc cầm củ khoai luôn, đến tài.",northern,
3228,Đã bẩu là đừng có đưa vào mà!,northern,
1129,Ối giời ơi! Đừng mưa nữa. Khổ lắm rồi.,northern,
27902,Kênh này của ba tàu mà bảo là gia truyền của nhà tôi. Ui là giời!!!,northern,
6737,thiếu mỗi lọ súp Hảo Hảo.,northern,
3073,"nước không thoát kịp nhờ, lúc trưa tao đi chợ đã lội rồi.",northern,
5168,dạo này quan tâm thời sự phết nhể?,northern,
26416,Ối giời ơi ối giời ơi trình là gì Trình ai chấm,northern,
17480,"video đầu tư coi cuốn ghê , ko có ý so sánh gì .. cơ mà nghe giọng & cách nói chuyện của b rất gần gũi .. mình nghĩ tới a TRAVIP ngay",northern,
5191,Cột điện bằng bê tông cốt thép mà. sao gẫy được vậy?,northern,
1791,ôi giời ơi! các loại đê sắp không chịu được nữa rồi!,northern,
19424,"Hôm trước thấy thông báo mà bận việc quá giờ mới vô xem đc, cơ mà video tận 42 phút luôn",northern,
10132,sao nọ cô cháu mình đi không thấy chỗ này nhể?,northern,
16959,ối giời ơi gđ lên đồ đẹp hẳn ra,northern,
6702,Nhẽ ra phải xây sớm hơn mấy năm rồi ý các bác nhề. Quá tiện luôn.,northern,
23372,Cảm ơn là Xia xia mà nhở:)),northern,
23233,"""lần thứ 3 đã không còn là lời nhắc nhở""",northern,
8555,"Anh khác chỉ giống ông vãi thôi, được chị Vân khuyến khích hì.",northern,
17239,Ối giời k chao vlog biết nghe cả tiếng thái,northern,
11136,anh ra nom thế nào đi.,northern,
9253,"Sao bạn chụp ảnh nó bình thường vậy? Nhà tôi gẫy đôi, trắng cả rừng à?",northern,
12320,nhưng dân Nam Định vẫn giầu hơn Hà Nam đấy.,northern,
15659,"17:25 huhuu cơ mà riêng tui cái trứng muối này ngon vch í, mê lắm ăn đậm vị mà ngon cực ấy",northern,
9566,"Nhà giầu mới có cơm, chứ nhà mình nghèo toàn độn ngô, sắn, khoai thôi.",northern,
7806,"Chờ tôi 15 ngày nữa nhé, tôi về với thầy u.",northern,
23005,Sao mà nhìn ông đầu tiên giống ông youtube athony ở smosh thế nhở,northern,
6217,Đáng nhẽ giới hạn chứ nhỉ chứ mua kiểu ấy thì thôi khỏi bán khách khác.,northern,
27285,"Vấn đề là tốc độ kìa, giấy còn cắt dc ống nước cơ mà",northern,
5151,Ngủ hết rồi hỏi không ai giả nhời.,northern,
19526,Ối giời ơi tổng thống mạnh thế haha,northern,
959,Bu tớ 95 tuổi vẫn trèo đánh đống rơm... Nể không?,northern,
26323,Ối giời ơi con mẹ ghẻ,northern,
12447,"Chẳng ai giầu ba họ, cũng chẳng ai khó ba đời.",northern,
2031,"thôi, đập gẫy chân nó lại phải chăm, khổ.",northern,
19096,Chả có nơi nào đẹp hơm miền tây đâu. Tuổi thơ ùa về =)),northern,
13215,Giờ lớn vẫn chòng ghẹo nhau 8 tỉ bận 1 ngày,northern,
9634,Chả có nhẽ lại làm một chuyến.,northern,
27612,Né hay phết,northern,
27321,Uầy các vị huynh đệ cứ bĩnh tĩnh đi mà chuyện gì chúng ta có thể giải quyết cơ mà,northern,
10126,Hương Thảo lâu lắm chửa về quê.,northern,
21638,Sao ko có cầu thủ si li côn nhở,northern,
14006,Ngọc Mai Cảm ơn Quan Lê chia sẻ cảnh quê Huế tiệt giời Mai chúc Quan Lê rất tình Cảm gần gui Mai ái mô giọng hát Quan Lê sống tốt đẹp tình nghệ thuật tiệt giời sống tốt lành Mai thank YOU,northern,
27735,Tôi vẫn về quê bt.nhập cảnh chả có vấn đề gì cả,northern,
10328,Đi họp phụ huynh hay sao ý nhờ?,northern,
11490,ơn giời em ạ! Chúc mừng mẹ con em an toàn nhé!,northern,
15614,"Lâu lắm mới xem lại mấy video mukbang của chị, để ý chị Linh cứ cắn 1 miếng phải nói 1 câu khẩu vị cá nhân, uống 1 ngụm phải nói 1 câu theo quan điểm cá nhân mình :( cũng tội chị thiệt, cơ mà thôi phòng còn hơn không",northern,
24995,mảnh cháy đen của bún chả là nó như v mới ngon hay sao các bạn nhỉ,northern,
26421,Lên cấp 3 Ôi giời ơi lên cấp 3 đi rồi hiểu,northern,
2722,về thăm u rồi tập bơi luôn thôi!,northern,
25483,Ô này chả biết gì cây Mai mà cũng bày đặt làm video,northern,
3357,Tên thế có vẻ hay hơn nhề. Mình toàn gọi thác chó.,northern,
16073,Ối giời ơi chắc phải mua khẩu súng thôi,northern,
16996,Ôi giời ơi xem cái mồm của ông mac kìa,northern,
6908,"Lên mượn xe đạp của bà vãi, đạp xuống đây.",northern,
8341,Sao mà hấp dẫn thế chứ lị. Siêu phẩm đồ uống.,northern,
25630,"Hội này cũng ko vừa đâu nha, có khi nhũng nhiễu ra phết đấy",northern,
14475,"Cho em xin địa chỉ mấy quán ăn với ạ, em cũng ở Phú Yên lâu lâu có dịp vô Tuy Hòa nhiều khi chả biết đi ăn ở đâu",northern,
8564,ô nhiễm không khí chứ mây gì như này nhể?,northern,
20639,Nhìn cái ảnh đẹp phết ta,northern,
25118,6 năm trc xem NTN chơi t đã biết là cái hẻm này chả có tác dụng j rồi:)),northern,
23017,"Em Nghĩ là Nikola Tesla mới đúng chứ nhỉ, IQ từ 140-310 cơ mà???",northern,
11405,láo nháo là cho về nơi sản xuất thím nhờ .,northern,
24870,Ối giời ơi em nào tên Hoa chắc độn thổ luôn,northern,
7730,"Úi giời, không phát nào trượt!",northern,
13106,"Em ăn rồi, bơ quẹt đúng một thìa trên chốc kem.",northern,
18053,"ông chú ở cuối tại giọng với nói to chứ lời nói lúc đầu cũng chả có gì, trước mình đi học gặp ông thầy Toán cũng thế mà thương hs lắm :)))",northern,
23243,Cô gái nước Sofia tiếng Việt Nam cơ mà,northern,
6600,"Cô xuống đi, em lai đi chơi.",northern,
18091,tui la nguoi mien bac nhung nge bai nay la mun vao ngay trong mien tay wa a,southern,
10065,Đi đau mà gặp những tiếng này là biết cùng quơ rầu,southern,
2776,tao định xách xe đi coi mà dòm lại gần 6 giờ.,southern,
28606,*theo tui thì đung tu hinh mà tu chung than nhân đạo hơn...ở trong tù suy nghi sám hoi viec mk làm ...*,southern,
2574,phải quán Vân Trang Cổ Cò quẹo dô không ní,southern,
23915,Khúc đầu nghĩ giọng mình nói trầm lắm cuối cùng nó ngọt quá trời,southern,
25374,chỗ tui Cầu Giấy đầy đủ 35k nè :)),southern,
22750,Rễ nà mèo xi mi đúng hông,southern,
20389,Ui em cũng ở cần Thơ bến Ninh Kiều nè ạ,southern,
11364,"thật sự mình ở rất là xa nè ,tuốt Ninh Thuận lận.",southern,
14704,Sao biệt đội này hài dữ vậy,southern,
16881,"Nếu có nhảy thì t cho khung giờ và chỗ ở HN nè!!!Nhà hát lớn,đài phun nước,...cứ vào sâu phố càng tốt khung giờ khoảng 10h30-12h.Lúc đấy có mấy idol tốt bụng lắm",southern,
28729,Tôi người bắc vẫn làm mướn nè các bác ơi,southern,
9998,lễ mà ổng mưa như ai chọc ổng giận vậy á.,southern,
24901,Vô miền Tây qua nhà tui là tui bao hết luôn,southern,
27716,Tui có cô con gái 9 tuổi biết được nhiều thứ lịch sử nên nó hiểu gần hết,southern,
19186,Em cũng bị dị ứng với hải sản nè,southern,
3305,chắc bỏ phố dìa quê quá,southern,
14463,Cuối cùng chị cũng đc lên sóng cảm ơn em trai nhiều nè,southern,
24550,"Miền trung bá nhất, nghe âm hơi đanh nhưng nó cũng phản ánh đúng tinh thần tiết kiệm và thực tế của miền ka ka Miền nam thì nghe ngọt rồi, còn thực tế thì tùy người có người chỉ cười có người nhẹ nhàng có người nói quá trời - nhưng mà nghe giọng nó ngọt",southern,
15965,Chị ơi em mới có tên mới cho chị nè dạ là Yến hay mukbang,southern,
9,Không những có bót đánh răng mà còn bót giặt đồ nữa,southern,
17065,Hài thiệt mắc cười quá trời luôn anh,southern,
25898,Mặc dù tui đã mở cái bình luận để che mặt của bả mà vẫn thấy,southern,
326,em còn chưa biết kiếm ăn có hông nữa nè chị,southern,
25535,Xem xong vd này tui chảy nước mắt vì bt gương mặt đáng yêu kia h đã có gia đình r có chút buồn vì mik ko tin nhg lời đồn vô căn cứ nhg h thì mik tin rồi,southern,
22767,Nghe giọng bắc nói hông khác gi đang leo giốc hay sao á ai h quen nói nêu là minh hơi nhức cái đầu ae ạ,southern,
24303,"Dân tộc Khmer ơi.Tự hào quá, có ai coi mà nổi da gà giống tui hông?",southern,
16749,chúc mừnhlg sinh nhật minh khoa chị là fan của minh khoa nè,southern,
11596,"thôi ngán thấy bà nội,ngán tận cổ rồi.",southern,
27623,Em cũng ở miền Tây luôn nè,southern,
22209,Khế kiểu: ủa bộ tui giật ck bà hả,southern,
17534,1 ngày ở quê anh tuấn khang lạ lắm à nghen,southern,
22583,Mình ở Miền bắc nè,southern,
20868,Hai cháu hát bài giận mà thương hay quá trời,southern,
16068,Tui mà cũng ở nghệ an mà tui gần nhà ổng là tui qua nhà ổng rùi,southern,
27306,Có tui kìa:)),southern,
17346,"Ca cà phê trong nhà tui pha sẵn nè , qua uống chung luôn cho vui",southern,
18336,Đang buồn ... cảm ơn chuyện xóm tui 2,southern,
13547,Quán này em đến rồi nè,southern,
12093,"thấy cỏ mọc hông nổi hôn, do chúng ta đã đi mòn đường hết rồi á.",southern,
23713,Gì chứ tui dịch á,southern,
27266,cái năm 2020 tui coi r,southern,
17045,Con này ăn thua gì.nhớ lúc ông tui tác ao lâu năm.bắt được con còn khủng hơn.phải rọng nó trong khạp.tối nó quậy không ai ngủ được.thấy vậy bà tui sợ.sáng kêu đi thả,southern,
9373,hông ấy sang năm mày dìa phụ được không chớ mệt mỏi quá,southern,
15656,Chị Hà sam ở hà nội đúng ko lạnh quá trời,southern,
17009,ở mấy ôg cá z thấy nó bự á chứ tui thấy cx cá lóc chết gần nhà còn to hơn cn đấy,southern,
27151,Mình cũng biết 505 nè,southern,
1070,mùa nước rồi nè nhìn ngon quá trời.,southern,
22944,2024 rồi em làm 1 bài thơ tặng hai a nè bắt đầu Hôn nay đứng trước mọi người bỗng dưng tôi thấy 2 ng đẹp trai,southern,
24111,"Tui dân miền Tây nè, ăn cơm với trái cây quen xong lên tp học đại học cũng ăn vậy luôn, mấy đứa bạn nhìn quá trời :)))",southern,
19330,Tui sống ở miền Trung nha,southern,
14547,ảnh về quê ngoại tui chơii,southern,
11971,sẵn qua thăm quại với dì Ba.,southern,
18248,Nghe mà nhớ nơi này mà tui có tên thanh bình,southern,
8692,mai mốt đi nhớ rủ chị nhe,southern,
18705,"nghe truyện anh huy ngủ, mà quảng cáo quá trời bực ghê",southern,
2924,tao ngại dùm á bây ơi bây.,southern,
18974,Cái tật lao tét kg ai ưa. Đừng co ai quay cs nữa. Ngày xua xem thấy tôi nghiệp. Nhưng càng ngày thấy kg có thương nôi. Coi no năm vong cai chân nó để vậy đó. Giờ để nó bán ve số 1 mình nó sống cung dc mà. Còn chuyện nó với thằng long ra sao cũng kệ tui nó. Con này mà ơ với nó kg điên cũng bị thân kinh.,southern,
21087,Em cũng múa lân nè,southern,
19719,Đường anh chạy ở Sài Gòn gần chỗ em nè,southern,
14647,+ Ko đội nón + chạy nhanh +quẹo cua vẫn chạy nhanh chắc chắn 1 tử vong hai là bị thương hay là bị gì à chắc chắn nhưng mà không biết sớm hay muộn thôi,southern,
23828,Tui cụng là người nghệ an nì,southern,
7555,"Tiếc , phải chi tối thứ 7 về coi.",southern,
19410,Hôm nay ko nói nè nè nữa à,southern,
12636,Vô xem thấy cái biển quảng cáo tổ chảng coi hổng được gì.,southern,
22202,Chờ ơi là vậy nè 1+1=1 không =1nhân 1=1,southern,
26371,"Hello cô , sớm nè cô, con chúc cô chú buổi trưa vui vẻ ạ",southern,
12126,"ngon à, tao quậy banh chành cho mày coi.",southern,
23428,Em người nghệ An nè,southern,
23338,"*THÁCH THỨC DANH HÀI TẬP 6 (mùa 4)* đã có rồi nè cả nhà ơi, tuần này có thí sinh diễn hài theo phong cách cải lương siêu hay luôn nha, xem và share ngay thôi nào!! *LINK TẬP 6 FULL* :",southern,
22713,Hôm nay thế kỉ niệm rồi má ơi,southern,
14818,Ghê quá vậy tui sợ phẫu thuật lắm,southern,
7677,chuẩn bị đi mai dìa ăn nè,southern,
8962,Bà bạn bả báo thấy bịnh lắm,southern,
21825,Tui kiểu: đau: eo vui: eo nhìn thấy cái đẹp: eo,southern,
20231,Ở quê là nhất được ăn cá sạch rau sạch ko hại sức khỏe nhìn mâm cơm ngon quá sao mà món nào cũng ngon quá trời hà ở SG những món này là đặc sản đối với mọi nhà mọi người thèm lắm những bữa cơm quê như vậy,southern,
21658,"Tôi bt tiếng anh , tiếng mẹ đẻ , tiếng trung nè , tiếng Việt nữa :)))",southern,
19382,"Ăn thì ngon, ngứa thì chết tui ét o ét=))",southern,
20552,sài chẳng qua là bàng cờ chò chơi cờ tướng thôi ngày mai xẻ nghỉ chơi thôi.ngày mai mưa sắm sét nhà cửa tan qua hết nè nó ác quá mà con ngựa lại đá con dê haha,southern,
373,ngó bộ ai chơi sau là thiệt đó nên anh em mình nhanh tay,southern,
12400,"Quê tui anh em ơi có thật ở cao tốc nghe, tui ở đó còn mắc cười mà.",southern,
17341,Đúng òi tui ở miền tây thấy dị ko á,southern,
10331,Trời nắng nóng mà được ly bình bát dâm đa đường ăn là ghiền luôn.,southern,
1137,Mai mốt đi bộ phạt luôn,southern,
27775,Chỉ thấy HN vào SG lập nghiệp chứ chưa thấy GS ra HN lập nghiệp ( tui ếch ngồi đáy giếng nên k biết nhiều!),southern,
9045,"thâu chịu rầu đó, nẫu nói chi chi rứa em",southern,
19715,Tết ông chạy ngang nhà tui 1 hàng rào mai vàng luôn Bình Trinh,southern,
26310,"Tui Khoái tới Hải Phòng lắm rồi, một ngày đẹp trời sẽ tới...",southern,
28069,"Vừa xinh vừa biết tiết kiệm tiền, vợ tui đây rùi",southern,
28608,Phim tuổi thơ tui đó,southern,
19437,Em tung song o kum tum. Pit a dem kum tum thi em da hen gap a roi. Rat thuong xem video cua a mong dc ngay gap a lam,southern,
7887,ngon hông? Tất niên mua về uống thử,southern,
22216,"Lúc bốp cái mặt của mèo Á,rồi con mèo nói:ủa tui làm gì bà",southern,
18750,Tác giả lâm ruột thừa nó có thù với tui hay gì ta,southern,
1014,Chắc mai mốt đem mền theo vậy,southern,
10242,Ăn tại gốc là ngon nhứt.,southern,
17567,Hay thế tui hay nghe,southern,
16475,Mon nay tui me nghen,southern,
25445,Like cho a Lê nè,southern,
6979,hốt đi cho sạch xã hội chớ để chi,southern,
22252,trái đó nhà mình có quá trời,southern,
17583,Cái miệng của Duy biết nịnh hót quá ha kêu mẹ cha ngọt quá trời ai cũng kêu mẹ cha được hay thiệt b,southern,
62,coi về phụ chớ nói gì nửa hén,southern,
11006,có nhóc 14 tuổi văng khỏi xe luôn. Sợ thật. Ra ngã tư mà phóng như thật.,southern,
442,"Ngon nè, lên kèo đi anh em.",southern,
1510,ai sao hổng biết chứ nư tui là coi đá banh phải uống bia mới chịu,southern,
13887,"Ui mình nhớ món này người miền Bắc, miền Nam hay ăn (bún) lắm nè Nhìn tô bún hấp dẫn lắm Bạn, lại có thêm buồng trứng cá ...",southern,
16981,Tui mới vừa ăn luôn màu vàng rút xương,southern,
15849,Ông ngoại bà ngoại em là người Huế nè chị,southern,
13419,chớ ông có biết món nào là truyền thống Phú Yên không nói nghe coi,southern,
23933,m ở kiên giang nè,southern,
22000,Cười vui...ở trước nhà tui có bãi rửa xe và có vài cháu thanh niên miền bắc .đối với nhau vui vẻ..chọc cười vui vẻ đùa với nhau...cháu nó gọi tôi là Nam kỳ già còntôi gọi cháu là Bắc kỳ con,southern,
8425,chưa biết. Để coi lại lúc đó có mắc thi hông.,southern,
23502,Trời đất ơi nói tiếng gì vậy,southern,
26390,tui nghe hong thấy sợ mà mắc cười quá =)),southern,
22737,Tui hỏng sáng nổi lun á,southern,
18552,Truyện ma mà tui cười muốn xỉu,southern,
13902,"ngoại của lan thích ăn bồn bồn lắm , ngoại lan cứ nhắc tới bồn bồn hoài hà , còn lan thì không biết bổn bổn là cái gì, nhờ coi videoclip này lan mới biết được bổn bổn là cái chi chi và cũng biết được nhiều điều khác mà lan chưa bao giờ biết nữa , thanks chị Ngọc Phượng nè",southern,
11344,Nẫu là phải kêu canh lữ rồng nghen bạn,southern,
6314,mắc thằng nhỏ đi hông được. Chớ mà hông mắc nó là bão cũng đi,southern,
15911,Nhà khoai ở vườn thích thật cô ở gần biển nè!,southern,
18512,t nghe t tức cái thằng bình nhaa mấy má ơi,southern,
8952,Hỏi thiệt có mắc cỡ không dậy?,southern,
20606,Tui coi mà rối não luôn á,southern,
23153,Dân quảng nam nè,southern,
6389,tụ tập làm ly giao lưu tìm người yêu nè.,southern,
16118,"2 ngày 10tr view Trong 4,9N cmt có ai thấy cmt của tui ko",southern,
1015,"mình hông có tiền đi, chỉ dám nhìn từ xa",southern,
2699,Giống chỗ dốc hoàng hôn dậy ta.,southern,
22337,anh hai kiểu: ủa sao tui cô lập vậy,southern,
28018,Nghe anh Khoai nói chuyện dễ thương lắm luôn á. Nhìn anh đi nhiều nơi làm em cũng muốn được đi khám phá luôn nè,southern,
15301,hay quá đi nè,southern,
21067,Thấy cô lặt nhiều bắp chuối quá. Cô và chú chuyên chở nhiều chuối quá bạn ơi. Canh chua cá đuối thật hết ý luôn. Cảm ơn sự chia sẻ của bạn. Tặng bạn mình một lai nè.,southern,
21357,"Hay , tui dân SG nghe giọng nam là chịu liền",southern,
25305,ui. e làm video ytb cũng rất ổn nè. nghe giọng cũng rất thư giãn kiểu vibe chill ấy,southern,
23138,sau 2 nam cuối cùng tui cx coi lại dc video này rồi,southern,
14157,úi bà nội chị jenny ở quảng ngải tui kiểu rất bất ngờ luôn á :)) tại quê tui ở quảng ngải,southern,
16113,"Cái gì cũng có cái giá của nó cả Công nghiệp hóa hiện đại hóa thì phong tục tập quán sẽ bị mai một dần, có ai giống tui bây giờ ko, miễn cưỡng về quê ăn tết,",southern,
28323,Đây là chị mèo simmy nè mình thích coi bà lắm luôn,southern,
18798,"Người Kinh chiếm đa số sao thấy dưới miền Tây chùa Khmer quá trời, còn chùa kiểu truyền thống của người Kinh thì rất ít thấy. Kỳ vậy ta.",southern,
27649,Dịch nè : mặc kệ thôi mình yêu một ai Là mong gần bên Khi bình minh Hoàng hôn Tới khi đêm về Mình mong cuộc sống Hạnh phúc như tháng năm dài với nhauuu Tên nhạc : nổi gió lên,southern,
11357,"trời se se chưa, để đặt xe lên làm chai với dĩa thịt nướng rồi dìa ngủ nè.",southern,
17814,"Em mê xem video của chị bên Facebook, giờ mới tìm được ra đây nè",southern,
26528,Tui cũng ở an giang nè,southern,
18907,Mình ở an Giang luôn nè,southern,
19567,Mai em về mày có có có em em sẽ thấy anh nè nếu như miền Tây,southern,
17957,Cần Thơ quê em nè,southern,
24952,Tôi thấy khoái bạn roy đấy. Ăn nướng mà ko làm tí cay cay là nhanh ngấy lắm . Nên thấy bạn làm tí rượu là tui thích kaka,southern,
23312,Phạm Thoại ru ngủ mà làm tui tỉnh ngủ chứ ko có ngủ luôn á,southern,
20534,"ba nay noi dung do chung toi ben My rat cuc kho , tui rang song ben day da duoc 40 nam roi va dang bi de quoc My boc lot den tan xuong tuy thoi thi da lo di vuot bien ngay xua nen bay gio RANG song cho qua ngay thang roi chet luon ben day cho xong 1 kiep nguoi",southern,
21697,oh. vậy thì mình biết cả 3 luôn nè. sắp giàu.,southern,
17020,Mình mình thấy ông chủ quán sống ăn đã mắc quá,southern,
14536,"vlog edit k quá cầu kì nội dung đơn giản chill chill mà cuốn quá bà ưii, hóng vlog của bà mãi hihi mong bà chăm quay chăm edit cho tụi tui xemm",southern,
28526,Tui có 1 thắc mắc: cả nhà ngủ trên 1 chiếc giường sao họ vẫn có con nhỉ?,southern,
23814,Tui ngài Nghệ An chơ mà nghe còn nọ hiểu,southern,
20402,"Em ở cần thơ nè Đồ ăn ở bến ninh kiều ngon lắm í mà rẻ nữa ,anh đi thử đi vui lắm",southern,
23283,Tui thích nhạc này gê á Chị xô đẹp gái quá,southern,
26695,Video này Khoai vẫn còn hốc hác nè. Ráng giữ gìn sức khỏe nha em.,southern,
13016,"Nó chỉ là thằng diễn viên hài, mắc mớ gì công an bảo vệ nó?",southern,
23978,Cần Thơ quê tui nha,southern,
24915,Me miền Bắc nè =),southern,
21204,Xúc xích màu giống tui ở trong cầu ấy,southern,
5653,mấy bả biết mắc cỡ thì đâu lên đó nằm uốn với lượn.,southern,
16246,đẹp trai quá trời ơi,southern,
22635,"tr oi tui mê giọng Bắc dã man í, mà nói k chuẩn sợ bị bảo nhại giọng rui bắt chước",southern,
9328,Mai mốt nghỉ chiều rãnh ra đây ôn kỉ niệm.,southern,
15158,Em Quảng Trị nè a,southern,
15724,Có bạn nào thích ăn thịt xiên nướng giống Tôm không nè?,southern,
28244,Trường này trc cj em có học nè,southern,
3141,bạn này nhiều chuyện thiệt chứ.,southern,
21042,Má ơi giật cả mình con ma kìa,southern,
25327,"Rất cảm ơn Hanoi Review đã giới thiệu các món ngon HN. Mình chỉ góp ý tí chút là có lẽ bạn Review món ngon HN phê quá nên nhiều khi quên g/t địa chỉ và số đt của quán. Hy vọng các review tới, các bạn nhớ g/t đ/c quán nghen",southern,
21208,Hài puá thả tim nè,southern,
28278,Phong kiểu:ủa bà sim này bộ không cho tui nói hả ghép giọng ngựa làm gì,southern,
19383,Bà yến kiểu : tại nó ngon quá chứ có phải tại tui đâu,southern,
25240,tôi nè hồi 2016 tôi xem buổi biểu diễn lớp mình cũng trong đó hồi đó vui lắm,southern,
21747,"mng ơi tui có file pdf sách cô MLH và cả sách english grammar in use, ai mún thì mình share cho nì",southern,
22799,em là ở miền bắc nè,southern,
23749,Mẹ tui là miền Bắc mà y hệt miền Nam,southern,
27846,Rảnh rỗi ra vd cho tui coi vs nhoa,southern,
15073,Nghệ An quê tui,southern,
21044,Ma nè gặp phải Tau Tau Chọt Chọt cho mấy cái kêu hơn Mèo,southern,
22745,"hay hay , tôi đoán được hết IQ của tui bao nhiêu???",southern,
15207,trong phim tui ấn tượng nhất ông Tạ thôi á,southern,
28407,à khỏi cần cursch vì tui có bạn thân yêu dấu ròi khỏi cần,southern,
14224,Có mấy từ đâu phải QN mới dùng mà tui thấy nhìu củng người nói và tui củng hiểu.,southern,
14567,Omg chị thăm quê tui,southern,
26000,Tui cai 3 nggay roi cho tui xin cai like,southern,
14820,Dỗi thật rồi nè,southern,
367,làm mắc khui bia thiệt nghen,southern,
26445,Ê tui hông dám nhảy giữa đám đông luôn á,southern,
23262,Miền Nam Nè Anh :)),southern,
1002,Kiếm hông ra luôn á trời,southern,
27869,Xem đầu tiên nè a,southern,
25917,Kem mochi ko phải chảy đâu nó mền như vậy đó lúc đầu tui ăn cũng tưởng là chảy,southern,
22192,Xinh đẹp lại còn hát hay nữa Chắc kiếp trước niệm Phật dử lắm nè,southern,
28670,Nghe xong lú luôn Não tui : ???,southern,
18184,"Ben tre que tui do cac ban,dep va tho mong ko moi nguoi?",southern,
16683,"Hoa màu đỏ làm nước uống ngon lắm hồi lớp mỗi giáo, tui hay làm uống,",southern,
1601,"đồn bậy thiệt chớ, đứa có nửa thùng chớ nhiêu mà đồn đô cao",southern,
18947,"Em ở Tri Tôn An Giang nè, nghe kể thôi là rợn người lắm rồi, em từ nhỏ tới giờ không dám đi nhà mồ Ba Chúc ấy",southern,
10137,"ý là hồi sáng á, chớ bị thì lúc một giờ nè",southern,
19639,Coi cô nàng hiền quá đáng yêu vô cùng luôn á tôi xem nè thả tim thả tim mấy bà ơi ôi trời ơi Hiền Thế là ai chẳng biết trời được cái bà kiaời ơi học dốt,southern,
7805,giả bộ nói thử có cùng suy nghĩ không chớ,southern,
18300,miệng lưỡi của mấy bà ở xóm tui cũng cay nghiệt lắm. Bữa tui bắt loa tui chửi nguyên ngày. Tới nay gặp tui toàn gục mặt.,southern,
5536,Đêm cuối rầu! Tấu tranh thủ dẫn ngừ yêu cũ tương lai đi xem múa lân nào anh em!,southern,
20596,Chèn ơi nhìn thấy thì ngon đó nhưng bún riêu 40k đắt hơn trên bờ nữa chèn,southern,
25106,0:08 tự nhiên tui thấy nụ cười của ma cà rồng,southern,
23129,"Giờ mới bt ổng là ng Nhật, chứ tui cứ nghĩ ổng là ng Mỹ",southern,
15546,làm lễ y chang đội đạo tì của bên tui luôn. tui đảm bảo a này có đi làm đạo tì chắc luôn,southern,
14334,Cảnh đẹp quá cs hát hay . Đ A mãi đinh..iu nè,southern,
10182,"Mặc 3 lớp áo, mang tất mà vừa ngồi vừa run. Đi dìa trùm mền cha rồi",southern,
6907,nay có ông quại lên chơi.,southern,
5668,thấy ổng cứ xà quần chả làm được gì.,southern,
18876,Em ở An Giang nè,southern,
16708,Tui nghe có giọng của chị panda tn,southern,
15823,ọ tui là con gái mà xem xong tui phải thốt lên là bà Linh đáng eo quó,southern,
17360,Anh khang ơi em cũng tên khang nè nhưng mà tên thật của em là Trần Văn,southern,
25654,Quê em cũng nam đinh nè .,southern,
14987,Em ơ Đà Nẵng nè chị,southern,
14421,Chưa từng thích 1 youtube nào như anh. Cũng chưa từng thấy youtuber nào không 1 lời chê như anh . Anh ơi qua Tokyo e đưa đi chơi nè,southern,
19032,"Hồi e còn nhỏ còn đi học qua cầu khỉ nữa nè, toát mồ hôi, siêu kĩ niệm",southern,
16019,Thấy ghét tui cũng là tên Hải mà sao ông lại nói tui già,southern,
19307,Em ở Đà Nẵng nè anh chuối,southern,
19541,Này thì người yêu cũ nè,southern,
13863,quần điểm của gd tui nè ? tiền ai người đó giữ ? ai cũng đi làm có lượng lên ai cũng biết phải chi li? lên ko bao h cái nhau là vậy?,southern,
20870,Uây quá là tuyệt vời quá là yêu quá là hay xin chúc mừng 2 ca sĩ nè chúc 2 ca sĩ nè nhiều SK vui vẻ cười tươi mỗi ngày thành công trên con đường sự nghiệp HP bên gia đình và người thân yêu của mình,southern,
14008,Anh Quang Lê quá thân thiện bà con ở Huế thương anh quá trời,southern,
9633,"Qua cầu Mỹ Thuận đi thẳng chớ, quẹo phải chi rồi về Đồng Tháp.",southern,
9714,bạn đừng đi đi dìa dìa nữa là trời đẹp như trong ảnh liền.,southern,
14950,quê tui đó quí dị. chất phát thật thà.,southern,
24799,Gia đình tui Mẹ tui giọng bắc ng hoa Ba tui ng tày Tui ng tày giọng bắc :) rõ tui là ng nam nhưng nhiều ng hỏi bn ng bắc hả ?:),southern,
21848,99 bắc ninh điểm danh nè mn,southern,
13879,"MÓN NÀY RẤT LÀ HẤP DẪN NÈ, COOK BÉO OK",southern,
596,hổm khui bia trúng 20 ngàn nè,southern,
27577,Tui thấy ai cx vậy họ ko lmj mik thì hà cớ gì phải kì thị họ ghét bỏ họ đối vs tôi thì người dân Việt Nam như anh em một nhà phải yêu thương lẫn nhau Đoàn kết là sức mạnh,southern,
7267,gần hơn 30 còn đi coi lân na bạn,southern,
26951,Hong biết sao tui nghe là hôm nay anh cưới Đỗ Đạt,southern,
9499,"Đừng có phỉnh, đi lên chỉ có 2 trái",southern,
17235,Hihi tui mê Khoai với Chan rồi nhaaa . Đẩy thuyềnnn,southern,
14250,"Mấy cha láo quá trời ,700 m2 ngày cắt máy 3 .4 chục kí . Toi tháy mô hinh này mà i răn nó biét là nó mua về đễ chế bom",southern,
18570,Chuyện hay quá người kể cuốn quá trời luôn,southern,
21006,Phát âm tui là sao,southern,
28074,Wow đồ ăn ngon quá em chảy nước miến muốn ăn quá trời,southern,
18613,Tr ơi khoái clip dài như này nè 2 tiếng cũng đc nx anh khoai ơi,southern,
17568,Tui thấy bài này rất hay tui còn phải xem hai lần,southern,
15127,Cảm ơn bạn giọng nói của bạn rất chất phát tui rất thich.,southern,
16655,"Quan ốm ốm mà ăn dữ thiệt, tui mập mà ăn ko dc nhiều :D",southern,
22626,tui đi qua 30 lần rùi,southern,
19935,đám cưới vui quá chắc cô dâu hạnh phúc lắm nè,southern,
16344,gấu con xin chúc cô sim buổi tối vv ạ chúc sksp càng ngày càng thành công ạ đi đâu thì cũng k đc quên ba mẹ nè đúng hem cô simmm,southern,
15210,E ở quảng trị nè,southern,
26456,"Tui nghĩ: tui thấy giống học sinh cấp 2 mà, chứ học sinh cấp 1 là từ khoảng 11 tuổi trở xuống và không thể với tỉ lệ và mẫu đồng phục này.",southern,
23597,Tui thích giọng miền Nam vì tui ở miền nam:),southern,
22486,Chời ơi con bạn của chị an dữ vậy,southern,
21973,Nghe tuần cười chị cũng cười theo muốn bể bụng luôn nè,southern,
18631,mê chú huy quá trời,southern,
3290,Mắc dìa quê lắm rồi nè.,southern,
25827,Nếu thi ngủ mơ thấy mặt này thì tui bay màu lun rùi lên thiêng đàng lun á,southern,
1378,"xin chữ kí lẹ mày ơi, nữa ổng nổi không gặp được nữa đâu",southern,
14145,Em Quảng Ngãi nè em chỉ biết đọc tiếng Đồng Nai,southern,
27700,SIn hoi từ chi bai ka li nè là gì,southern,
15832,Ba an bò khô tui cười xỉu,southern,
18440,"Thầy bẩy chết rồi,mà sao quậy quá trời",southern,
17283,Sao tui cưng ổng dữ chèn ^^. Và Hà Giang tuyệt quá chú Khoai ơiii,southern,
23221,"Võ thị Sau là ok,các vị còn lại đều đáng kinh phuc va biet ơn,quan điểm cá nhân tui",southern,
28173,Bà ơi cho tui hỏi. Bà xuất file timelapse từ dji act4 qua lap bằng cách nào ad bà. Tui tìm trên mạng với yt mà ko biết tới bà ơi. Giúp tui được không vậy bà ạ. Tui cảm ơn nhiều ạ,southern,
1707,Rồi mắc gì hổng chạy thẳng mà quẹo quẹo chi dậy? Rồi bay xuống kênh giờ nè!,southern,
16682,"Trái đầu tiên của video nhà em quá trời, mà em ko bt ăn đc ko nhờ anh mà em đã nă thử",southern,
14989,hy vọng là cóa dịp được cùng đi vs bạn khám phá quê tui ( quảng ngãi ) cùng với những món quê (quảng ngãi ) và cũng đi đảo lý sơn :P,southern,
519,"Dứt hông ông nội, mang gà ra liền nè.",southern,
20057,Chú ơi con là mgười hâm mộ của chú nè chú,southern,
14326,Gia đình chị vui quá nè <3,southern,
22547,Kkkk giống tui,southern,
10049,"hông biết nữa , nào tao lên thì ra coi",southern,
18946,Hông biết có ai coi tới cuối clip hông ta?,southern,
7485,Phỉnh con nhà người ta à,southern,
18634,Có ai ghé ghe muối đón giáng sinh với chị em tui ko nè. Ký tên : Hai cà Nanh .,southern,
14913,2 nghệ sỷ chèo thần tượng của tui,southern,
25612,Em ở Nam Định nè,southern,
21411,"Nghiện giọng hát của TV rồi nè , quá hay luôn e ơi",southern,
18182,Giồng Trôm tui đây. À mà NGHÈO nhưng KHÔNG KHÓ đâu. Sướng lắm,southern,
14889,Day moi la ca tuoi ne viet gian nguy tuy ngheo nhung Tu lam ra de song khong nhu viet gian nguy danh thue danh muong song nho vai dong tien thue cua nguoi lao dong hen ha,southern,
16313,Xem hành trình rực rỡ giờ mò lại tìm nhạc chị bích Phương có ai như tui ko,southern,
17811,Nhìn khu vườn của chị mà tôi phục chị quá trời! Tôi ở HN chứ tôi ở khu vực của chị chắc xin làm nhân viên của chị quá!,southern,
10256,Gỏi cá trích mà làm xị đế nữa là bao nhức nách,southern,
26141,Ai nghe bài này mỗi ngày như tui điểm danh cái nào ae,southern,
6511,Cái bảng chỉ đường nó chà bá!,southern,
18150,có ai để ý áo chị pít hông,southern,
19636,Hồi năm lớp 1 em cũng giống như vậy nè không vui chúc nào,southern,
13541,Em cũng dân Quảng Ngãi nè,southern,
19027,"Chỗ này gần nhà tui nè. Mà mấy cái chồi nhỏ trên đầm là chỗ để ngta canh giữ sò huyết á, chứ nhà họ trên bờ, cậu tui cũng có nuôi sò ở đó",southern,
16960,Tui có đi nè vui lắm,southern,
22498,Ờ ha tui cũng ai hỏi cháu,southern,
14774,"tks banta , tui la fans cua banta nha, videos dep , rat hay, chi dan tot mua nang , he , thuong mac do nhat , mau trang ko bat nang, nong (banta mac do bat nong , mau den bat nong nha )",southern,
21000,Bé Giỏi quá trời,southern,
6652,tui nghèo không biết mắc cỡ luôn nè.,southern,
25393,tui mê ăn xôi (xôi trắng và k có lạc) thêm tý dăm bông lạp xưởng là okie chứ topping nhiều ngán lắm,southern,
16860,Gặp bà này thì tui sẽ chạy còn gặp bà hàng xóm của tui mà nhảy là bả cũng dũng cảm lắm á,southern,
1244,Thấy bảng số cùng huyện dí theo coi quen hông mới ghê,southern,
19854,Tui theo Đạo Chúa nè tui đi học giáo lý nè,southern,
27548,Nếu họ k vì phạm hiệp định Giơ nè vơ thì đâu có cuộc chiến đau thương này,southern,
12241,coi mua mì tôm trữ chớ yêu quái đến rồi đó nghe.,southern,
28720,Chuyển về nhà tui mà làm ca sĩ,southern,
25751,Cháo lưỡi mà bán 50 k thì cá nhân mình thấy hơi đắt.(tại tui ở tỉnh nhỏ lẻ á),southern,
26208,"Tui đang ở khu Nghí Sơn luôn ,không phải người Thanh nhưng thích Thanh Hóa lắm ạ",southern,
28738,Nghe giọng của Chao nghe dễ thương và yêu quá . Mình người HN mà còn k được nghe giọng hay thế này .yêu Chao nè,southern,
23490,em quê nghệ an nè,southern,
10859,mai mốt rủ đi đâu thì đi đường thẳng thôi nha,southern,
13190,thôi đi dơ chân tao mắc công rửa,southern,
14919,Quá tuyệt vời ...người con gái quê ta ...Thanh Hoá quê tui ..!,southern,
26542,Ôi tuổi thơ của tui,southern,
23791,Tui đúng jack nè,southern,
23167,Tiếng huế tui,southern,
5549,3 cái bùng binh tròn vo luôn,southern,
17868,"Chỗ tui gọi là trái cá, tại ở trong nhìn giống con cá, thích lắm mà giờ hiếm cực",southern,
22457,mình nghe mà thấy buồn quá tui muốn khóc lóc luôn rồi,southern,
18275,Kenh ra video nao la tui xem vd ay ...,southern,
15069,Bạn hát ca khúc nào cũng hay nghe thấy đã còn hát ra sao cunngx biết ứng xử để người dù họ không thích cũng lựa lời nói không để mất lòng ứng xử là cách làm cho mình được iu thương hơn hãy chú trọng nhất là người congi chúng Cám ơn Hông Nhung,southern,
8546,chỗ này xa hông? Sao mình hông đi chỗ này?,southern,
21617,Tui 10 tuổi mà còn chưa thuộc bảng chữ cái tiếng Anh,southern,
25717,Coi từ Facebook qua nè,southern,
17883,"Trời, rệp phấn trắng . Vườn nhà tui cũng đang bị nè. Cứ động vào là nó bay lên. May quá gặp nàng. Cảm ơn nàng nhiều",southern,
21717,Thuần Việt 纯越 nghĩa là gì ? Việt 越 là gì biết chưa nè,southern,
23445,Tui nghe full hết rồi cần hình ko,southern,
22124,hây lắm tui thích,southern,
26843,Ronaldo về Việt Nam đi mà Tôi là người Việt Nam Nè,southern,
22771,Bữa giờ em kiếm anh quá trời,southern,
18020,"Đối với tui giọng đọc của cô MC là đặc sản miền tây: vừa ngọt và truyền cảm làm sao, nghe hoài mà không chán, nghe riết rồi ghiền luôn. Tôi đã đăng ký rồi, trước để đón nghe tiếng nói dễ thương của cô MC, sau là để xem cuộc sống và ẩm thực vùng miền. Cảm ơn chương trình nhé",southern,
9345,quẩy dìa mà mắc mệt luôn á bây!,southern,
26405,Bắc Ninh nhưng tui ở Ninh Bình vẫn nhiệt tình cày . Mỗi 1 like sẽ nghe lại 1 lần ạ,southern,
10276,"bạn dìa đi, xong xui rồi dô tiếp.",southern,
27721,tui miền trung vào bắc mà cx bị kì thị khó hỉu =((,southern,
14470,sớm nè anh,southern,
14382,Sẵn ở Phú Yên . Đi thêm Quy nhơn quê em đi anh. Đi ăn bánh canh bà O . Ăn lẫu cua ở Tuy Phước . Còn nhiều đặc sản ngon lắm anh. Thấy anh đi Quy nhơn rồi mà chưa khám phá hết . Đi thêm Hầm Hô ở Tây Sơn nữa nè . Bao đẹp nè .,southern,
13860,Ôi tuyệt quá nè,southern,
25877,Em đeo mắt kiếng nhìn trẻ nè. Giống diễn viên HQ …..,southern,
13383,"Thì ra bạn là con trai, phải chi chụp mặt nữa ngon luôn, coi thử có đẹp trai không",southern,
28639,Tui xem hết cái này chắc bất lực quá,southern,
28332,Tui cũng rất là buồn nhưng không kìm đc nước mắt của mình,southern,
23821,Tui người Nghệ An nè,southern,
25496,"Tui thấy bánh trung thu đâu có gì ngon, ăn ngán mà giá thì mắt nữa. Cám ơn chủ kênh đã chia sẻ video.",southern,
20903,"Lần đầu tiên xem cảnh nầy, tui rất cảm xúc, nhớ về thuở nào! Nhưng còn thiếu cây đàn vọng cổ, sẽ tuyệt vời!",southern,
7936,Hình như hồi sáng có bé bị mất xe nè. Kiếm quá trời hông ra chiếc xe,southern,
685,nghe câu đấy quá quen thuộc rầu nghen con.,southern,
22323,Ủa khoan sao giống sol a dữ vậy,southern,
6166,Thằng này nó ở Trà Vinh chớ ở quê tao chắc bầm mình rồi .,southern,
27445,Ê nha đúng í tui lun,southern,
28432,"Thik nhất 4 cái giọng .Tanjito ,với ,zenitsu ,với Inosuke ,với Nezuko. Chòi choi dễ thương quá trời ạ.",southern,
23009,Lớp e có đứa tên Đại nè,southern,
8171,"Đâu có chửi một tiếng, chửi lần 3 4 tiếng không à",southern,
22483,Quê của tui bình dương tui đang ở,southern,
23093,"Ngất xỉu luôn mà,,, phải ngất dưới sàn nhà chứ. Sao ngất luôn trên bàn vậy chim,,. Khó ..,,, .p Trời đất ơi là trời, ,,,",southern,
18133,Phân khúc 500k... Phải không m.n tui thấy rẻ hơn ở Nha Trang luôn,southern,
15371,Quá trời anh tũn rồi,southern,
5993,nhìn ca nước trà đá đã thiệt á chớ. Cái nư uống cỡ đó mới đã,southern,
27133,Em nói nè Tại sao thằng chủ nó nuôi mấy con mèo xong tự nhiên đặt camera làm chi tới khi mà thằng chủ nhin thay con sói chuẩn bị cắn hai con mèo May cho mây con meo no thông minh chư no ma không thông minh thi no chêt tư lâu rôi,southern,
17299,Cái nhà bự đợt đi câu cá gặp nè,southern,
20298,"Tui dan saigon nhung tui yeu tinh cach cua nguoi dan mien tay qua , that tha chat phat , co sao noi vay , ko mau me",southern,
21261,Tôi miền Trung nè,southern,
7514,Vì mấy hột đào mà bị rượt chạy muốn tuột quần.,southern,
18529,Sao tui thích kiểu văn phong miền tây như vậy ghê. Nghe thích cực. Kiểu gần gũi,southern,
26420,Học sinh cấp 2 sao mà Nhỏ dữ vậy,southern,
16703,"Sao chủ kênh ko ghim tui vậy người khác ghim mà tui ko được ghim hả nhưng trừn khoản hai giây đã có gì đó sai sai nhưng tui ko được chủ kênh ghim vậy vậy /\_/\ •^• hmmm (•^• ) ()()()___---^^^,,,(> <",southern,
22407,Nhà tui cúng đau mắt đỏ mà có mik tui ko bị,southern,
28701,Mình hiện tại cũng sống và làm việc ở phúc kiến nè,southern,
20802,Chắc con trai đi mắc mưa quá trời nghỉ mệt phải không bữa nay mới làm clip moi,southern,
7044,Câu cho bá tánh bình an,southern,
28673,Sammy đào thấy rồi là sammy đào kêu : phong ơi lại đây với tui còn phong chắc là ăn đập rồi,southern,
23977,phú thọ là quê của em nè chị,southern,
22897,Miền Trung cách nói không hiểu nổi ngộ nghĩnh quá trời,southern,
13507,"E ở chỗ nào khánh hoà vậy? C cũng quê khánh hoà, c ở diên khánh nè. Chúc kênh của e ngày càng phát triển nha!!!",southern,
18321,"truyện ma vậy đc nè, nghe hk biết sợ... like liền like liền...",southern,
10004,ông trước kẹt xe có cái coi chớ mấy ông sau được xem miếng nào đâu.,southern,
18018,nhãn indo nè,southern,
28640,Tui coi mà cười rớt nết luôn á não hết hoạt động luôn rồi,southern,
17896,C oi .e bơi bên FB qua nè.hạt mua đâu c,southern,
453,Nghe mà xót ruột quá à.,southern,
19598,"lúc tui học thầy cũng vậy đó,bình thường dữ lắm dự giờ thì biến thành ông tiên",southern,
18364,"Nghĩ cũng hay truyện ma có khác, cứ là ma thì chỉ có ma nữ k có ma nam con ma nào cũng tóc dài k có tóc ngắn Tui ước 1lan đc nghe ma nam mà cả hơn năm nay nghe truyện ma chỉ thấy ma nữ tóc dài có tg nào có thể viết ra truyện con ma nam đc ko",southern,
23163,"Tui Huế mà sao tui không hỉu cà rịch cà tang , mà chưa nghe bao giờ luôn",southern,
19555,MV đám cưới ÚT đẹp quá hà...Anh Trai chúc ÚT trăm năm hạnh phúc nè... lọt vào Tap thịnh hành ln nha ÚT,southern,
359,"sắp sinh nhật em rồi đó nghe, coi làm sao làm.",southern,
18963,"thích clip như vầy nè khoai ơi ,đừng đi đâu xa,nước mình có đủ hết á em",southern,
7170,"hồi nhỏ chuyên giả bộ ngủ trưa, giờ kiếm thời gian giả bộ thôi cũng không có.",southern,
17982,Nồi cháo vịt hấp dẫn quá trời,southern,
24326,Anh tui cũng thích ăn cay,southern,
14958,Hôm nay SH đôi mũ đẹp nè.,southern,
14405,Em ở phú yên nè,southern,
27697,Huhu ai như tui ko muốn học phát âm với nghe tiếng để xem phim,southern,
16571,Mọi người ơi tui nhớ về ngày xưa cha mẹ tui còn sống thì tui cũng như thế này,southern,
18037,a LÂM HÙNG lúc mới nổi là nhờ ca khúc. chuyện đời. theo như tui người an giang. mà lúc truyền hình trực tiếp trên tivi. ở đồng tháp. lúc đó hình như là khán giả tặng hoa. hồ như sót lại số ít.,southern,
26170,"Úi toàn những người giỏi chơi với nhau mà kkk nhìn cưng thiệt coi mà ham ghê bằng tuổi mà Jenny giỏi thiệt tuy không học được ở Tq những học ở Nhật cũng tạm hẹ hẹ, chị Hà xinh xĩu vibe dịu dàng hẹ hẹ , Harry cũng quá trời ngầu đẹp trai giỏi",southern,
28503,Trời ơi tui khóc khi đọc thư của cj trang,southern,
27963,"ăn cơm cùng gia đình??,tui thấy video nào ổng cũng ăn một mình",southern,
25060,"Like ổng đi , quá hay ! Tui đăng kí ông r",southern,
27997,"Mâm nào cũng ngon, đầy đủ các nhóm chất dinh dưỡng, người nấu khéo tay lắm nè !",southern,
3960,cứ cún là bự bành ki.,southern,
14515,Cái gì mà liên quan đến ct tui đều muốn xem hết… mê chất ngất ct 2ngày1đêm. Dbiet là AMười và NKH,southern,
12184,"Lấy vài cây nhang đốt lên thử, thử coi lên thiệt lên giả là biết hà!",southern,
21257,Mình miền trung nè,southern,
26842,Tui phải học mới. Được chứ hay quá,southern,
15934,Anh Nàyy có tương lai nổi tiếng nè . Làm Video Vlog hay âm thanh ánh sáng chất lượng sắt nét . chi tiết đến đi đái cx quay và gặp Fan,southern,
27507,mình có itune nè,southern,
867,ra biển rồi còn quay vào lại nữa nói chung bảo này nó thích xà quần.,southern,
11603,"Nghèo hông đáng sợ, làm biếng mới đáng sợ.",southern,
14909,Tui là người Quảng Bình ..Là Fan hâm mô Thanh Tài & Thanh Quý..Hát gì nghe mà phê từng câu chữ ấy...Ước gì dc song ca với 2 ca sĩ một đoạn..,southern,
5232,Bả dí theo quánh bờm đầu vì dám đụng tới nỗi đau của bả,southern,
14852,HN vừa đẹp trai đúng mẫu vừa thông minh vừa có giọng nói ấm áp tôi rất thích nghe và hồi hộp nè,southern,
24097,Bcs là gì v mn? Tui hong bít,southern,
19265,"Thiệt ra mình chưa ăn đồ thái chính thống bao h nhưng xem nhiều ng review là ng Thái họ ăn chua cay và mặn lắm, đồ ăn họ ăn có lúc vừa cay vừa mặn kinh, nội mà tui coi mukbang của chị gái xăm mình mà mẻ húp mắm như húp súp là hiểu luôn :)))",southern,
20548,Thất nghiệp quá trời luôn rồi,southern,
3162,"hèn chi tao nằm mơ thấy, chớ tao mắc ngủ",southern,
28448,Ê làm thêm otp red sun và mặt trăng quỷ đi chờ hoài rồi nè trồi ơi,southern,
14679,Chi thanh hoa ơi Em chỉ biết nói chị hát hay quá trời luôn ạ,southern,
16142,"Xem những hình ảnh này mà trong tận thâm tâm xuyên sao ,ko biết sao nước mắt lại rơi những kí ức tuổi thơ của tui bây giờ còn đâu ,nhớ cái Tết quê xưa bình dị mà mọc mạc",southern,
18858,Sao tui mê cái nụ cười của a Khoai quá trời huhu,southern,
17287,Anh tui dạo này quay lên tay hình ảnh xịn xò quá đi =))) làm em nhớ cái video đầu tiên anh quay ở thảo cầm viên chóng mặt gần chớt.,southern,
18464,"Thể loại truyện như nầy nghe hay đó à nghen Tác giả viết thêm nhiều nhiều tin là rất nhiều người ưa đó, mc diễn đọc cũng tuyệt vời luôn",southern,
19075,"Kỷ nguyên vườn mình phát triển 10/100 mỗi năm của Tô Lâm nè , Hắn đem tất cả tay chân người thân của Hắn ở Hưng Yên vào làm trong bộ máy chính quyền thì đất nước VN sắp vươn mình đứng lên để đi xuống địa ngục nhé",southern,
20891,"2 vợ chồng dễ thương quá trời , chân chất mộc mạc,",southern,
15576,Tui là người niềm tây,southern,
13983,"Đàn ông mà nấu kỷ thuật chuẩn, giỏi nhìn ngon quá, vợ sẽ cưng lắm nè.",southern,
18935,"66 Đồng Tháp nào mn ơi 25h thử thách tập 7 anh đến với vùng đất sen hồng 66 Đồng Tháp nha anh. Có rất nhiều địa điểm du lịch sinh thái hấp dẫn nè: Tràm Chim, Gáo Giồng, Xẻo Quýt, Chợ Quê Tân Thuận Đông, Làng Hoa Sa Đéc, Đồng sen Tháp Mười...",southern,
18495,Tôi khóc sưng con mắt.tui bắt đền bà cúc,southern,
16084,sướng quá trời gòi,southern,
25930,Tui hồ nghi vì không đủ dv nên anh Uy Thẹo vệ sĩ bị ép lên casting,southern,
28531,"Nhưng học sao, dưới 10 độ trường tui đc nghỉ :))",southern,
2643,chị em mình hẹn hùng uống kiếm một chiếc đi nè,southern,
21895,"Ae Quảng Ngãi đông thế, mình cũng Phổ Hoà, Đức Phổ cũ nè",southern,
18118,Chị tui Fan của Bông tím nè Thấy bông tím ốm quá trời Em cũng muốn tải ap Meete để giảm giá :-) ฅ(๑*▽*๑)ฅ!!,southern,
28502,trời ơi h1h4 nói ko biết tiếng mà ai ngờ đó nhe fan làng hiha aut nè,southern,
26645,"Tui mê bả ở chỗ bả xinh quaa troii luonn, lâu lắm ms thấy Na có vlog",southern,
15914,Tui kết ông này rồi đấy,southern,
8452,tấu nay thử coi ai cao hơn ai nhan,southern,
9869,Cái chảo bành ki chứ bộ.,southern,
24691,tui tìm video cảm động ai ngờ ra video cảm lạnh,southern,
16780,"Bé Diễm ơi chị chỉ e nè có thiệt nha kg phải mê tính đâu, khi Diễm có dấu hiệu đau bụng e lựa người nhẹ bống vía (những người hay gặp ma á) đưa đi sinh, thì dễ sinh lắm như chị nhẹ bóng đưa bạn chị mấy đứa đưa vào bệnh viện khoảng 1 tiếng là sinh liền hà",southern,
16837,Đến đoạn cuối tui bất ngờ:))),southern,
20488,Em ở Cần Thơ nè anh vinh,southern,
17310,Sao tui ở miên nam mà cũng y chang miền Tây luôn á,southern,
22292,a thắng người này làm rất ok nè e bị 3 1 7 cuối gạ t nè,southern,
22056,Hay quá trời luôn á Ý ơiii,southern,
17988,Tết 2026 tui ko còn Ba mẹ nữa buồn lắm,southern,
17191,Lập hát bày này hay quá nge mà ghiền luôn đi vào lòng người nè,southern,
20170,"Tui se chay ve vn di Cai Cho nay lien , thich con nguoi o day qua , thiet tinh , de thuong , than thien vo cung",southern,
20934,"Chèn ơi...nghe giọng đọc là đói bụng, nhìn là thèm...thui đi kiếm món gì bỏ bụng thui...haizzz",southern,
23444,"Tui lấy chồng QB, nhà chồbg kiu : Quét nhà mà kiu suốt nhà (Quảng Bình )",southern,
16349,em là fan của chị nè mong chị rep,southern,
19584,Khi bn xin tui một miếng:)),southern,
8206,Phun thuốc lên mùng hay sao không có con ruồi nào hết dậy?,southern,
16874,Hồi trước tui cx gặp 1 ng như v Xg t sợ quá lái xe tông vào cô ta,southern,
27369,Tôi xem từ hồi mới có video lịch sử Việt nam nè mới đăng đc 2 tiếng luôn,southern,
17407,bình thường coi mấy video hài quá trời mà ngoài đời trầm tính ghê ha,southern,
28063,Chị hà sam ơi em là fan Tony tv nè,southern,
22730,Tui thấy có j đen tối đâu,southern,
5240,chắc cú rồi trật đi mô nữa !,southern,
24016,Cho 2 cây monthong thái và sumaking nè e,southern,
14524,Ông tui cũng nói trong đó ông tui 83 tuổi là cựu binh năm đó á quân ta khoảng 5-6 nghìn quân đánh ở ngay sông thạch hãn và ngoài sông xong lúc đó hết lương thực mới chết mấy trăm người ông tui mai mắn sống đc nhờ ăn khoai với chè phẩm với nước sông khó ăn lắm.,southern,
16974,"Bố mik câu đc con cá mè đen 26,4kg nè nhưng phải 3 người mới khiêng nổi",southern,
6012,Cắt xuống đem xắt thành từng miếng nhỏ chấm với nước mắm ngon nhứt nách luôn.,southern,
17978,Cái món này nó ngon động trời luôn đó nghen,southern,
20562,Tui cảm ơn năng lượng tích cực của bà đã truyền tới tuiii,southern,
27591,Nếu người bán là trai đẹp 6 múi chắc tui là khách quen của quán luôn quá,southern,
26430,Hôm đi fan event mình co gặp chị Ngọc Châu. Giờ chỉ lồng cho Sera Masumi nè.,southern,
20478,Em cũng ở Cần Thơ nè anh. Chúc anh và cả team cuối tuần vui vẻ,southern,
23652,Quê mình ở nghệ an nên dễ quá trời mà nói nhanh quá nên gì mà mình đổ ra cấy xọ rồi chạc á,southern,
5425,hay là kêu nó sắm cọng dây chuyền gắn vô đeo trên cổ luôn đi bồ.,southern,
22763,mèo simmy trờ ơi phen của tui đó,southern,
21921,Ông TRƯỜNG GIANG tui cười chết mất kkk,southern,
19616,Em nè chị,southern,
26870,Tội anh ghệ tui,southern,
3333,hóng mai kể tao nghe coi,southern,
18924,Nhìn mà thèm quá trời,southern,
1857,Bún nước lèo chỗ mình không có hột vịt lộn.,southern,
27436,Việt Nam mới đúng còn hàng Trung Quốc hông đúng ko hàng Trung Quốc béo,southern,
22256,Cute quá ik Đúng là idoll của em có khác nghen..,southern,
15416,2026 rồi nè nhanh ghê,southern,
18757,Fan của cô ma hai Nguyệt với ông hai Tràm nè ê 2 nanh mày chọc gì ổng mà để ổng rao muối thấy gớm vậy mậy thích nghe chuyện của Quỳnh nhất mà ít ra tập mới quá hiccc,southern,
25841,hóng cả tuần gòi cj nè,southern,
26766,"Này mà ng thân như cha mẹ, vk, con,... mà xem thấy clip này chắc đau lòng lắm. Tui ng ngoài xem mà còn thấy buồn thay cho bác",southern,
19215,Chị quay phim toàn video hay em đăng ký quá trời,southern,
6576,"Mình bây giờ vẫn gọi cái sỉ nè dì, quen miệng rầu. Nẫu, quơ kêu từ nhỏ.",southern,
28584,Em fan anh vinh depzai từ video đầu tiên tới bây giờ vẫn là fan cúng như đinh đóng cột nè ạ,southern,
8220,Thèm thiệt nhưng mà ăn nhả hột một hồi mỏi cái miệng.,southern,
16562,Món này dể nấu mà dể ăn nè nhon nhon,southern,
9086,Nhìn mặt coi bộ bé này tết không có tiền tiêu nè,southern,
14472,Cùng quê với thành phố nè a:),southern,
27808,hứa minh đạt vai Lũ trong phim tiếng sét trong mưa nè,southern,
14523,"Ba tao chiến đấu quảng trị, h thương binh nè Nói nó thả bom anh em chết tan xác nhiều lắm, đau thương, tang khóc voi cùng",southern,
18654,chuyện này coi ra cũng vui vui à đa ! hiii mình rất thích à nghen .,southern,
23175,Hay là sinh tố đi huế đi em cũng ở huế nè anh nhà em ở thủy tân hương thủy á anh,southern,
18893,Có mình coi hết từ đầu đến cuối luôn nè Hay lắm giờ mình mới biết bánh ca tum đó Cảm ơn Khoai đã chia sẻ,southern,
14407,Quê của em nè,southern,
25086,Tui và mẹ tui,southern,
16549,Tui cs thể lm đc 1 miếng trứng vs 2 tô cơm=>,southern,
17542,Gd em cảm ơn a Phương vì nhửng video miền Tây rất đáng mến gần gủi thân thiết .. em đang sinh sống làm việc ở Thụy Sĩ có dịp về thăm quê anh em mình chặt dừa đua nghe ( em củng dân Bến Tre đó nghen ),southern,
26775,"One son of girl trông mòn mắt ghê ! Hát hay nữa! Nay trong ct: Hoa Xuân Ca, Hòa Minzy hát quan họ hay quá trời !",southern,
17214,Em là phan anh nè.,southern,
9937,dìa quê ăn thâu,southern,
20557,Nhờ sự lãnh đạo tài tình của khỉ trường sơn nên đồng bào mới có ngày hôm nay ka ka ka còn dài dài nha tui đã nói một năm trước rồi he he he tui bán hàng rong tui còn dư doan được cân gì mấy nhà chuyên môn kinh tế ha ha ha ha,southern,
1214,"hông, hông biết nấu ăn thôi à chứ mấy cái kia là đúng rồi.",southern,
18915,"con người quê hương Việt Nam của tui thật đẹp, làng xóm thân thiệt, thật thà... cám ơn Khoai đã có thước phim hay và ý nghĩa...",southern,
20684,Bởi nhà tui kg làm giêng trời,southern,
5346,hỏi ổng ở đâu qua chở ổng tới chỗ cho ổng coi.,southern,
13865,"Tui thấy gia đình Tú vẫn ok mà, Còn tốt hơn nhìu 1 số ông chồng rượu chè cờ bạc về còn đánh vợ con. Còn việc tiền nong như Tú kể thì ở VN cũng vậy thôi, Vợ ở VN mà ko đi làm ra tiền thì cuộc sống cũng vô cùng khó khăn...Bạn hãy vun đắp cuộc sống gia đình, Chồng bạn là 1 người tốt đó.",southern,
28422,cây cầu này bên thủ đức nhà con nè,southern,
19107,Tôi là người cà mau nè,southern,
24467,Em cũng tên Kim Yến nè,southern,
13742,tui cung luoi,southern,
19016,Xem đi xem lại mấy lần mà vẫn ghiền nè .. iu quá Khoai ơi ..,southern,
2328,thì cũng phải ghi vô chớ bây ơi,southern,
15331,Cảnh đẹp quá em. Hỏng biết khoai ngủ ngoài bè có bị muỗi cắn khg nè,southern,
18258,"Ui nghe có tin giá dừa tăng lên, Katie lây cho các bạn… cảm ơn các bạn đã chia sẻ 1 video thật hào hứng nhé, quá trời là vừa nhìn thích quá… Katie mến chúc bạn ngày mới an lành..",southern,
21860,... TÔI THÍCH ĂN BÁNH XÈO VẬY NÈ ...,southern,
14375,Lâu quá hk thấy ông anh.. hóng hớt ông a khoai tui quá... a h trôi dạt nơi nao dồi,southern,
27937,"20k ăn được cả ngày nè anh =))) Sa tế, làm tỏi thơm, hành tím, sa tế, đường, đun tới khi thấy vừa, cắt ớt, bỏ thêm, và thế là xong",southern,
19413,Lỗ òi tui tính đống đấy nếu như chỉ 1 cái susi thì 95 2 cái thì 100,southern,
28207,E nhìn thẳng vào mặt chị nè mặt trăng nhé kk,southern,
19497,Chị chị Nhung mi tu te hột me why chị ơi chị có người xinh đẹp như hoa của anh hi ha đâu hổng thấy đâu chưa anh hi ha ở đó hay gì vậy,southern,
21964,"Anh trai nói đúng , cả làng tui , đều có người thân ở nước ngoài , nha trang nha",southern,
21744,Dịch: Cái chương trình gì mà cũng phát sóng lúc 20:00 trên vtv3 và VTV go á cái chỗ mà chương trình số quốc gia á. Từ thứ hai đến thứ sáu mỗi tuần mà không bỏ bữa nào Tui người miền Trung nên hiểu đc nhe,southern,
16018,Tui tên Hà ne,southern,
21810,Này hồi cấp 1 cô t bắt làm nè nó vô cùng hiệu quả,southern,
19026,"Quê tui...,thấy bà chị Bé Ba trong clip.!",southern,
23964,Em cùng quê với bác hồ nè,southern,
18871,Em cũng ở AG nữa nè,southern,
26820,"Có chuyện nữa nè rất thích cách sống của em Ronaldo ,sự tử tế và nhân hậu ,thương Mẹ và Vo con ,mặt hien , tưong cao rất rất xinh trai",southern,
22925,Em xem sớm nè chị.Em ở Hà Nội nhưng không có cơ hội gặp.Nói thật chị nói giọng Bắc giống khoảng 89%,southern,
26330,Đặt cho tui 10 cái slam nhiều màu nhé,southern,
24850,Nói tiếng miền Nam Giỏi dữ vậy,southern,
13024,"vui quá hà, đi lộn đường thấy mắc cười ghê!",southern,
17042,Tui chưa thấy có lóc tớ thế này tui thấy cá trê 8k rùi,southern,
25403,lúc tui xem la 32 TR LƯỢT XEM,southern,
14078,"Trời quới tui chính tông Quãng Ngãi đây món ruột đêy , ngon lắm mn ơi , thèm chảy nc miếng trong mua dịch này , Trời ơi thèm muốn chớt luôn !",southern,
16735,câu chuyện nghe mà bức xúc quá trời,southern,
27855,hàng xóm gtvt nè,southern,
2697,Mấy đứa học sinh bây giờ hông phải mà nói. Chạy cho cố vô. rồi báo người ta.,southern,
24833,"Miền Nam mãi đỉnh, mãi toẹt zời, tui cực kì thích đi miền Tây luôn đi riết mà mấy cô chú quen mặt mà rủ zô nhậu chung kkk cười xỉu",southern,
14034,Gặp được hai vk ck Tuấn vs Thảo là bao vui chơi hợp gu tui cũng trong mấy nay,southern,
17458,Có người đ đâu mà toàn nói khách đồng quá trời,southern,
27110,Tui fan Sơn đù còn lại anti fan hết,southern,
8044,Ổng nghe được ổng mưa ngập trôi con lươn ngay khúc mình thì mệt luôn,southern,
14180,Gần chỗ em nè,southern,
27296,Tui chơi như bạn nè,southern,
14654,Trời đất ơi là trời,southern,
6202,cái này hồi mình đi ngang thắc mắc quài nè,southern,
13915,"Cá ngừ tui k chiên,chả bao giờ tanh.",southern,
23934,Tui quê Vĩnh Phúc nè,southern,
26814,Anh mập ở Phú Quốc đúng hông,southern,
15852,"Xem video của c Giang cứ bị chill chill, vui vui ấy, ước video dài 30 phút, chứ có mười mấy phút hổng đã chị Giang oiii",southern,
20050,Em là fan của anh nè đình bắc ơi,southern,
12825,Làm tô phở xong hả tính tiếp.,southern,
24644,tui người miền Trung mà vài câu không tin là có luôn,southern,
22511,"Fan chị Vê xem clip Full gòi nè, bà Vê cưng nhất luôn",southern,
6330,"bữa hết lần rồi, mai mốt là hơn vậy nữa.",southern,
23313,Anh gà kiểu: ụa cái quần đùi j dị mấy bà già cái j đây:(? Làm khó tui thế:(,southern,
21621,"tui cũng có 3 loại ngôn ngữ nên học: HTML, Javascript, Python",southern,
6082,Muốn làm rể Kiên Giang để thử đô cái coi nè,southern,
11416,"Hết Tết rầu, phải đi làm thâu",southern,
21361,Tui mê qua rồi,southern,
18864,Xem những video của a này sao mà dễ chịu quá trời luon,southern,
21969,"Đọc một câu truyện đầy giả tạo , gần 40 năm 75 thì lớn tuổi hơn tui nên không kêu bằng thằng , nhưng ""ông"" nầy xạo đến mức trơ trẻn rồi . Ông ta không biết gì về guồng máy miền Nam laji cũng chẳng biết gì về trại tù cải tạo .",southern,
23533,Ai am đờ sống ở miền Nam quê ở miền Bắc mà lại biết nói tiếng miền Trung Ai như tui coment nha,southern,
18781,"2 tuần trước tui mới đi nhưng bảo ko thấy gì luôn , mặc áo mưa chơi luôn",southern,
24368,"Bỏ vài triệu vào tui, để đánh bài",southern,
15432,"Tui chưa ăn mà cũng thấy ngon nha , tất cả ai ko mua đc thì mở mukbang ăn vặt bà Tuyết lên coi nha :))",southern,
25551,người ta đi ra đường vào buổi tối mà còn tui đi ra buổi sáng mà,southern,
19199,Tui mới ngủ dậy thì sĩ ăn còn ấy của tui rồi aaa,southern,
15807,"mê c linh review đồ ăn, uống quá trời kiểu nó chân thật với bị cuốn í mn",southern,
19494,2 anh chị đẹp đôi quá em fan anh và chị nè,southern,
16410,Nè sao nhìn em ăn chân gà ngon vậy,southern,
20962,Cho anh gần em chút nữa hen- Hương Tràm- Bình Yên ở đây ở đây chẳng đâu xa rời.,southern,
17077,"My câu cá giỏi quá nè,anh chúc my luôn thật nhiều sức khoẻ và luôn thành công nhe",southern,
15947,Em buồn cười quá trời,southern,
19393,em sống ở Quận Hải Châu nè anh Chuối,southern,
19049,Tuổi thơ của tui trong nguyên cái clip bây giờ trẻ con toàn chơi dt ko biết thú vui đầy thú vị này cảm ơn e Khoai lang thang,southern,
13563,Tôi cũng giống nè mới học lớp một chờ nghỉ hè rồi sắp lên lớp hai lên lớp hai cũng y chang như lớp một khổ còn rè nữa khổ không hết cho nói bài tập thì cao đến tận nay cuộc đời còn hơn nữa,southern,
7060,"con gái cũng đi lính na ta, sao tưởng con trai tụi tui đi thôi chớ",southern,
16686,Nhà em trồng quá trời a ti xô lun ông ngoại hay làm rượu á,southern,
17579,"t thích Ali quá trời ơiii, hãy cho ổng nổi tiếng hơnn đi, ổng hát cũng hay gần chớttt",southern,
16781,"Ồ Long An quê mình nè. Mong sao cả đời chỉ ở sinh sống, làm ăn ở quê mình thôi.",southern,
20623,Thật ra thử thách là thử thách vậy thôi chứ nhiều khi các anh mua lố kiểu 105 hay 110k gì đó thì em nghĩ các fan cũng có thể hoan hỉ được nè làm vậy thì Quan làm vid cũng đỡ phải tính nhiều nhưng vẫn trải nghiệm được thêm,southern,
16363,Hôm nay 16/12/2019 có còn ai đang nghe và xem cùng tui ko em gái hát hay nhất,southern,
15868,Tôi ő đây 7 năm không biêt têt Viêt Nam nè Phuong,southern,
14642,Anh kiên dễ thương quá trời,southern,
22023,Nội tui quê đồng khởi. bị đạn bắn còn dính mảnh đạn trong người..đi ko được,southern,
22775,Gặp tui là tui đập nó xong bắt ba mẹ nó bồi thường hồ cá của người ta bán mà nó vô ngồi lỡ chết thì bắt đền thôi,southern,
14056,"Nhìn cục chả cua sếch xì mà thèm ghê huhu, đợt đó ra Huế team mình ăn quá trời mà vẫn thấy chưa đã.",southern,
20181,Thấy anh Khoai đi du lịch chợ nổi thú vị quá chừng! Đó giờ em chưa từng được đi chợ nổi như vậy. Thiệt thích quá trời quá đất! Chúc anh khoai nhiều niềm vui và sức khỏe!,southern,
6473,Món ruột tuy rẻ mà ta nói độ ngon nhức nách,southern,
21256,Tui là người miền Nam khó hiểu giọng miền Trung quá,southern,
1503,chạy vòng bùng binh hết bà nó một ngày luôn.,southern,
22383,Chị baby cute quá trời ?,southern,
21879,Ninh bình nè,southern,
23239,Kk tôi trung nè mọi ng,southern,
28355,Ôi nay mui ngầu dữ vậy ta,southern,
28459,dịch rùm tui đi,southern,
26100,"đăng đúng lúc vl ,mai tui cs kt hóa :<<",southern,
15038,nói được tiếng Đà Nẵng luôn đó hả =))) (tui ko rõ vì bạn tui ng ĐN cũng nói kiểu z),southern,
16927,Mê bài này nhắm Hông bik có ai giống tui ko:3,southern,
12911,món ruột của em nè,southern,
22406,Trong trường tui ai cũng Bị,southern,
15603,"Chị Linh ơi , chị có thể review thực phẩm chức năng Herbalife Nitrition không ạ , em nghĩ thực phẩm này không tốt , mà mẹ em tin cái này quá trời , chị có thể review giúp em được không ạ",southern,
26058,Dốc xây Bỉm Sơn. Mình ở Triệu Sơn nè,southern,
25124,"Cuối cùng cũng có video về Bình Định quê tui, hóng mãi. Anh ra Tam Quan nữa thì còn gì bằng, ủng hộ và vote anh ra Tam Quan",southern,
15766,"bánh tráng hành phi ngon ácc luôn á, tui mua lần 3 rùi kk",southern,
17972,"Troi oi, tui dang o' Calif nhin may mon nay them wa lam sao ?",southern,
24139,Tôi người miền nam nhưng thích gái chính gốc bắc hà nội nè.Trọntrej miền ngoài thì khó nghe nên khoá hoà hợp nhưng con gái chính hà nội thì tuyệt vời,southern,
17704,"Tui khổ quá mà, nghiện nặng kênh của Khoai này rồi, đậm chất miền Tây luôn,,",southern,
22921,Em gái miền Bắc hát vọng cổ ngọt dữ dzậy trời! Mong em giữ niềm đam mê lâu dài và thành công với bộ môn nghệ thuật đặc trưng vùng Nam Bộ này.,southern,
17881,Đất chứa hàm lượng dinh dưỡng phì nhiêu cho nên trồng loại giống cây/rau củ gì cũng quá trời tốt.,southern,
25261,Muộn nè anh,southern,
15495,Em lấy nhạc này tổ chức đám cưới luôn nè tại em cưới rồi,southern,
6055,"Tham khảo nhiêu đây nhen, còn lại tới quán coi chứ bạn chụp hết hông nổi.",southern,
23541,Tui ở Gia Lai Ê tui thấy bà kia nói hay lắm,southern,
23067,Nó là bướm khế nhà tui có nhưng tui đặt một cái xác để làm tiêu bản nó nằm trong danh sách đỏ cấm nuôi bắt nhưng tui đặt chết thì ko sao còn sống mà nuôi thì bị phạt hoặc ăn cơm tù vì nó bị săn bắt cạn kiệt nên nó nằm trong danh sách đỏ cũng là một trong những loài bướm lớn nhất thế giới,southern,
19846,"Túi yêu chúa nhưng sáng nay có chuyện buồn xảy ra với con mực là con chó của tui và chỉ tui ,túi và chị cực kì yêu nó nhưng vào sáng nay em mực nhà tôi bị đánh bả chết rồi , bây giờ chị túi đang ở bên Nhật chắc biết tin sẽ buồn lắm túi mong sẽ có một phép màu nào đó xảy ra",southern,
15009,Chỗ tui 50k kh bằng cái 39k kia nữa,southern,
13578,Bả nói mà tui hỉu hết lun,southern,
24059,Nhìn mấy tấm ảnh với tiếng kêu là tui đủ bị hội chứng sợ biển sâu rồi.,southern,
24015,Cho tui đặt 1 chai thân sấm,southern,
27331,cướp kiểu : cướp đây đứng im bọn kia kiểu : hello cưng .muốn đi gặp ông nội hông cưng,southern,
9861,Rồng nầy mặt hình sự quá coi chừng nó mổ.,southern,
25242,Này là sợi dây duyên phận nè,southern,
22997,Làm đc luôn nè,southern,
19003,"Mấy thằng vay khốn nạn dữ vậy, tại sao Mấy đứa mày ko bảo vệ cho chim sâu, nó bị bệnh thần kinh mà Mấy đứa mày khốn nạn dữ vậy tại sao không bảo vệ cho chim sâu,,mấy đứa mày khốn nạn quá chừng thương chim sâu lắm mọi người ơi, mấy thằng khốn nạn,",southern,
13083,"Chở thi xong, mai mốt chở về đồn",southern,
22884,Trả lại cho tui 1 phút cuộc đời,southern,
7040,2 tỷ dìa quơ cũng phải đi bán vé số mới sống được bạn ư,southern,
24276,Nhà ngay kề thành nhà Hồ nè. Nhỏ hay trăn trâu trong đó.,southern,
25802,Mình đg ở đội ảnh nè mà sau mà ko cho mik lên TV,southern,
1190,Nghe nhạc làm nẫu rộn ràng quá nha.,southern,
9990,đi chụp hình dìa cho tui coi với.,southern,
25184,"Mình thấy học ngôn ngữ cần nhất là có môi trường thực hành mỗi ngày á, từ ngày mình tham gia cộng đồng luyện speaking trên app Hey English thấy lên trình hơn hẳn nè.",southern,
2010,Xin địa chỉ coi anh em.,southern,
20873,"Ôi Cà Mau quê tui ông khoai ơi,,, cảm ơn ông đã nhiều lần đặt chân đến quê hương tui,,, để giới thiệu những vùng đất xa xôi của tổ quốc, chúc ông nhiều sức khỏe, an yên và luôn luôn may mắn",southern,
27847,bà oi bà dùng màu nào đánh mắt dứi á tui dùng bảng đó mà k bít màu nào lên rõ,southern,
10334,mai mốt sắm đứa cọng đeo cổ.,southern,
28444,tui biet tieng anh ma no doc cung rat hay,southern,
19923,"thich co áo vang này nhảy lắm nè...CỔ NẨY , HẤT CÁI CỦA CÔ TUNG LÊN COI THIỆT ĐÃ LUÔN. hihihihi",southern,
23640,Quảng Nam nè,southern,
20659,Hay lắm đồng bào tui ơi,southern,
22133,"bai hat hay qua, tu nho den gio tui chua nghe bai nao hay vay lun a",southern,
15676,Tui ăn thử thanh cua 2-3 lần òi. Vị nó cay tê mà ăn nhiều quá thì vị nó giống cháo dinh dưỡng í,southern,
22806,"Like nè , tui người miền N",southern,
16141,"Mình rất thích Tết xưa,được mẹ mai đồ mới,đánh bài,đi cúng,ăn thịt kho hột vịt,...xem xong ,kí ức của tui lại ùa về (buồn)",southern,
14693,Hay quá trời.Từ hôm đi xem show trực tiếp nghe bài này xong về cứ replay hoài.,southern,
20341,Ngon quá trời cô Ba ơi trông thèm quá,southern,
18420,Sao tui mê cái giọng cũ này quá đi.,southern,
26990,Tui đi ra miền bắc ngay bây giờ,southern,
23948,Em ở miền tây nè,southern,
9749,"Chiều xui quá quánh đề thua 15 nghìn, ăn 3 trứng lộn xả xui ai ngờ thở không nổi nè",southern,
18925,Xin đồ ăn của em là tui ghét lắm phải chị nó có lòng nấu cho mình ăn chứ đừng xin ké,southern,
20376,Nhìn 2 em ăn mà tui thèm quá luôn và nhỏ lớn không biết là rau nhút ăn sống được. Cảm ơn em,southern,
23993,Tui là hội đủ 4.tương rõ rệt mà khổ thầy ơi,southern,
18272,Em Phước giả giọng NS Phương Quang hay và giống quá trời luôn. Đúng là có tật có tài. Cảm ơn anh Color Man đã cho mn được thưởng thức 1 giọng ca hay và đặc sắc. Nhìn thấy anh Color Man cười là thấy ánh sáng xung quanh em Phước.,southern,
27585,Chị Vê xinh quá đi . Make up nhè nhẹ toát lên Vê đẹp của chị nè,southern,
16348,Chị mèo simmy ơi em cũng ở Huế nè ở xã Hưng Lộc á ước gì chị gần nhà em,southern,
21488,Xứ nghệ quê tui yêu quá,southern,
16650,"coi series 100k của Quan, tui cảm nhận được bụng của Quan với trợ lý tốt ghê, tui mà đi ăn kiểu đó chắc tào tháo dí chạy không kịp =))",southern,
1440,tao với mày quá trời tuổi thơ luôn chớ bộ,southern,
23646,Tui là ng Quảng Ngãi đây,southern,
26829,PMC kỉu: nhiều lúc bất mãn hổng muốn nói lun,southern,
19272,"Hello c pít, hnay e xem sớm nè",southern,
24631,Với 100k tui có thể ra siêu Thị mua đồ về làm cho 2 người ăn r,southern,
21855,76 Quảng Ngãi ae quơ mình đâu rồi,southern,
21442,"Văn : chảnh , đẹp zai , giàu có tui thấy hơi ngược đời",southern,
7664,kiếm anh trai nào tối chở đi ngắm pháo hoa nè.,southern,
14504,Trường Giang: mày đang ở đâu. Đó cho 3 đứa bây nc với nhau. Đoạn ông sóc cái hộp mà tui cười té đái,southern,
18923,"Con thỏ thạnh nhìn cute quá, mà tui là con gái tại tui mượn máy anh hai tui thôi nha, tại máy tui đang sạc pin",southern,
27662,trường tui dạy tiếng Trung =))),southern,
12788,nghe nói chuẩn bị cúp điện đồ hay sao á,southern,
20004,Mê cái cái điệu kiểu này nè chòi,southern,
18421,Truyện ma sau giống truyện cười vậy nè,southern,
18686,Nghe hò lần 2 mình cười quá trời,southern,
618,Bữa bác Ba trúng 2 triệu cái ổng đi khoe khắp xóm thiệt nè,southern,
18122,Bông tím rap hay quá trời,southern,
19960,Bài hát rất hay nghe mà cuốn quá trời,southern,
21601,thật sự đã gần 30 rồi sao tui là nữ tui còn mê bà này nx nhìn trẻ với cute vãi,southern,
17887,"vườn nhà a mà sàn bự dữ vậy chị, khủng khiếp quá",southern,
1442,"tội ổng dễ sợ chưa, hên quá mình không đi",southern,
22017,"Xàm, nói chuyện quơ đũa cả nắm",southern,
13698,Dù anime dài nhưng rất hay tui định với với chút thôi mà cuốn quá nên coi hết,southern,
22887,"Ủa tui miền Nam mà tui đâu biết ""tẩy"" là cái j đâu toàn đọc ly mãi bây h coi video này mới biết tẩy là ly",southern,
14996,Con cũng đang uống matcha nè,southern,
16638,"cảm ơn anh rất nhìu,tuổi thơ dữ dội của tui",southern,
15978,Vì đây là video đầu tiên tui coi của kê nh này,southern,
2430,"chớ mua xe, phe mà hông rửa thì trời hại",southern,
19337,Tôi thấy mọi người toàn chọn kiểu tranh nhau miền Trung quê hương tui có người thì miền Bắc mãi đỉnh như thế là sao hả mọi người,southern,
13935,Sao mà giỏi dữ vậy trời . Chúc trường giang hạnh phúc,southern,
14501,Quá đẹp anh ơi. Mâm xôi gà nhìn thèm quá trời. Này là nguyên 1 tour pk anh?,southern,
11273,Chưa gì đã nghe bài này rầu,southern,
5590,"Mình nhấp môi không à, bởi mấy bạn biết nhậu đòi giết mình hoài",southern,
24689,ôi một câu chuyện thật là cảm lạnh mà. Tui kiểu: ê cảm lạnh thiệt á bây,southern,
14924,Tháp chăm chiên đàn này ở tam kỳ QUẢNG NAM nè mik đã từng khám phá rồi ko có j đặc biệt hết củng như bao tháp khác thôi,southern,
25439,Người ta ngủ kiểu gì mà hổng tẩy trang,southern,
994,"Cà dầy hái sao đủ, kêu ổng ra ổng hái",southern,
13249,"Bùng binh Duy Tân nha, nhà mình trước ở đó mà.",southern,
10833,mai mốt chồng làm cho vợ ăn nha,southern,
24155,Tao ở thanh hóa ăn rau má phá đường tàu nè,southern,
21359,Hình thuml kiểu này của karaoke thiếu Giọng hiệu quả cho đề xuất nè !,southern,
15451,quá trời dễ thuong,southern,
19319,em là người Đà Nẵng nè anh chuối,southern,
27116,Buồn quá chỗ tui ko có đi bảo :(((,southern,
20002,Quậy quá trời luôn,southern,
25713,Cái máy bay giống tui lun,southern,
28240,1:12 tui vừa nghe câu: con mèo ngu ngốc... cái định thoát ngay và luôn tự nhiên thấy “Bo” này đẹp quá nên là xem típ,southern,
17469,Em gố ý với anh hi vọng tốt hơn : Người gốc Nam thì nên xaif những từ miền Nam sẽ phù hợp hơn Rẽ thay bằng quẹo Nước dùng = nước súp/ xúp Chuẩn vị = đúng điệu …. Luôn ủng hộ anh,southern,
27508,"Ngày xưa tui thấy Ông Cha oanh liệt kiên cường bất khuất anh dũng chịu hy sinh tui ngưỡng mộ, còn bây giờ thì hèn hạ bấy nhiêu",southern,
14542,QB quê ngoại tui nè,southern,
24395,chị làm theo của chị Thanh Nè dung ko?,southern,
19299,E cũng dị ứng nữa nè chị ăn vào chút là khô cổ với đau bụng,southern,
19434,Giờ mới biết anh đã đến Kon Tum ...em cũng ở Kon Tum nè,southern,
23566,Tui ng Việt Nam mà nghe y chang nc ngoài luôn,southern,
16196,Tui cũng là công nhân trên thái nguyên đây.tôi cũng fai thuê fong 10m vuong phong trọ 8 trăm đây,southern,
7759,"Đồ mách lẻo, mình không vượt được, chớ vượt được cũng méc.",southern,
21981,Tuấn oi cháu kết nối cho cô đi. Cô ở vn nè. Cô cũng cô don. Mong Tuấn giúp cô,southern,
16662,"Còn ở Huế khôn eng, em cũng Huế nè",southern,
20113,Nhà tui xe nhỏ 5 chiếc,southern,
21642,Trời iu tui nghe thấy mẹ nói chúng mik á dễ thương ghê ai nghe thấy thì,southern,
19811,"Anh Hoàng Nam thương mến ơi ,em thấy gái Thái nhiều em xinh đẹp quá trời anh ạ ,em nghĩ anh Hoàng Nam nên lấy vợ đị anh ạ ,anh chọn 1 em gái Thái nào đó đi nha anh ,để cùng anh chia sẽ vui buồn trong cuộc sống ,tụi em thấy anh chỉ có 1 mình thui thủi ,tụi em cảm thấy thương anh quá hà ,nha anh ơi hjhj...",southern,
27588,Quán này gần chỗ em nè,southern,
20013,Chị kỳ kỳ nè,southern,
21373,Tui sai 2 câu,southern,
21782,"Tui rat tu hao khi noi voi nhung ban cung hoc chung lop ESL rang Vietnam cua tui mai man la bang chu cai gan giong nhu bang chu cai cua English ( a,b, c) Chinh vi the , Vietnamese so voi cac nuoc DongNamA thi net chu luon luon dep hon.",southern,
26266,"Em ở thạch thành ,thanh hóa ,dân tộc mường nè",southern,
18772,"Tui da noi roi thang long nay rat mat dai,phan boi vo dao duc phat gia cang nha nguoi ta",southern,
15755,"Cơm cháy đáy nồi ngon, tui ăn goy",southern,
27544,"Nếu ông đó nói keo kiệt, thì tôi có thể hiểu là do vùng đất miền Trung khắc nghiệt, con người sinh sống khó khăn. Nhưng cái ông đó nói theo kiểu phân biệt vùng miền, chia rẽ dân tộc, quơ đũa cả nắm thì tôi không đồng tình.",southern,
26825,"Anh 7 ơi anh nhớ thử đồ ăn Vật tuổi của việt nam đi có Que cay,bim bim,tăm cay Bây là tới các loại nước nè C2,siting,ô long, nước mía Bây giờ tới trán miệng nè Dưa hấu,quýt,sầu riêng Mà còn bánh tráng trộn, Mì cay,mì trộn,mì tương đen á",southern,
14104,Ổng mắc cỡ là mắc cỡ 1 lèo luôn. Cầm ổ bánh mì đi tới đi lui tui mắc cười gần chết.,southern,
5534,"Lên chức ông ngoại , bà nậu hết rầu",southern,
28246,cùng trường nè,southern,
28318,Em là con của chị mà sao chị lại mắc cười dữ vậy,southern,
23641,tui ở quảng trị nè,southern,
3038,"Mắc mà dở, không ngon đâu nha cả nhà",southern,
24580,"Đố mn cs này nè:ê mi đi chọt tru khôn,",southern,
20686,Vui quá trời. Bộ ba này tham gia nhiu game nữa nha,southern,
14653,Anh QUANG và CHỊ LINH em fan anh chị nè,southern,
17276,"5:18. Tui tưởng ổng chào người quen nào ko hà ai dè ổng chào con ngan, cười xỉu!",southern,
21150,Chuẩn hết lun vì em cũng người miền Trung nè,southern,
17316,Em ở miền tây nè mấy cái chong đó ở em có hết,southern,
18990,nhieu hoang canh con rat can manh thuong quan giup đơ ma sau chi e kg tim đen giup đơ cho ma đi quay cho tui nay hoai vay . tui no đi ăn nhau nhau ma cung quay hoai,southern,
7214,mai mốt chơi kiểu này khỏi cãi lộn,southern,
27750,ủa chị cái ấy ăn được hông á,southern,
20816,Sớm nè haiii học thật giỏiii nhen,southern,
16293,"Tr ơi,,,đây là mv quảng cáo trên top thịnh thành đầu tiên tui biết ,,, #49",southern,
20342,Cuối tháng sổ sách ngập đầu kg có thời gian coi nữa nhớ gia đình mình quá . Chúc gia đình ngon miệng nè,southern,
25099,Cố gắng nha anh lâm. tui ước gì có thể giống anh lâm quay trực tiếp và YouTube tui nhé,southern,
19207,Hổng ăn món dò bò đi !,southern,
16867,"Tui xem ở VN xg có ng cầm dao ra đuổi, r cô ta chạy lun",southern,
12392,Ngon thế . Ước gì bạn cho kí ăn thử hen.,southern,
27197,Tui đang ở Đồng Nai nè,southern,
13963,"Em ngừ Phú Yên nè thầy, ghiền món đay cực luôn",southern,
18958,"cảnh cuối bye bye mấy đưa nhỏ dễ thương ghê, chạy theo bắt tay quá trời",southern,
19747,trời dọn dì nhanh vậy ba nếu tui dọn chắc đến tết sang năm,southern,
6931,"Ngon thiệt, béo lắm luôn.",southern,
13646,"Em cũng ở quảng ngãi nè ạ ! Em cũng ăn rồi , ngon lắm ạ",southern,
23292,Cô tui chỉ cho ra chơi thui,southern,
21643,Nhà tui nên có 1 con mèo này để chị tui ở nhà dọn dẹp,southern,
11158,xếp hàng ngăn nắp thẳng chụp hình check in đẹp vậy kêu bầy hầy.,southern,
23287,Tội ông năm có mấy đứa cháu ngoan hen,southern,
2603,mai mốt cho em bơi xuống đây gần nhà,southern,
15580,Tui nay 70 rùi mà nhìn vẫn thjk,southern,
26484,Em ơ long an nè,southern,
9141,tiếp chiêu tới bến với mấy ông trên bàn nhậu nà,southern,
14839,Ngầu quá trời,southern,
18753,"nv hai Nguyệt qua ngòi bút dí dỏm, chân chất nam bộ của tg và giọng đọc tuyệt vời của NH làm tui thần tượng cô hai quá chừng luôn.tg ơi đừng bao giờ ngưng sáng tác những câu truyện về hai Nguyệt nha,hay quá ,hay từ cốt truyện đến câu từ vừa vui vừa thấm tình...",southern,
20503,Tui ở CT nè bà ơi,southern,
20214,Cong Ty tui dang can nguoi ….” di thi” anh muon lam khong….? “ thi hanh an”,southern,
27172,Tui đã ăn 2 lần nhưng mấy bác cứ gắp cho tui nhìu 1 bát cơm đầy,southern,
20003,Bạn này sáng tác và hát hay nè! Tăng cân lên nữa thì ngon lành luôn,southern,
25809,Thả tim cho nhã nè,southern,
9227,"có sao không? Mai ânh lên em mua cho uống ngập mặt luôn nè, ngon lên đây",southern,
1836,"Đi coi múa lân mà đông quá lân không vô được thì sao mà múa, đợi thấy bà luôn",southern,
16076,Mèo Simi đẹp quá quá trời luôn,southern,
18649,"Ông Huy nè, tui mê giọng ông ròi khó mà chuyển nghe thêm kênh khác. Nhìu khi đăng kí bỏ đó cũg kì. Nên chỉ chúc ông với ekip ông nhiều sức khoẻ để bà con đc nghe hoài hoài nha. Nhắn bà Quỳnh là tui nhớ bả gòi í",southern,
15593,Coi 100 năm hông chán,southern,
22481,Tui quê Quảng Ngãi nè,southern,
16884,"VN belike: á đù tụi bây ra đây xem nè, đâu đâu?, á à!, vô ae, mà khoan, j?, móc chổi:)))",southern,
15888,xin vía Khánh Vy và gia đình. mà nếu hông được thì mình xây dựng cho con cái mình sau này cũng okie heee,southern,
27533,Quê em thanh hoá nè,southern,
15382,Lạy cho cố vô rồi mai mốt lôi đầu ra chửi là kì lắm à nghen,southern,
16826,Rất đẹp tp quê tui,southern,
21202,Tui nghe bên dưới nói: chồng t,southern,
24936,Dạo này ngồi trên xe trên đường đi làm ngày nào tui kug nghe... nghe chill lắm,southern,
20594,Cô về chợ lách đi cô đang có lễ hội trái cây nè cô,southern,
18523,Có ai như tui hok Lúc đầu nghe cúc thích con bà Cúc tội cho ông minh Nghe lúc ông kia ngoại tình mừng thấy sợ. Nghe lúc vợ ông kia chết lại lo sợ giùm ông minh . lần đầu tiên xem một câu chuyện hay thật á,southern,
21370,Quá đẹp..phong cảnh...xứ...xứ mô...vậy...em .Nguyệt Nga. Chiều nay ca quá hsy..thank..tặng em..nè.,southern,
25384,Ôi cái dồi nhìn mỡ mỡ kiểu ngon quá trời,southern,
22484,Tui : ăn như chưa từng ăn Bạn thân : ăn hết tuổi thanh xuân mới xong:|,southern,
13755,"Thấy anh Dũng mê ĐN dữ hen, sau này ra ngoài ngày ở đc ấy a D ơi",southern,
20238,Nhớ miền tây quê tui wa,southern,
5348,tranh thủ không mai mốt vợ nó mổ,southern,
17396,Chời má tui nhìn chân với tay anh Khoai hai màu luôn ớ. Cười chớt =))),southern,
25290,2024 rồi con ai xem hông,southern,
26572,năm 2024 rồi còn ai sem không chí tui là tui giềng òi,southern,
23285,Yêu thỏ bảy màu làm ny tui nhé =)),southern,
1201,"Dạ, tại tập bơ cơ hắn tăng, người hắn nở ra nhiều á chị",southern,
27351,Ông nội tui từng là chién binh,southern,
19600,"Ôi!Anh Huy du lịch với môij người ở đâu đấy?Sao mà đẹp thế!Đúng là chuyến du lịch gần gũi với thiên nhiên,em fan anh nè.Kênh anh em thấy em điều like hết!",southern,
27911,Tui đang ăn cơm luôn á -_-,southern,
28060,ở gần nhà của tôi nè,southern,
19142,"Cà Mau xa lắm ,từ miền trung(Bình định) vào đí hơn 1000 km mà tui đi năm lần (ngọc hiển) ,nhưng người Cà mau cũng như người miền tây nói chung rất dễ thương ...",southern,
21850,77 Bình Định nè a ơi,southern,
22909,Em ng miền trung nè mà ở trên thành riết nên quên tiếng r,southern,
16696,Ây dô quay mv sớm tui :)),southern,
5129,mắc đói quá ghé ăn được hông cha?,southern,
25875,mai dễ thương quá nè,southern,
26649,Quê e cx ở khu đó nè cj,southern,
21410,"Cảm ơn chị đẹp giọng đọc rất truyền nhiễm...truyện hay ghê giàu chất quê, nghe thèm có bà ngoại giống như thế. Bà ngoại tui có thì khoái chửi hay xách roi mây rượt tui thôi ...oải lắm...",southern,
22542,Cu tý kiểu:anh dám đánh tui tui sẽ để thanh sắt trước cửa đố anh rước chị tui đi,southern,
14497,Nhà tui 3 đời trồng lúa. Trồng trọt trăn nuôi khuyên thật e linh lên chuyển đổi qua trồng trọt là chủ yếu. trăn nuôi ít thôi. Chủ yếu phát triển cây lúa. Thật ra cây lúa rất dễ chăm. Chọn giống lúa thích hợp với từng vùng đất.,southern,
27820,phim này quay ở chợ cả mít lai vung đồng tháp nè,southern,
13095,"Đợt ăn một lần nhớ tới giờ, ngon nhức nhức cái nách!",southern,
20200,""" đừng có quay tui trời, tui xấu trai mún chết mà quay gì.."" anh lái đò dễ thương quá hà.",southern,
21497,Ok ca khúc hay quá trời tôí rất yêu thích,southern,
28378,Em cũng dậy nhưng mẹ em bị bệnh nhưng ba không có tiến ba em đi làm Em chỉ có một mình ... một hông bạn Em qua nhà em chơi nhưng có một phú Là bạn em về nhưng em không qua khỏ Ba của em không cho mịnh ở nhà một Mình Trên nên ba cho hàn sóm ...,southern,
14556,"3 cô bạn dth, nhẹ nhàng và khá chill ! Đoạn QNhon - Phù Cát tui đi hằng ngày mà xem trên này vẫn thấy đẹp ! Mà ghé hơi ít địa điểm á..",southern,
15966,Giống tui quá vậy. 1 tháng giảm 2 kí ăn mừng xong 1 tuần sau tăng thêm 4 kí,southern,
27341,Tui thấy ngt nói hải tượng long maxsize 1 tấn lận dài 3-4 mét,southern,
26926,ơ sao tui tua ngược và .. chả thấy tiếng việt chỗ nào (,southern,
23474,Ây da tui chục em mà nghe tui đau hết cả tai:)),southern,
22521,Mà lớp tui có đứa nói ai hỏi cô tui thì Như sigma tui kiểu:omg cô khắc chế ai hỏi luôn kìa cô kiểu:con ai hỏi con mà con mà con hỏi,southern,
20787,"Chợ Gia Lai hàng quán ban nhiều nhi, Phớ hai tô lạ hen , nhìn ngon, chủ quán nhiệt tình quá.. Các Cô cũng vui vẻ .. Chúc Quan gặp nhiều may mắn, vui vẻ, mọi sự thành công nha",southern,
21995,TUI LÀ NGƯỜI MIỀN NAM NHƯNG THỜ VUA QUANG TRUNG CHỨ KHÔNG THỜ TÊN VIỆT GIAN NGUYỄN PHÚC ÁNH .,southern,
21064,Sao lại đăng giờ này hả ông ơi :)) Tối về xem sau vậy :( Mùa dịch bạn Khoai giữ gìn nghen,southern,
16284,má ơi nước nó bẩn,southern,
11291,ghiền mà mưa gió đường trơn cỡ nào cũng phải đi thuê về coi.,southern,
19829,"Ai nghe bài này mỗi ngày như tui điểm danh cái nào ae, nghe mà nhớ nyc lắm luôn",southern,
19858,Tôi củng đạo Chúa nè,southern,
22590,Tui ở Bắc Ninh nek,southern,
1350,"Yêu nhau là phải chia lìa, riết ớn thiệt.",southern,
10863,đâu ra ngó cái đường coi phải hông,southern,
10966,Thí dụ mình đừng có quẹo qua quẹo lại như vậy được hông?,southern,
14967,Bác này cách mạng màu rõ nè,southern,
19477,Tập này tui thích nhất lun.Mãi là tri kỷ anh Huy và xóm manh động,southern,
21325,nhưng mấy ông Ấn là người cứu rỗi tui vào mua thi :))),southern,
26375,uôiii gần nhà nè :))),southern,
16016,Ông bà già dễ thương quá trời luôn luôn Bài hát cũng hay nữa,southern,
25945,Woaaa ông Sơn vs ông Đức là đồng hương với tui nè :D,southern,
10651,"Có gì đâu mà mắc cỡ, có ăn cắp ăn trộm ai đâu",southern,
11672,"xe này chạy ẩu lắm, bữa xém bang vô vợ tao nè",southern,
1928,coi chừng ổng lấy gậy golf gõ đầu ní nha,southern,
11448,Coi chừng gãy đôi đũa nhen nẫu quơi,southern,
27913,Má ơi.tao ko thể tin nổi,southern,
161,em đã dìa nhà.,southern,
20345,"Cả hai đều chôm clips của tui tàu, tự làm đi .",southern,
6717,thiệt chớ kiểu vậy chắc hông dám lấy chồng luôn á.,southern,
20770,"Chèn ơi , thấy Negav cưng quớ ờ",southern,
23653,Mẹ e bị lộn l thành n nè,southern,
27922,Suất này 1 mình tui ăn hết nhá,southern,
20762,"Bộ 3 nhỏ vui quá trời,Negav thoại cưng xỉu.",southern,
19411,Hồi đó em đi qua đây nè,southern,
17048,Lúc trước hầm tôi có con bỏ cá tạp xuống bỏ 4 5 năm đêm nào cũng đùng đùng vịt xiêm con xuống ngày mất 1 2 con ghét tác lên bắt 8kg4 má ơi mà không biết giống gì,southern,
27489,Tui đang hc vovinam để đi thi nè :))),southern,
26989,hay hay tui miền bắc chỉ cần tui đi học muộn nghỉ luôn 1 buổi,southern,
22692,Đúng tất nè,southern,
14347,"Năm ngoái về ra đảo chơi nghỉ lại 1 đêm chill lắm, mà hông có thời gian nhiều để ở thêm. Đi đợt hè nắng muốn bốc hơi luôn, mà cảnh thì lên hình siêu ảo tay cùi như tui mà về cũng có đống hình với video để đăng mặt sách",southern,
18587,Chị chào chú Nguyễn Huy rất cảm ơn tác giả mến chúc mọi nhà nghe truyện đất đồng Radio buổi tối vui vẻ ngủ ngon nghen !,southern,
22811,Chỗ tui kêu là kinh,southern,
26872,Càng xem lại thấy tim càng đau nhói. Ko phải tại tui buồn đâu mà vì tui tự hào và xúc động quá thoi.,southern,
9283,về đây đi ăn chuyến đã cái nư coi,southern,
22684,Tui quá sáng láng=))),southern,
27176,anh sầu riêng kiểu: gì bà nói tui da đen cô giáo thảo: ừ đấy thì sao anh: này nha bà nói với tui hơi lâu rồi đó có tin tui cho bÀ lên thiên đàng không nhạc: xin vĩnh biệt cụ em:,southern,
12727,"thôi chi đâu, để dành dùng đi, nào có chuyển cho mình nhiều nhiều cũng được, chuyển ít mắc công.",southern,
24625,Ai để ý 1 chỗ giống tui ko,southern,
27312,Công nhận nên cấm các bác ạ. Bữa em gái kia nhảy lên kẹp 2 chân vào cổ tui mà tui xúyt ngất. Tại khắm quá,southern,
25041,"tui lại xem lại nè, lần thứ n rồi. Tết sắp tới, lại đợi 1 clip cho năm nay nhé^^",southern,
25939,Ôi quê hương tui biển hồ plơi ku,southern,
6761,bạn ăn coi chừng mấc cỗ nghe bạn,southern,
20294,Chèn ơi xem mà thấy mến ngoại của Trọng ghê vậy đó!,southern,
20796,"Mình là người Pleiku nè, cảm ơn bạn về những thước phim đẹp. Xem nhớ nhà, nhớ thời tiết Pleiku",southern,
16513,"Ê, có lúc tui ăn thử r mà vẫn đc với 1 miếng chả cá còn lại tui để dành ăn riêng",southern,
26493,Chị ơi Chưa tới tết mà chỗ em chưa nè Chỗ chị có chưa chúc chị và Anh Đức và🆉🅸🅳🅾 thật nhiều sức khỏe mạnh khỏe hạnh phúc bên nhau,southern,
17490,"Hôm nay 4/5/2026 đang ở Tân An Long An coi clip của Khang nó yên bình làm sao , nhưng mà tôi không hiểu sau nước mắt tui rưng rưng vì nhớ quê nhớ mẹ già ở nhà đơn côi ráng làm có tiền rồi về lại nơi mình sinh ra",southern,
13943,Mình người miền Tây đang ở Tây Ninh hôm bữa có nấu món bún cá bạn chỉ cho mẹ người yêu và ở đây tuy ko biết món gì nhưng khen ngon quá trời. Cảm ơn bạn rất nhiều,southern,
24265,3 giờ sáng mà tui cười như quỷ vậy á đang nghe kinh dị thành hài là câu tui cuời nhất là: Mày đừng có điên,southern,
24963,"2 cây này mẹ tui có nè, cái cây filler mùi thơm",southern,
20122,seo nghe tiếng nó đáng yêu dữ vậy trời thương bé quá,southern,
16731,Phong thì:sam ăn đi nè hay tặng sam bông hoa nè còn kairon thì:sim là sư tử,southern,
20926,Haha! Kỳ này chế KL về trúng mùa ếch lăng bot chiên bơ hen,southern,
23940,"Ghệ người Nam nói chuyện nhiều pha hài .’ Đi xe khách’ ra TP HCM học thì lại kêu ‘đi xe đò ‘ , tui bảo “ trời , đi đò trên sông thì bao giờ cho tới",southern,
12081,"Đường xe máy không chạy, cắm đầu chạy bạt mạng ngoài đường xe ô tô.",southern,
16897,Tui kiểu: ê!! Con kia chả nợ cho tao cây ak đâu rồi,southern,
27084,Tui ko đoán đc cái nào,southern,
26199,Chào mừng Quan đến TP. thanh hóa nè,southern,
23536,Giọng bà Gia Lai Tôi học được nè,southern,
20169,"Xa quê hương nhớ bữa cơm mẹ nấu, nhớ mùi hương lúa non. Bao giờ xong nhiệm vụ con cái, tui quay về Việt Nam. Không đâu bằng xứ mình.",southern,
12635,nghe nói có người hông có dìa đó.,southern,
15827,cj linh càng ngày càng xinhh dzậy chời :33,southern,
20132,"nghe nghĩ tới một nước nhỏ bé thì là Việt Nam nhưng lại đứg lên như là một người giải cứu.và tái lập trật tự ... quốc gia chưa được đánh giá đúng mức , tui đoán là Việt Nam nếu được vậy thì quá tốt vì nước Việt thân thiêt yêu chuộng hòa bình... đều thấy ở Việt Nam . Nam Mô A Di Đà Phật",southern,
20328,Cảm ơn nha nhờ bạn mà tui làm ngon lắm luôn,southern,
22250,Cái bài hát này tui có nghe nè,southern,
19328,Mình có gặp chị ddI ăn hột vịt lộn um bầu nè,southern,
22290,Ai cần làm mấy cái này nh ờ S ố DA IÔ 0:38 8:6:08 3:33 a thắng giỏi lắm nhanh nữa mấy ô 1:28 cuối VÀ 2:53 cuối và 0:19 cuối và 5:27 cuối mới l ừa em BƠM LAI BƠM KHEN quá trời là l ừa đấy ạ,southern,
15505,Phim nó vô lý ngoài sức tưởng tượng của tui luôn,southern,
14880,Nào dẫn chị dìa quê ăn với ạ,southern,
17185,Hây quá nghe hát mà nổi hết da gà nghe sỉ giang châu bây giờ còn hông mọi người,southern,
26593,sợ vãi lìn nhưng tui biết sẵn rùi,southern,
16775,Cô chào vc Dũng ngày mới vui khoẻ hạnh phúc bình an Ủng hộ cháu chia sẻ quê mẹ vợ quá tuyệt vờitrais quả quá trời đồng lúa phì nhiêu Mỗi lần là mỗi món ngon mẹ Diễm quá đa năng đẹp não còn giỏi đảm Chúc gđ có bữa cơm ngon miệng,southern,
28652,Huh sao tui lại là trộm tui chỉ cướp 10 cây vàng để bán r ăn mochi thôi mà,southern,
891,Dân Bến Lức mắc cỡ dùm,southern,
24633,CHÚ ƠI LOTTERIA CÓ GÀ MÊ MẬT NÈ,southern,
18331,Cảm ơn vck thu Trang tiến luật đã sản xuất ra bộ phim thật ý nghĩa và đời thường thật sự khi xem đan xen nhiều cảm xúc xóm tui mãi đỉnh.,southern,
20965,"Hổng có gì là cao sang, nhưng ở đó có mẹ :(",southern,
23367,Haha em tên Phan Ngọc Như Ý nè,southern,
16064,"Tui nhớ bài hát ĐẸP LẮM KIÊN GIANG...Chiều xuống đứng bên bờ nghe sóng biển, nắng thu về chiếu rạng bến bờ... Kiên giang mình đẹp làm sao ...",southern,
19252,Giữ đúng lời hứa. Tập 3 tiếp tục em vừa ngồi ăn vừa coi clip. Chớ ko dòm anh ăn mà bị đau bao tử là hổng nên.,southern,
28413,Tiếng ở Việt Nam nè nhà em có cờ Việt Nam,southern,
18233,Hehehe lót dép hóng nghe nè,southern,
24216,Trời ơi tui người Bắc người nam nói gì ko hiểu,southern,
16543,ngon vãi thèm mà tui muốn ăn cơm với mỳ luôn,southern,
23772,"""Mèn đét ơi"" tưởng là ""trời đất ơi"" ?",southern,
10779,"Làm chén muối ớt,chấm từng múi , thưởng thức và cảm nhận.",southern,
1480,hổng lẽ mai mốt mình giống vậy không,southern,
20744,"đi chơi với Negav khỏi lo thiếu xiền nè, đi tour ăn uống thoải mái đi mấy anh ơi",southern,
19731,2021 nè mn,southern,
22723,Thề với ae tui trong sáng vcl luôn,southern,
21060,"Em rất yêu con nít ở quê, tụi nó đáng yêu và hồn nhiên lắm, không đua đòi như con nít ở trên thành phố. đã lâu rồi mình không về quê, nay xem được video này thấy trong lòng vui lắm, cám ơn anh khoai nhiều nghen.",southern,
25191,hôm bữa e đi triển lãm xe geely luôn nè nó rộng thấy mọe luôn á chị,southern,
27653,Nhac này tui nghe r hay lăm,southern,
19011,"Thật vui vẻ, ấm áp và hạnh phúc trong tình yêu thương của miền sông nước Cà Mau. Tại sao chú Phương làm video hay dữ vậy?",southern,
18231,Hát về quê hương của chính mình thì còn gì bằng nữa hen chị iu! Ngọt như nước dừa luôn!,southern,
19522,Tt hiha kiểu :Cái này làm sao mà kó được tui,southern,
22157,nếu phải chọn một cặp song ca nhạc vàng hay nhất của tân nhạc VN thì có lẽ tui sẽ chọn Hoàng Oanh & Duy Khánh,southern,
24102,2026 còn ai coi giống tui k,southern,
20723,Tuyệt vời quá TV ơi ! Cô nghe suốt từ trưa đến giờ đây nè !,southern,
16600,"Thời nhỏ ăn khoai lang,khoai mì nướng,cá lóc nướng,chuột nướng,uống nước dừa tươi,chiều thì đá banh đổ mồ hôi thì bay xuống sông tắm sông,tới mùa nắng thì đi thả diều,mùa mưa thì câu cá,bắt cá,bắn nhái xong tới đêm thì ngắm sao băng,nói đủ chuyện trên trời dưới đất,tuyệt vời tuổi thơ tui khi ko có internet.",southern,
16203,Tôi người thanh hoá đây ...gần nhà người bị truy nã này ...nói thật tôi sống trên lào cai...họ bảo tui hiền lành chịu khó ...tôi sống ở hạ long đến chủ nhà còn thương quý tôi bao nhiêu năm rồi c ấy vẫn nhăn tin hỏi thăm...vậy mà tôi toàn bị lừa vay tiền k trả ...nên ở đâu cũng co ng no ng kia,southern,
1021,Hông có địa chỉ sao kiếm,southern,
20525,"Anh này có vẻ sạch sẽ,gọn gàng nè",southern,
20781,Đây mí là những con người cần phải kính lể bái phục giúp đỡ nè việc làm quá vỹ đại mình nuôi vài đứa con đã mệt mỏi rồi nuôi hàng chăm người điên,southern,
7432,mai mốt trốn học đi chơi thôi em,southern,
17279,Ek là người Hmong nè Ek thích tính ak quá Bởi vì ak giống ek lắm Ek chúc ak luôn hp,southern,
11598,mốt đi không bây,southern,
20537,11:17 anh Tây bàn bên cạnh cười cutii quá trời quá đấc,southern,
15948,Sao mà mập dữ vậy,southern,
15192,bài này hay quá trời,southern,
21217,Lê Vui hát rất hay và xinh gái quá trời luôn,southern,
17510,"Ngày thì bình thường, người thì hông chắc.",southern,
16454,Món nầy quê tui thường hay làm trong đám cưới hoặc đám giỗ 4 mươi mấy năm trước rồi,southern,
26548,"trùi uiii ước gì vlog dài gấp mấy lần nữa hiccc. Hông hiểu sao xem vlog của chị em cảm thấy rất bình yên, chị luôn tỏa ra năng lượng tích cực và khiến em muốn đi Ninh Bình liền luôn á trrr",southern,
24677,Cái chỗ H c i m t o Mà tui tưởng Chim to,southern,
314,Hủ tiếu chay ở Mỏ Cày là ngon nhứt.,southern,
28404,"Mn ơi tui nhắn cho ny tui mà zalo chỉ báo là đã gửi, ny tui ko xem tin nhắn cua tui giờ làm sao mn , cho tui xin lời khuyên",southern,
14926,em người chăm nè anh,southern,
9191,nãy giờ người ta đi quá trời nè,southern,
25784,Tiệm bún cá này em hay ăn nè ngon cực phẩm lunnn,southern,
25766,nhà thờ Hưng Nghĩa ở xã Hải Hưng gần nhà mình nè,southern,
17892,Trồng theo cách của c thành công ngay lần đầu luôn c ơi! Mà chăm thấy nhàn ghê à...E cảm ơn c nhiều lắm nè,southern,
23473,:)) ế r lại nghe chắc tui chết,southern,
19764,CẢM ƠN BẠN NHA! ĐANG CHUẨN BỊ VỀ QUƠ ĂN TẾT RẦU ĐÂY! HIII!,southern,
26107,Tự nhiên nhìn thẳng vào mắt ông này cái tui bị đuối,southern,
26483,Tui ở long xuyên an giang,southern,
21004,Chưa đúng Néc Huế đâu Nghen..,southern,
19487,"Làm sao mỗi tối làm sao anh quên được giọng nói em còn vươn vắn anh thì thầm đâu đó ầu ơ bên tai,hihi tui chỉ viết vậy thôi thông cảm nha ai lớp du thông cảm nhé",southern,
17653,Trùm mót dưa đây nè,southern,
27040,"Trời ơi nhìn 2 a chị rể thương quá trời luôn, nhớ tiếc c phi Nhung quá",southern,
25243,Cảm động quá trời luôn,southern,
8744,nó to chà bá dậy nè,southern,
16165,Tôi cũng trúng 20 to nè,southern,
17910,"Cái giọng của ai mà nó ngọt, nó tình, mà thân thương làm sao, đây mới là giọng miền tây gặt à nghen, nghe giống như một người thân trong gia đình vậy, nghe một lần là nhớ quài à",southern,
28014,"tui thích nghe bà lồng tiếng lắm áa, vi nào cũng lồng tiếng nha bà ui",southern,
15952,2 anh em tình cảm ghê ...chớ chị e tui oánh nhau suốt thôi,southern,
28465,giống tui tui là đồng bằng á,southern,
14929,Tui Quê Đak Lak gốc phía Bắc nhưng rất thích bài hát này và những bài hát về xứ Nghệ ...,southern,
24095,nhìn vậy tui cũng muốn á,southern,
615,"Chửi có tiếng ai chửi mắc công em, chửi nhiều tiếng mới thành văn.",southern,
24324,Trời đất ơi ăn gì mà mà nhiều dữ vậy,southern,
13654,Tui coi bộ này 19 lần rồi nhưng vẫn thấy hay,southern,
18509,Kết mở hả ta? Vậy tác giả định làm chuỗi series không hay làm kết mở cho khác mấy truyện khác hen,southern,
26685,Múa hay quá trời,southern,
25656,E này vô tội nè,southern,
21842,Ai ở Đăk Lăk hông,southern,
3221,mai mốt đi nhớ coi ngày dùm tao một cái,southern,
2025,mốt dẫn đi sắm bộ hai đứa đi chơi tết nghen,southern,
17606,Cảm ơn bạn! Cho thỏ 20k nè nhớ làm hoạt hình con thỏ cho đẹp nha,southern,
17076,đợt tui đi câu mực ngồi trên thuyền mà nó say sóng kinh khủng khiếp,southern,
15768,Mình ở hk mười mấy năm mà chưa thấy cái hộp bánh ý bao giờ chắc là hk bên hông chợ lớn rồi,southern,
14142,Em quê ở quảng ngãi nè,southern,
19344,"Ỏoo là người dân xứ Huế, em nghe chị HL review mà vuii quá trời. Qua video của Chị thì em mới nhận ra Huế đẹp và đáng sống đến nhường nào. Cảm ơn team HL đã ghé thăm, mong là qua video của chị thì ngày càng nhiều người ghé thăm vùng đất cố đô này nữa",southern,
28641,Rối não quá trời ơi,southern,
25570,Fan cứng của tui,southern,
27453,"TROI OI HÁT SAO QUÁ HAY.Y NGƯỜI TRUNG QUỐC.TUI LA NGƯỜI XEM F TÂY DU KÍ MỔI MÙA NGHỈ HÈ,COI KO BIẾT CHÁN.CÔ NÀY HÁT GIỐNG QUÁ.NỔI DA GÀ",southern,
10583,Nói nghe để biết còn đi đồn nữa nè,southern,
9327,mốt vô cỗ vũ chớ nói gì he,southern,
14357,Em trai Khoa đẹp gi chang Khoa bữa giờ khoa đi đâu mất tiêu nhớ Khoa quá trời thích xem vlog cua Khoa nhất là những Vlog về miền Tây và những danh làm thắng cảnh của Việt Nam,southern,
27291,Tui biết tải Free mods nhưng không biết get key,southern,
24738,Quê em ở thanh hóa nè,southern,
19641,Xôi ở quán gần trường tui nhiều lắm mà giá chỉ có 5k thui,southern,
21819,Tui là ghi ra tiếng việt,southern,
28542,"xem video của Khoai Lang Thang làm mình nhớ lại kỹ niệm mấy mươi năm, lúc nhà nhà chưa có điện để xay bột gạo thì cái cối đá này là công cụ chính...thanks Khoai nè",southern,
22772,tui đoán 39 sai ở câu 30,southern,
516,"Ngon hông ta, tò mò quá",southern,
23572,Mẹ tui: là ở Bình Định Ba tui :Nghệ An,southern,
26513,Bà vê nha bà co chồng rồi nha tui méc ông Đức nha coi chừng đó ‍ ‍ ‍,southern,
14767,"bà có thích Jenny Huỳnh không, tui thích vãi, tui thấy bà với Jenny giống nhau dui dui nè, fun nha, hông phải tui so sánh đâu",southern,
22515,Chị áo màu hhoongf tên gì đó nè ?,southern,
27065,tui fan anh sầu riêng với anh huy nod,southern,
6123,"hông có mà , nhưng làm ơn nói nhỏ nhỏ được hông, nói to thế lộ hết mất",southern,
24935,2026 Vẫn nghe nè :) và chắc là vẫn còn nghe lâu lắm nữa.,southern,
9485,mắc nhậu thiệt sự á chớ.,southern,
16015,"2026 mà tui còn hát nè, vô tình lướt đc lun",southern,
16700,Trường của em cũng có chú bán cá như vậy nè chú,southern,
22303,Hình chân ái nè,southern,
12940,"Tôi như người tối cổ, hông biết gì",southern,
16877,"Đa số là giả để làm clip troll người đi đường bỏ chạy thôi à ,tui cũng hay xem mấy clip đó",southern,
28268,em cảm ơn anh s t k tên thắng nè may được anh giúp mà tất cả s ố BƠM LAI BƠM KHEN để l ừa ở ngoài đều của 1 MÌNH NÓ LẬP RA đấy,southern,
21200,Ban cho tui,southern,
18069,Một cô gái xinh đẹp dịu dàng hát nhạc trữ tình bolero hay quá hay. Anh thích nghe em hát lắm nè em Phương Anh Bolero,southern,
23133,khi mà tui tập theo bài tập của Xuân Anh thấy đẹp hẵn ra,southern,
28108,Khoai hay quá trời đồ sống là mình chạy,southern,
26153,"vườn sầu riêng quá tuyệt vời :"") nhìn mà thèm quá trời quá đất. Xem video của anh Khoai cảm thấy bình yên và nhiều năng lượng tích cực ^^",southern,
22757,Mèo simmy đúng không nè,southern,
24997,"Bún chả cháy, dơ dữ vậy -.-",southern,
3297,"Ăn như vầy thì ngon mà tuyệt diệt hết rồi, không còn để sanh sản nữa",southern,
15623,Kẹo dừa review quá trời nhưng sao mình thấy ăn y chang kẹo sữa bò trong bình sữa hồi xưa hay ăn đã v còn dính răng ‍,southern,
15604,chiều nay e cx đi ăn ở đây nè,southern,
26541,Tui mất tuổi rồi huhuhu sợ,southern,
19658,Miền nam : còn tui thì sao :(,southern,
14766,Bạn đã quay lại PY quê tui nữa chưa! Hy vọng bạn quay lại,southern,
19443,Chỉ cần nghe 2 bả hài này nói chuyện là khán giả đã thấy giải trí rùi .Tui coi mà cười từ đầu đến cuối luôn,southern,
1559,thích cái nào? mốt dẫn đi sắm Tết nè,southern,
13934,"nhìn ổng cuốn nó đơn giản vậy trời, đưa vô tay tui cuốn như trái lựu đạn vậy :v",southern,
20570,"Rất tuyệt vời Miền Tây quê tui. Sông nước hữu tinh,,,cây trái 4 mùa, tinh người thân thiện, hiểu khách,,,",southern,
21023,Chào tôi là đăng khôi nè,southern,
1549,nhiều khi mai mốt trúng không chừng,southern,
17772,"Tôi cảm thấy đời sống của jack ko quan trọng chỉ cần giọng hát , bài của jack hay là được rồi có ai cùng chung suy nghĩ với tui honk ???",southern,
20463,Ê ở cần Thơ nè,southern,
24291,"Đoán là chị Chi học điệu múa khmer cực lắm nè. Tại bạn em là ng Khmer có dạy em á, em uốn tay ko đc dẻo vậy, bạn em thì uốn dẻo lắm, cong cả bàn tay, bảo là phải tập từ nhỏ uốn tay trc, cái này bạn em nói chứ em cx ko rành như tập thật sự rất khó và điệu múa rất duyên dáng luôn",southern,
18849,Gần nhà tui,southern,
17885,Cảm ơn bạn đã chia sẻ cách trị sâu rầy rất là hay nè,southern,
10408,má nói lớn rồi hổng lấy vợ mai mốt già ở với ai,southern,
22541,Nhìn tí hiền mà nhưng em ko tha cho anh đâu em kêu c Ngọc chia tay anh nè,southern,
14660,Phát cơm chó quá trời,southern,
13697,Đánh giá thì phim này là phim hay nhất tui tường xem,southern,
5485,Đi lên viện ghé qua làm ly sữa.,southern,
7652,Nào dẫn đi ăn bún nước lèo du thuyền coi.,southern,
28680,má quay trở phim cần phải nắm chặt tay dữ vậy trà xanh idol,southern,
24529,Tui người hà tĩnh mà nghệ an nói giống người hà tĩnh,southern,
23223,ai tui củg thích củg quý tôn trọng và biết ơn,southern,
20542,Anh chàng này khá lớn tuổi roi mà ngây ngô quá Nghe nói giống như mấy em bé dzậy đó Lại làm khổ cha khổ mẹ thôi,southern,
14805,Bản này đầy đủ nè,southern,
17350,"quá đúng , người miền tây tụi tui vậy á",southern,
17414,nhà dợ tui chợ lách nà fen ở đâu,southern,
17060,Vậy là nhỏ cha tui bật được con 20kg,southern,
3395,Sao nhìn thằng bé là mắc cười liền hà,southern,
28689,Lan nè e nói đúng ko sai tí nào chỉ có mấy ma nói phét cũng có dc vài người lấy dc Ck giàu ti lê ít lắm,southern,
24964,Em thương anh chị quá trời,southern,
26853,Coi tới khúcnvn là tự nhiên ltui xúc động chảy bước mắt á khóc nhue mua nè,southern,
26414,Zino giỏi quá trời,southern,
26477,Em cx ở An Giang nè,southern,
26427,Wao lần đầu sau mấy năm cho con tui coi video mà ko biết ai lồng tiếng doraemon,southern,
16405,Con mới mua nữa nè ngon lắm a bà ngon thiệt luôn a các bạn like đi nè ngon lắm,southern,
22554,Đấy.. tui nghĩ giựt tít hay sao mà 100 từ 1 ngày,southern,
14352,"Coi kênh khoai học được nhiều lăm nghen, phong cach, tư cách , ngôn ngử, Giỏi . Còn có cái này nè Khoai lúc nào luôn đem đến sư. Binh an cho mọi ngươi.Nếu ai thích bắt chước hay lắm nghen.Cô hơn 60 mà vẩn học hỏi ở Khoai.",southern,
23718,Tui mẹ tôi phú yên ba tui Huế rứa,southern,
19359,Tui đi chỗ đó rồi á,southern,
7869,kiếm bộ áo dài đi ôn lại kỷ niệm học trò chớ,southern,
27323,"Thầy tui bị rồi để tui kể Đang học tin học thì thày vào nói:""đứa nào xả rác?"" Cả lớp:...thầy ơi nhầm lớp thầy ơi Thầy :thầy xin lỗi xin lỗi",southern,
18271,"Đồng hương của tui ơi, anh thật tuyệt vời, hát quá mùi mẫn mà đàn cũng hay nghe ghiền luôn",southern,
14258,hông biết e nói chơi hay nói giỡn mà thuê 8 công 50 triệu. rồi e tính thu 1 công bao nhiêu và giá lúa dc bao nhiêu thì có lời e ?,southern,
19802,Nhìn vk ck ăn cơm lá đu đủ mà xúc động vô cùng cầu mong Gà có nhiều sk để giúp đỡ những ng đồng bào khốn khổ trên núi trên rừng này. Cảm ơn Gà nhiều nghen.,southern,
16027,Ai đồn ác nhơn là rắn kị sả vậy lúc trước nhà hàng xóm tui trồng sả để bán ..đến mùa thu hoạch ..toàn mang ủng dài vs đeo bao tay dài ..đoán đc kiểu gì cũng có 1 2 con trong bụi .,southern,
28027,"Tui có ý này , ăn món khai vị trc r chạy về lun",southern,
17212,Bản nong quang của em nè,southern,
21506,“Hết chơn”. Tui khoái chổ này,southern,
24205,em bắc nè chị,southern,
21484,Có ai bị nghiện bài này như tui ko.mình người Bắc mà nghe hoài ko chán..cám ơn bộ phim phố trong làng.đã đưa tui tới bài hát này.nhờ e thương vk của mến.hát ở tik tok mới biết tới bài này á,southern,
5947,đừng rủ nữa nghem mắc ói dữ lắm rồii đó,southern,
7986,này mà làm lẩu mắm ăn nhức cái nách.,southern,
5819,coi bộ đeo lon vầy bớt nghiệp nè.,southern,
28682,Cái thứ 2 tui thấy,southern,
23856,Tui chỉ thấy khẩu hình miệng thôi,southern,
24340,Miền tây tui gọi là củ chuối đỏ,southern,
14578,Quê cha e cũng ở Phú Yên nè ch,southern,
14460,"Hi em, chị có theo dõi và rất ấn tượng với các video của em. Chị muốn gửi lời mời hợp tác với em thì hong bíc có thể liên hệ với em qua đâu nè?",southern,
23970,Cát đáng yêu nè bé tí nè game Fifa là nhất,southern,
3391,"Quẹo phải chạy xíu quẹo trái nhe, chạy kĩ coi chừng tưng quá lọt hầm cá nhà người ta nhe",southern,
28622,Mình cũng đã đá giải rồi nè,southern,
21558,Ôi giọng ca ấm áp quá ca sĩ ơi. Hay quá trời. Chúc ca sĩ nhiều sức khỏe để đem tiếng hát của mình đến khắp muôn nơi,southern,
22681,câu 5 tui nói là thận :)),southern,
22801,"đa số dân bắc nói tiếng anh sai hơn, nhất là từ WORD, bắc luôn đọc là quút còn nam đọc quợt hoac đúng la quơ-r-đ, chứ ko ai đọc như bắc bao jo",southern,
19144,Ai nói Cà Mau chứ tui thấy lâu thấy mồ!! Từ Sài Gòn xuống đó lâu ơi là lâu.,southern,
22285,Nhà ngoại tui cũng có trái đó,southern,
24431,Có ai như tui ko Xem hai ông bả ăn mà muốn chảy nước miếng,southern,
27425,"Chả qua là nó trang bị đầy đủ vũ khí bên mình ít vũ khí hơn , giờ vào mà ăn Việt Nam dùm nè thế mới biết quân ta giỏi như nào",southern,
27702,Chời ơi em nghe mà thấy hay hát thử cho mẹ nghe mẹ khen quá trời luôn,southern,
17949,Huỳnh Kha Khu Du Lịch Ông Đề ở Cần Thơ nè.,southern,
15324,nhìn a ăn cá nướng mà thèm quá trời !! chúc a luôn thành công trong công việc nhâ,southern,
25163,Hay quá … ngiu tui mất cũng đc 4 năm rồi mà tui vẫn chx quen thêm 1 ai k phải k run động nma nhận ra tc tui dành cho ng củ quá lớn nhìn ng mới làm dì cũng gióng ng củ nên k thể lm khổ ngta … khi nhớ ngkhac mà bênh ngta,southern,
7210,ở chỗ mình bán 20 ngàn một bọc đó,southern,
15650,"cs ai ăn cái kẹo ngậm trái cây kia mà một lần là ăn 4, 5 viên xog ổn đầy bìa giống tui hok :))?",southern,
24169,Giọng Sài Gòn chuẩn luôn nè nhất là chữ khi nói chữ Vương An Dương Vương = An Dương Vương Trường Hùng Vương= chường Hùng Dương Vương Gia = Dương Da Chánh ga để tao nằm cái dỏng cái!! bữa dờ ngủ trên dường đao lưng quá Đi uống cam dắt ở đường Nguyển Trải,southern,
12384,sơ sơ thôi chớ cũng hông ghiền gì mấy,southern,
13330,Nhìn thâu là cái nách giựt giựt rầu.,southern,
28260,Người yêu của cj hình như e nhớ là cgai chuyển giới nè,southern,
17232,Lần nào xem xong vid của A Khoai đều cảm thấy yêu đời quá trời lun á!!!,southern,
16602,Tuổi thơ của tui đã trở lại,southern,
9497,nữa về chơi dì.,southern,
23057,Chị ghê vậy dc gặp anh bayashi lun nè ổng nấu ăn ghê lắm chị ah,southern,
19056,Em muốn hỏi là anh Khoai sài kem chống nắng gì tốt ghê ha. Đi hoài mà hông thấy đen gì hết chơn =))),southern,
7205,nách kia cặp thêm mấy bịt đậu phộng rang muối nữa,southern,
21552,KC bolero là một cs trẻ có tài sắc vẹn toàn nhất hiện nay. Đa tài đa phong cách được kg khắp Bắc Trung Nam luôn luôn ủng hộ và đồng hành thích nhất hiện nay nè,southern,
20583,Bả gần gũi thân thiệt hết sức hông có ngại ngần gì ai. Hỏi s ai k thương,southern,
28386,"tui thích cái giọng của Nezuko, Mitsuri và Obanai",southern,
20203,Dương trung hiếu vô đây làm clip nè,southern,
27692,"Hay quá chị iu ơi em mới bọc nè, lúc đầu cũg lười lắm. Bây giờ biết đến chị em thấy chăm học hơn",southern,
21194,Má ơi nó lé,southern,
26867,Mà tui thấy cứ sai sai vì bác hồ mất vào năm 1969 mà lúc năm 1975 thì bác đã mất từ lâu rồi mà,southern,
16197,Anh kia da đẹp dữ vậy. ???,southern,
25284,Lisa hồi xưa đáng yêu ghê nhìn Lisa giống hệt em tui,southern,
19490,Yummy xinh đẹp quá trời luôn,southern,
590,"thôi đừng mà, mưa to mắc công em phải xả.",southern,
12579,chớ mắc chi qua đụng họ chi rồi họ đánh,southern,
5246,"Bồ có quánh banh thua, đừng bán cái diễn đàn này nghe",southern,
6394,"tui làm gì có vàng đâu, thấy bà với ổng đeo nhóc , định mượn nè chứ.",southern,
26009,đừng nên tạo áp lực cho mn nhé...chúng ta đã cố gắng hết sức rồi...điều quan trọng ngay lúc này là cứ nghe nhạc vì hay vì thương chỉ nghỉ thế thôi...cảm ơn mn đã cố gắng cùng tui...gđ mình lun và mãi mãi đoàn kết như vậy nhé...thương mn ngôi nhà thứ 2...love,southern,
23126,E đang học tiếng nhật nè cj,southern,
19659,"Tui thích cả hai loại nha,ai giống mình không,",southern,
21181,Người Việt Nam có cái gì cũng bán được đồ dùng đồ gì bút chì bán cũng được bê tông nè cục gạch điện thoại,southern,
13151,Ai đồn ác nhơn thất đức dữ vậy bây ơi,southern,
26885,Bn tui cg hên nok còn sống,southern,
18749,Đêm nay gặp lại cô hai nguyệt nữa nè.Cảm ơn tg Quỳnh cùng MC Nguyễn Huy.,southern,
14783,"Có phần tiếp chưa bạn, tui mắc coi lắm rồi",southern,
16464,"Cám ơn VK, rất hấp dẫn nè!",southern,
16741,Tui là fan LCH nhưng nghe và đời phú lên đi vao lòng nguoi tuy ahuy quá gạo gội kinh nghiệm hát sau quá,southern,
28728,"Tôi đi miền nam mà thấy trong đó dân nghèo quá trời, nhiều khi người lớn suy nghĩ và hành động hơi thanh niên, thậm chí trẻ con ý. Theo mình người miền nam vô tư đâm ra làm việc hay tính toán k chắc chắn, các bạn đừng chê mình nói thật nhé",southern,
24916,tui ở miền Bắc gặp là đá vào...,southern,
18179,hay qua og anh. tui nho cach lam roi,southern,
13570,Ai dịch ra được không với tui thấy ông kìa mặt ổng đơ cái mặt ra luôn,southern,
18903,"Lần sau về, hú tui, tui dắt ông nhậu",southern,
10720,"trên đây gió vừa nổi lên là nó cúp, ngày nào mưa là nó cúp, mất nết thiệt sự.",southern,
18729,Đây có phải 9 xác là chuyện ma ko vậy chèn nghe mà cười đau bụng thể loại này đúng gu tui luôn nè,southern,
24243,y chang tui từ đầu líp đến cuối líp luônnn,southern,
20672,"""Nghỉ đi, ông ở nhà đi, tui nuôi"" Đây là câu nói khiến mình phải cố gắng 200% nữa. Cảm ơn phim Bố Già rất nhiều",southern,
25135,"Làm rất công phu mà bán có ba ngàn là quá rẻ luôn Cô ơi, quá trời cực luôn,con ở miền tây chưa ăn bánh ít lá gai, nhưng nhìn bánh rất dẻo ngon.",southern,
27258,Chị ơi em cũng tên Linh nữa nè,southern,
9339,Chưa kịp làm gì mà Tết tới rầu na,southern,
25723,Hóng mãi video này. Quê em ở NĐ nè.,southern,
16558,tui hít mỗi cái đùi gà ăn hết 5 bát,southern,
14152,Quê em ở quảng nam nè mỗi lần về quê nghe người dân ởi đó hỏi thăm em mà em ko hiểu gì hết á,southern,
12814,"Rầu để mẹ gói bánh chưng luôn đi, con trai nay nó cưới nhau hết rầu",southern,
13120,"Nói ra chi, thấy nhột nhột",southern,
5464,ai biểu ổng tu mà ổng đẹp trai ai chịu được chị.,southern,
21326,Nhưng mấy dev người Ấn lại là những người cíu rỗi tui khi tui bế tắc. Mấy ông bả giỏi dã man,southern,
1757,Mấy khứa ngồi coi vậy mà nhịn cười được hay thiệt chớ!,southern,
14907,Tôi quê 98 rất yêu dân ca ví dặm cả nhà .có mỗi ô hàng xóm hông thích mỗi lần nhà tui mở là suốt ngày ô ý bảo về miền trung mà ỏ,southern,
9458,Cùi bắp thấy bà chẳng có gì là hứng thú cả,southern,
20325,Nấu ăn 3 miền bắc trung nam cho đổi tí ko khj nè,southern,
21823,Cảm ơn clip này đã giúp tui,southern,
26634,Về NB anh nên thử mí món dê nè! Đặc biệt là dê tái chanh ó,southern,
17030,lần trước tui dãm vào nó thế là nó đốt mà đau,southern,
20984,"Quá trời vui luôn ùi ạ, miền Tây mỗi lần có tiệc tùng j là cả xóm lại tiếp, món thú linh làm cực lắm lun á tèn, món này lên tiệc chắc hao lắm đây",southern,
26205,Thật ra đầu tiên phải là vua Lê Hoàn người sáng lập thời Tiền Lê nha ae. Lê Lợi là Hậu Lê đọ . Quê em là Xuân Lập quê vua Lê Hoàn nè. ac bỏ qua e hơi chạnh lòng đó,southern,
6573,"Gần nhà tui, ai đi ngang ghé nhà tui chơi nghe.",southern,
23441,Đình bắc phiên bản chị hằng nè,southern,
7032,3 chị em dắt nhau đi bang bang ngoài nắng hái ăn thế thâu à.,southern,
24306,"Nó cute, nó hồn nhiên mà nó lại khiến tui xúc động rớt nc mắt. Con bé Chi này thiệt tình giỏi thật sự, luôn đặt cái tâm vào nghề",southern,
5517,Uống một mình ên chán quá,southern,
27006,tui thấy chris cx có ghét meg lắm đâu,southern,
19815,"Chúc mừng Voi của lòng tui chính thức trở thành QUÁN QUÂN, tiếng hát chạm đến trái tim hàng nghìn hàng vạn khán giả Thương chúc Voi thật nhiều sức khoẻ để cống hiến cho âm nhạc, sẽ mãi ủng hộ Voi - Anh Tú <3",southern,
28653,Em nói với sammy nè,southern,
1008,ní ơi lộn địa chỉ rồi,southern,
18879,Quê em ở AN GIANG nè Núi Cấm chứ ko phải núi ông Cấm,southern,
6379,to vậy mà mấy cha đi không được còn phải leo lên bùng binh á.,southern,
18340,trời ơi ông nội trần văn này làm tui cười muốn nội thương. tui hay nghe bằng tai nghe â nên ngồi cười 1 mình.,southern,
26993,Chắc tui cười đến già luôn quá,southern,
21107,"Quê tui Cà Mau, nhìn tụi nhỏ hái trái gạo mà nhớ tuổi thơ quá đi . Bánh xèo đúng kiểu miền Tây luôn, nhìn thèm chảy nước miếng",southern,
20234,o nuoc ngoai xem may clip nay thich vo cung ..biet bao gio tui tro lai hiii..thanks ah quay clip cho moi ngioi xem,southern,
8050,né chứ bả dừng xe bả tông thí bà 2 đứa.,southern,
16816,Tui chả thấy gì,southern,
25082,Cô thoa oi cô lm về mẹ tui và tui đi ạ,southern,
17509,Tập này chân thật nè,southern,
27967,Tui rất sợ đồ ăn trung vì nó rất nhiều dầu mỡ,southern,
16171,"bữa nào quay video cilp vào công trình em nè anh sò ơi. công trình là phải nón bảo hộ giây an toàn lao động nữa quay nhà dân đâu có mấy cái đó... + thêm khi làm, có giám sát vào nữa,để cái cilp nó hấp dẫn thêm..",southern,
24373,Mọi người ơi sắp tới tôi gần đi tắm biển rồi nè mà tôi thấy cái phim này mà tôi không muốn đi luôn,southern,
20860,Quê tui nèee,southern,
7768,để em kiếm coi quán này chỗ nào,southern,
18108,Banh xeo mien Trung khong co nghe dau. Tui ngupi mien Trung nen biet rat ro,southern,
27609,"Nhìn ông kia chắc cũng sỉn rồi mà né viên gạch mượt vãi ,tui bái phục luôn",southern,
28297,"Cái câu:""Body ai đẹp hơn"" Tui kiểu:' ủa,có gì đó sai sai'",southern,
11525,ngó bộ dìa dưới hông tốn tiền he,southern,
22865,Em hà tịnh nè,southern,
24236,Quá hay.. giúp tui mở rộng kiến thức về dân tộc...,southern,
21089,Qay clip này cực khổ mn xem rồi thì like cho dj hyena nha chớ tui mê bã quá rồi,southern,
22820,"Cái này quan trọng nha, con tui đi học về tuyên bố xanh rờn luôn. ""Con thích nói giọng Bắc và cách nc của Bắc"". Trong khi tổ tiên nhà nó Saigon đặc luôn",southern,
27881,THAM Lam NÈ,southern,
14560,Em dân phú yên nè chị phú yên em còn nhiều chỗ đẹp lắm ạ,southern,
25815,"Vậy ""Minh AQ"" là tên thật hay ""Lưu Hậu"" là tên thật nhỉ ? Thắc mắc quá !",southern,
27117,Em nó bất ổn dữ vậy:))),southern,
13631,"À vậy là' anh Bảo lại trở về quê Hương Quảng Ngãi rồi! Chúc anh có thiệt nhiều thước film hay ở nơi này, chúc cho bà con cô bác có những mẻ lưới trúng đậm nghen.",southern,
17429,Bà chủ giỏi quá trời. Chúc chủ kênh thành công hơn nữa nhé,southern,
16565,Hồi xưa mẹ tui nấu món này là bầm khóm nhuyễn rồi vắt nc rồi nấu nước khóm kẹo lại.giờ thay đổi nấu vậy đỡ cực.với giờ có máy ép rồi cũng khỏe,southern,
27660,Lúc tui mới học nghề bài kia thành trùm mềm vs cải biên Hòa xl nhưng t quên t nahcj r,southern,
15166,Tui là người miền tây (Cần Thơ) mà lỡ thích ngta ở (Quãng Trị ) rồi nên cũng thích con người và cảnh vật nơi đây,southern,
28415,[ ]Hồi Đó Ba Mẹ Em Cũng Đi Bão Nè!,southern,
6687,Bữa hổm thì ổng đi sửa xe ở Vĩnh Long,southern,
18628,Chị chủ quán thật dẻo miệng ( café của cụ vàng nè…….) người gì đâu mà bảnh trai hết sức………,southern,
10936,"tới chụp cái bảng y vậy rồi đi dìa liền nha, hông có dô trong nữa nha.",southern,
13874,"Bây giờ bà tò te khoẻ ko fải lo cho ai sống bình an, ko lo nghĩ,vui vẻ mà sống nha chế, tui thấy vui cho bà nhưng ko biết chừng nào ông tòte ghé đây miển đừng nói chổ ở cho ts biết nó sẽ chở ông về trả cho bà",southern,
22020,1 ý nghĩa khiến tui rất cảm động,southern,
19057,Luôn ủng hộ bạn nam có nụ cười tỏa nắng nè,southern,
23311,E bt nhà Sơn Tùng nè =)),southern,
20935,"Mình ở Sóc Trăng nè , quê Nội Ngoại mình là Long Đức - Đại Ngãi nhìn ra của Sông Hậu",southern,
17984,Nhìn dzầy! Chắc tui nghỉ ăn chay luôn,southern,
15675,Mẹ tui còn thích,southern,
18219,"tzui cũng Bến Tre nè, giông trôm, xã Sơn Phu",southern,
26059,Bỉm sơn chỗ e nè,southern,
1771,Lỡ mai mốt tới con bị quay lén à nha,southern,
22199,Để tui chứng minh giúp đây nha 1+1=1 hết xong nhanh gọn lẹ đừng tim tui nha luanphan ba tui nói cứ bình luận thông báo nhiều nên ba tui bực:(( mà chỉ cần like thui,southern,
7382,Trời ạ tui coi nó không mắc cười mà nghe ổng cười tao không nhịn được cười.,southern,
27793,"Việt Nam đẹp quá trời quá đất. Yêu lắm Việt Nam ơi. Cám ơn Khoai nhiều lắm nghe cô chú chia sẻ cảm động lắm. Ngoài cảnh đẹp, dân ta cũng rất thân thiện",southern,
21651,Dễ thương quá trời luôn,southern,
25017,Coi sớm nè Ninh ơin,southern,
19703,Tui thích bạn làm ny tui nha,southern,
21582,Trai đẹp zino cute quá con ai cute vậy nè,southern,
14796,Tui = tuổi Tú mà tui nhìn muốn nổi da gà lun đó trời,southern,
26449,Tui chỉ có Mười ngàn thui,southern,
7345,Mắc cười hết có biết rồi!,southern,
14133,Hồi đó tui đi làm có mấy bé dân quãng ngải nói chuyện với nhau mà mình ko hiểu tôi thường hay nói người Việt Nam nói chuyện phải có thông dịch mới hiểu là đây nà,southern,
24370,"nhìn em thương quá trời, Trời Phật phù hộ em,",southern,
13173,Bữa uống 2 ly mà mãi chưa có bồ á bây,southern,
22841,Lúc đầu coi pả tui cx hoang mang,southern,
6568,Tối hôm 28 đảm bảo quẩy banh nhà với mấy ảnh mấy chỉ,southern,
5309,Phải cố gắng cày cuốc thật nhiều rầu dìa vơ ăn Tết,southern,
27098,Có lúc tui đang chơi game cái gặp anh slenderman,southern,
18065,quán 3 và 4 thì do ông này dễ nhưng quán 5 tui thấy không vấn đề,southern,
17915,"Món cá đuối này ở quê mình cũng hay ăn nè, ngon lắm, tại ở chỗ mình gần biển đó",southern,
27706,cô hát hay nghen,southern,
26412,DiNÔ dễ thương quá trời luôn đi,southern,
13989,Công thức này ngon nè cảm ơn em đã chia sẽ,southern,
24206,Mình là con lai giữa nam và bắc nè,southern,
20530,"Nhà nước cứ nói : việt kiều , khúc ruột ngàn dặm …thì đây nè ! Cần giúp đỡ …",southern,
3058,Xạo xạo giống tui đăng bài mấy năm trước vậy.,southern,
16090,Tết minh thích nhất là món củ kiệu.minh cũng rất thích đêm giao thừa đón giao thừa sáng đêm vui quá trời.,southern,
6362,"Bắp ngày xưa ngon, bây giờ có chỗ trộn thêm cơm nguội ăn nó trớt quớt",southern,
19879,Quê của em cũng ở nghệ An nè,southern,
17911,Bình luận đầu tiên nè MC Phượng ơi!,southern,
25300,"Kiểu bị thích vlog của bà Vy kinh khủng luôn ấy omg, cảm giác nó dễ gần lắm luônnn, mà chị ta hay lâu ra vid quá mún xem thêm mấy ac nói chuyện kiểu như dị mà hông biết ai hết huhuu",southern,
28384,Bất ngờ quá trời ơi ;-;,southern,
19883,"Nuôi thì lời mê, nhưng nuôi rồi làm thịt thì nghiệp, thế nên tui k dám nuôi con gì cả, chỉ nuôi vài con cá làm cảnh nhưng có lúc vẫn nghĩ tới nghiệp phải mang cũng sợ",southern,
13761,"Tui nhớ hồi xưa đi ăn ở Chợ Gạo thấy món nào cũng ngon nên mỗi món ăn tui ăn một nửa, một nửa gói đem về, ăn được 10 món kkk",southern,
20310,Mâm cơm này chỉ nhà tui ăn một bữa cho bốn người ăn. Ăn sáng chiều hai bữa cũng phải gần 200 k rồi còn gì,southern,
14429,ui phú yên quê tớ nè,southern,
18554,nghe truyện ma mà tui cười muốn nội thương luôn zậy,southern,
25921,Ôi mẹ ơi tui cười đau bụng luôn,southern,
21709,Tui đang hc TBN lun nè,southern,
15890,Video cute quá trời à,southern,
25894,Cảm ơn chế pàm tui mất ngủ hôm nay,southern,
3127,"hông đi thâu, mày làm giọng đó đi nghe",southern,
13049,"chắc đổi tên thành ""anh Long rủ nhậu hoài hông nghe"" quá!",southern,
18326,Truyện hay quá đi công thêm giọng kể của chú Huy thì hay thêm gấp đôi ha quý vị có nghĩ giống như tui ko,southern,
15672,"Nghe đến chân gà TQ là tui rất rất sợ,vì đợt trước mẹ tui cấm ăn nhưng tui vẫn lén mẹ ăn nên xém bị đuổi ra khổ nhà đó.",southern,
27887,Dm tui lm gái no lm ca đời con chưa mua dc can nhà trung tâm sg nữa chứ o đó công nhân,southern,
16083,Tui cũng muốn ở nghệ An,southern,
15241,A ghim E đi đầu nè,southern,
16771,"EM GÁI MIỀN TÂY ca sĩ LÊ NHƯ mộc mạc đẹp giản dị trong chiếc áo bà ba với giọng hát ngọt ngào hay lắm nè! Chị THUẬN like tặng mến chúc em gái cố gắng giữ gìn sức khỏe, phòng chống dịch Covid tốt nhé !",southern,
23836,nghe xong tui đơ luôn,southern,
28458,Tui đọc mà không hiểu gì luôn á^^,southern,
16312,đình bắc kiểu ko cho đc nói rùi hổng có nghe,southern,
14627,Em fan cứng chị nhất trong YouTube nè,southern,
24972,"Mấy ông mà nói là “tôi nhìn kỹ vẫn thấy nó chuyển động” thì chứng tỏ mấy ổng ko stress đâu. Vì tui vừa nhìn phát là thấy ngay nó đang quay rồi, quay nhẹ nhưng cx ko đến nỗi đứng yên, mà dễ nhìn lắm.",southern,
10472,Ai thấy cá kho bển mắc quá thì mua cá bên em xách theo ăn bánh căn nhen,southern,
14675,Này mới gọi là tốc độ bàn thờ nè,southern,
25649,Em ở Hải Hậu nè chị,southern,
9471,Nói chính xác anh bạn! Con cà cuống ở miền Tây có nhóc luôn!,southern,
19827,Ai còn nghe mỗi ngày như tui điểm danh cái ae,southern,
24215,Bố tui là người miền bắc nhưng ai cũng tưởng mẹ tui lấy chồng miền nam với lại mấy chị em tui quen gọi bố là ba rồi,southern,
14377,"ôi mùi lá mơ cuộn chấm mắm tôm, mắm ruốc... em khêu gợi hết các giác quan của tất cả người xem ...hihi... Có ai đang xem chảy nước miếng hôn nè ... điểm danh nha... kkk ...",southern,
2806,Mới đó mà đã hết 265 ngày rầu na,southern,
28440,Hahaha buồn cười quá trời,southern,
9589,"Đường thì hẹp, dân thì đông mà mấy ông chạy bạt mạng, lấn làn ép xe máy không thôi.",southern,
22293,E đã nhờ làm ổn rồi nhé cảm ơn a thắng nè,southern,
3253,coi đỡ đi nữa về quê đi ăn,southern,
17650,Bạc liêu chào nhau cái nè 94,southern,
24032,Nếu vậy tui sẽ đi Úc và ăn bò Kobe Cho đỡ tức:))),southern,
25733,Nam Định quê tui,southern,
28150,"mình muốn xin in4 cái váy bạn ý mặc vào hôm T3 ý, có ai có hông ạ",southern,
18160,Nâng cao tui còn vẽ đẹp hơn bạn một chút thôi tiếp tục phát huy nhé,southern,
18362,"Nghe truyện ma, mà tới khúc Thiên Lý ơi là tui cười ra tiếng háhá luôn đó chèn",southern,
22357,Kì ơi rép tui il,southern,
19899,Anh chị ơi em là fan của anh chị nè Em muốn gặp anh chị lắm đó,southern,
21521,Sao nhìn cái giao diện giống cha neko dữ vậy ta,southern,
25891,Tui xem mà ám ảnh ko ngủ được mấy,southern,
20295,Cau me cua Trong noi ngon hét suc . Nghe ma thy them E ah . Me kho theo món kho thịt người Hoa . Cg hấp dan lam e ah . Chuc gd an ngon mieng nghen .,southern,
6459,"Hổng ngon, cho sữa vào chắc ăn hông đảm bảo",southern,
14424,dung ru tui di an o dam o long nghe = chat chem thay ghe = nen du lich noi day sap chet vi du khach bi chat chem,southern,
2826,"mày khỏi đi, đi mà hông hẹn trước, tới đi cái gọi ai mà đỡ kịp",southern,
14289,Tui miền Tây :),southern,
27127,Tức quá trời luôn ấy bị người ta cắn mất rồi lần sau đừng có cắn nữa đấm cho phát bây giờ,southern,
26652,Tui fan ghẻ nên hum đc cj Như rep comment mn ơi:,southern,
25929,Mê negav quá nè duyên cười đuyn,southern,
21873,cô lam giông em nè em là người cao bằng nè,southern,
19500,Anh phong làm j mà mắc cười dữ vậy,southern,
14205,Nghe gọi món mà tui muốn nín thở cô gái QNgai có tâm hồn ăn uống,southern,
16808,Boi vay noi sao dan ong vn hen thiet.,southern,
25958,Có bạn nào người Hải Dương không nè <3 Comment cho Ninh biết nhaaa,southern,
6992,Bé này ngó bộ giống ai đó quá hi,southern,
15799,Em nè chị việc phương thoa,southern,
19840,Tui ko nhớ là tui đã bình luận á mà gần Tết Trung thu rồi,southern,
18595,không nhịn cười được với cậu chuyện ma PhanAn…hahaha .. love it triệu triệu like tặng Huy nè,southern,
27383,tui rat cam thu thang phap,southern,
17816,Vợ chồng tui thich do ăn công them cái giống nói này luôn ne,southern,
15345,"Tuổi thơ tui gắn liền với măm tôm chua, mắm cá rò..nhammnhammm. Giờ dịp mùa hè nắng nóng còn mò làm tôm chua được, còn cá kình không có để làm mắm cá rò, giờ thấy lại, nhớ quá, thèm quá...—-)))mà răng đồ bán không đậy cho có vệ sinh ( tiền vẫn còn thối trên đồ ăn, nói nước miếng văng ..v.v..) O bán hàng nói tiếng Huế rõ ràng, quảng cáo hàng rất dễ thương.",southern,
28057,cánh gà chiên cá nhân tui ko ăn cái chân gà này,southern,
20942,"Nhìn cảnh đi giăng câu.. rồi có đặng cá ế cum.., cả nhà quây quần bên mâm cơm.., thấy thiệt là đầm ấm../ Năm 1970, khi ở Vị Thanh, tui từng được ăn cá tra.., đầu thì canh chua nhậu đế.., còn khúc giữa với đuôi chiên và kho để ăn cơm..; suốt thời gian ở đó, tui khoái món cá tra + chuột đồng chiên..!!",southern,
20253,Món ăn này tui thấy rất còn nhiều nước vẫn còn ăn Bắc Triều tiên và miền Bắc nước Trung Quốc và Miền Bắc nước Việt Nam nói riêng và nói chung người Bắc dân nhậu toàn quốc vẫn thích...Có ăn như vậy các chú Chó hoá kiếp nếu ăn thì nói là sát sinh vậy thì làm sao nó hoá kiếp. Trời sinh voi sinh cỏ nhé.,southern,
27994,"Con fan hâm mộ của bà nè lúc nào con kêu mẹ mua chân gà bà Tuyết hết , con ăn ngon nhức nách lun á",southern,
19621,Sao mà hay dữ vậy trời ơi !Nhạc hay ca từ tuyệt vời Tiếng hát cs thì lảnh lót,southern,
16875,Tui kiểu: đứng trên sân thượng thấy được nó cầm cụ đá to thả xuống cho nó vỡ đầu,southern,
7897,"thèm nhậu thiệt, mai nâng ly hông nè.",southern,
28457,Cần luyện thêm aa Còn sai nhịp với bị lỗi nè,southern,
25285,"Ck tui còn lâu mới đc như này nhá, thay bỉm thôi còn làm k xong ý",southern,
25485,"Bạn cho mình hỏi mua phân gà đã ủ hoai mục ở đâu vậy ,cho mình địa chỉ nhé , nhìn những luống dưa nhà bạn thích quá trời",southern,
24254,Má ơi ăn gì kì vậy rồi người ta ăn cái gì trời,southern,
27858,Kiểu giờ newfeed tui mới hiện lên video của chỉ ấy và lúc xem tui kiểu ômaigot sao kbt đến chỉ sớm hơn huhu…Bả cứ bị xinhhh ngoan iu ấy,southern,
26480,Em nhà ở long Xuyên an giang nè,southern,
16629,Mèn ơi nấu ăn đa số đồ có sẳn sương,southern,
12839,ráng săn con xe máy thôi chớ thấy ngon dữ.,southern,
15568,Má ơi là má tặng emcái quạt nữa hả,southern,
23571,"Với tui nghệ an luôn là tỉnh khó nghe nhất. Có khi nguyên 1 đoạn dài ko hiểu gì, tiếng địa phương nhiều mà nói còn nhanh nữa",southern,
27406,Hồi mòn vào bảo tàng chiến tranh ở sài gòn có nè,southern,
23882,Anh em ơi tui giống giọng nữ lắm,southern,
10353,"Trước đang ngồi ăn chè gặp chú kia chuẩn bị chạy đi nhưng quên gạt tó, tui kêu chú ơi tó kìa, ảnh xuống ảnh nhìn quài cả buổi xong ảnh hỏi cái gì,mình kêu quên gạt tó kìa",southern,
19909,Cute quá trời quá đất luôn á,southern,
16199,"Bác Hồ là vị Thánh của chúng ta. ý chí, quyết tâm cỡ nào mới làm được như bác. xin lỗi chứ như tui mà như bác bị bắt 1 2 lần chắc thôi, về an phận cho lành. tự hào là con cháu Bác Hồ",southern,
9134,"Chở mấy chục cây cột bê tông mà chỉ ràng một sợi dây xích duy nhất, kinh hãi thiệt",southern,
20933,Tui yêu miền tây vô cùng,southern,
23342,Nhìn na na cái c mà mùa rồi ở sóc trăng í... mang vàng quá trời á,southern,
19790,"List nhạc siêu dễ thương lun nè, bình yên & chữa lành quá đi, cám ơn bạn",southern,
11177,"dậy tuần này nhậu mồi gì nè, để biết dầm mưa dìa sớm",southern,
28300,Ăn khúc cuối là hp rồi hen thoa,southern,
15818,Hài chớt tui đag bùn ngủ xem chị phát tỉnh lun,southern,
28181,"Sắp được nút bạc rồi nè. Kênh rất có tiềm năng, chúc bạn sớm đạt được nhiều thành tích mới nha. Keep on good work!",southern,
11617,bị trước cổng nhà quại em luôn á chị.,southern,
25339,"tui cũng tên Thìn nè, qua nhà tui nấu cho ăn:)))",southern,
18716,"Nghe cười như bị ai dựa chuyện ma gì nghe mà hông thấy sợ, thấy đau bụng vì cười hà",southern,
26499,Zino giỏi quá nè,southern,
15191,Có ai xem phim Mưa Đỏ xong rồi về xem video này để tìm hiểu như tui ko,southern,
21416,Long o tui thấy có cái là khâu nghiệp thôi còn ngeo chết giào đâu mà ra khâu nghiệp mà nhân hậu đâu không đang yêu,southern,
12664,2 bây kiếm người đi chung đi chớ.,southern,
16688,Ở ngôn thôn tôi thấy có rất nhiều món ăn ngon và những trò chơi hay mà tui ko có nguyên liệu để làm,southern,
19453,Sao nhìn cái kịch bản quen quen hình như tui đã thấy nó ơt duyên dẹo,southern,
26835,"Cái ông cười người ta rồi cái kết, quá trời ngầu",southern,
27422,Làm bài này thấy hay đúng và ý nghĩa nè,southern,
18948,ơ quê em An Giang nè em ở thị trấn tri tôn huyện tri tôn,southern,
27050,Anh sâu riêng có thằng bạn thân quá trời tốt luôn,southern,
19304,Em ở Đà Nẵng đường Hoàng Diệu nè vâỵ mà ko đc gặp ah,southern,
156,Nhà tao còn nhóc nè.,southern,
19373,Nhà tui cũng có.có lúc tụi có lá bài vô cực và lá bài 100.khi tui ra lá bài vô cực và lá bài 100 con bạn của tui kiểu: vãi má,southern,
28437,tui Nghiện xem 15 lần không chán gì hết á ai giống ko cho tui lai nhé,southern,
26411,Xin chào ninh đến với bắc ninhhh quê tui,southern,
1320,"hồi đó còn bà quại hay nướng ăn như vầy nè chị, lúc mà nhà quại còn nguyên một vườn đào á.",southern,
21625,Xời tưởng j chứ TBN là idol tui ở đó r,southern,
19966,cười hông ngừng được luôn,southern,
16251,Ê tui ở Quảng Nam nè,southern,
18949,"ảnh tới quê tui đầu tiên kìa các bn,này em đi thi cuối kì k đi ra gặp anh đc",southern,
24567,Quảng Nôm mãi đỉnh Ai quê quảng nôm giống tui hok nek,southern,
26558,"Em ơi cho hỏi nè, thấy số 12 tattoo trên tay, có phải em là Seahawks Fan của Seattle Washington không?",southern,
10156,"Khoe vợ đẹp, có nghèo nẫu cũng thấy mình không tầm thường.",southern,
13893,"Dìa miền Tây, ăn bồn bồn xào tép, mắm khó nhúng năng, rau mác, cà tím... . Lúc ở quê bữa nào mà ăn lẩu mắm là ăn khỏi cần ăn cơm luôn..",southern,
23632,"Quê mẹ tui là Phú Yên ,hay nói trời ơi thành tàu quơ ,nhiều nhà thì ấm áp dữ lắm,mà ít nhà thì lạnh,hôm 27/1 tui đi Phú Yên chơi mà mặc đồ kiểu áo tay ngắn hơi mỏng quần thì còn mỏng hơn lạnh ơi là lạnh ,bà chị ngạc nhiên thì kêu ồ sí,cháo Phú Yên gọi là ngon ơi là ngon,khi tui ở Sài Gòn thì nóng,còn ở Phú Yên thì mát",southern,
22755,"Mèo simmy nè ,đúng thì",southern,
28394,tui thích giọng kanae và shinobo,southern,
16605,"Nhớ hồi đó lớp 2 à bên sông Hay đi qua bển cầm cái lồng làm bằng cây sậy, hoặc Tre qua hái quá trời luôn chả hiểu sao không biết ngại ha gì á Quán của người ta mà tui cứ qua bang bang trước quán hái đi dài 1 hàng luôn Nhìu cây lắm",southern,
17586,"Tui miền tây có bánh xèn éch băm , nhái băm , vịt băm , ngon lắm",southern,
28630,Em máy chị Sammy đào nè,southern,
17321,Miền tây tụi tui có mấy cái cổng có tượng hình con chó hình con sư tử,southern,
20840,Video này hay nghen! Hội tụ các chàng trai trẻ tài năng và duyên dáng nha,southern,
26765,Hôm nay 16 tháng 5 năm 2020 rồi còn xem nè!!! Ai xem thì nhấn like,southern,
12117,Để cho ổng nắng chứ trách mai ổng mưa giờ.,southern,
18585,Nghe tieu tieu ma vui tui nghe ca ngai va dem kakaka,southern,
13758,Tui coi mà thèm ngang ấy. ĐN food maix ngon,southern,
22570,Đây là điều tui đang cần ngay lúc này,southern,
17916,"Xin ba noi chi cach lam me di . Truc Mai dang thay rang nhung cung an du cac thu rau , gioi lam ! Mong rang cua TrMai mau mau "" tro lai theo con Tim nghen."" .",southern,
13916,Cái Nắp Xoong đó có bán không. Tui mua,southern,
19867,Tui nè tháng 11 năm 2024 mới coi trúng cái lày,southern,
704,ghi vô sổ lần sau còn biết đem theo cái mền,southern,
16609,mik cx đang luôn cặp beta nè,southern,
26211,tui với a tui làm thợ sơn lúc lọc hóa dầu đó đang xây á. ở đối diện cổng công trình. năm đó lạnh vãi,southern,
25476,Tui và người ta,southern,
7983,coi khăn gói nhập hội cho đỡ áp lực đi ní .,southern,
1667,"ổng đợi mày phơi đồ lên, nào đồ sắp khô ổng sẽ mưa",southern,
86,chớ đi coi lân mắc gì mặc váy?,southern,
12209,"mưa ướt hết rầu, sao hông chịu dô đục mưa dẫy bây?",southern,
18372,Ui là trời tui nghe truyện ma mà tui cười như 1 con điên,southern,
15538,Em là fan của chị nè em tòa sem của chị,southern,
14209,Xem clip này tui nhớ tới người con gái Sa Huỳnh...!,southern,
28125,"Thích vlog a Khoai đi cùng bạn bè vậy nè , kiểu vui hơn đi 1 mình á",southern,
16922,Anh thảo ơi hác chận tại ải còn thắc đó nè Anh thảo ơi có yêu em Thảo không nè,southern,
16468,Kênh bạn nầy dể hiểu nè,southern,
8785,chỗ nào mắc cười chỉ mình với mình cười cho vui với.,southern,
20959,"Cà mau mình nà.Nhớ quê ghê nơi.Giờ mà có chén ba khía muối Cà Mau xé ra trộn với ""dắm,ớt,lá quế"" xong rồi ăn kèm với cơm nguội,không thì ăn với ổi ruột đỏ là nhứt cái nách.Mình thích ăn ba khía hơn cua.Miền tây tui cũng nhiều món phong phú ghê nhỉ..",southern,
25197,1000 đđẹp quá trời luôn,southern,
25647,"Em cũng ở Nam Định nè, chào chị nhé>.<",southern,
17547,Tui thật lòng nói là Nó thực sự là quá đẹp gòi chớ sao nữa 1000 không có nhưng á chòi,southern,
15695,Tui chưa nấu ăn lúc nào,southern,
25908,Hôm vừa ùi tui đag chạy gặp ngay chiếc elantra nó dừg ngay giữa đường y như z nè hên rà thắg kịp và bớp kèn mấy phát nó hk nghe định vượt lên chửi nó ai dè đâu là con gái ae à,southern,
20587,Lên Thành phố Long xuyên nè chị,southern,
17428,Tao làm pa tê gan chó mà hổng ai thèm ăn...,southern,
28740,"Tui phải đồng ý rằng , kênh Chao vlog rất chất lượng về nội dung lẫn hình thức , bỏ nhiều công sức để có những clip đáng xem như vậy , đúng thật là không dể . Cám Ơn Trường .",southern,
13705,Mình 42tuoi vẫn đang xem hoạt hình nè,southern,
21091,"Tụi nhỏ hồn nhiên chơi đùa với thiên nhiên, nghịch ngợm với đúng lứa tuổi thấy vui ghê! Trẻ em ở trên thành phố giờ dành thời gian lên mạng, chơi điện thoại chứ hông được tung tăng như tụi nhỏ ở quê .",southern,
9710,Ủa chỉ vậy thôi ổng hông bị gì hả,southern,
14294,Ai là miền trung nào tui là ở trung là nghệ an,southern,
24409,Em đăng ký cho chị rồi nè,southern,
1572,Chè đậu xanh hột vịt nước cốt dừa hôn.,southern,
19926,Tính ra tui ở Miền Trung mà có cái ước mơ ra Miền Tây ở,southern,
26502,Mới còn nhỏ mà Khôn dữ vậy,southern,
26830,"ủa tui đọc lái sao thành câu ""chuyên đi trĩ"" vậy ta?",southern,
3373,Ông này là ông nào dậy. Sao tui chưa bị ổng kiễm tra bao giờ?,southern,
26225,"thắc mắc rằng đi thanh hoá 2 người vậy ở chung phòng luôn hen, vậy là...? =)))",southern,
903,cái ngách chút ét còn dô được thì dễ gì lạc,southern,
21572,Tự nhiên cắt tóc sống rồi sao đẹp trai dữ vậy trời,southern,
21577,Bây giờ zino mới thật sự là trai đẹp nè,southern,
6677,nhìn là thèm chỉ muốn về chợ Mỹ Chánh liền.,southern,
21790,"Thỉnh thoảng engsub kiểu như nó quá là mới lạ quá nên tui học thêm về hood word , nó kiểu như ayo wassup hoặc Yooo sup bro , wat chu doin homie :))) hoặc ayo chill bruh",southern,
15992,Ụa dzậy là giảm cân dzữ chưa,southern,
13565,Quê Em ở 77 bình định giáp quê chị lùn nè,southern,
16953,Úi rùi ui lạy chúa tui,southern,
26751,Sau hiệu ứng Bắc Bling bài này phải 30tr cho tui,southern,
28593,em đá giỏi quá giỏi như cr7 idol của a nè,southern,
11409,Bệnh viện có tuyết rơi thiệt hay không vào đây coi,southern,
14756,"Phú Yên quơ iemmm, quá là đẹppp",southern,
13521,"Đẹp thật sự, em cũng ở Khánh Hoà nè. Nơi chị quay đẹp quá chừng luôn",southern,
23350,"*GIỌNG ẢI GIỌNG AI TẬP 14 (mùa 2)* đã có rồi nè cả nhà ơi, vào xem cô nàng Tiêu Châu Như Quỳnh và nhạc sĩ Châu Đăng Khoa với những sự lựa chọn cực ngầu luôn nà *Link tập 14 full* :",southern,
2773,nữa về làm cho chảo nhen.,southern,
26272,Chúc chị thành công nha cố lên cố lên Em Blackpink nè,southern,
18708,Chuyện này là chuyện cười hay chuyện ma vậy cảm ơn tác giả làm tui dau bụng quá,southern,
20289,"ngon quá trời, lại bay nồi cơm nữa rồi",southern,
27396,Ad chắc nghe từ giảng đường tới chiến trường kỹ lắm nè,southern,
20077,"Bác sĩ tâm thần vô nhà ông mặc áo xanh đi trời: “Cầu lì xì dư xài nạp phai phai, leo rank vừa đủ” Ông bố: Tui sinh ra đứa bất ổn vậy luôn hả trời?",southern,
19967,Tui cười Tới sáng mai luôn đó trời,southern,
15940,Mập vậy ra đường người ta nói này nói nọ tui ông ông có ngại hong ủa mà nay mới tháng 7 tháng cô hồn đó tết ở đâu cha,southern,
21466,"Dũng: nhiệt tình, tuyệt vời, giàu có, đáng yêu. Chả đúng tí nào, mà tui thấy nó hoàn toàn ngược lại.",southern,
3379,Hên quá tui dìa sớm hông có mưa.,southern,
9618,rủ thiệt chứ sao giả bộ chị,southern,
21827,Tui ngạc nhiên là:ô mai gót luôn á bà,southern,
24009,Dễ thương quá trời ơi . I love you,southern,
15104,Anh hướng dẫn viên nói chuyện dễ thương có duyên quá trời!!,southern,
19471,"anh chi ca mui wa,chi thuy trong bai nay tui ngjep wa",southern,
22912,Ở miền nam tui chỉ nghe lấy cho con cái tẩy chứ ko nghe ai nói lấy cho con cái tẩy đá cả,southern,
16240,Em ở Quảng Nam nè anh Em thích anh lắm Anh,southern,
26334,Nó xuất hiện “ bà làm má tui hơi lâu rồi đó “,southern,
16102,Hai bạn hát hay quá trời luôn cũng thật là đáng iêu và dể thương lắm đó nha đúng là 2 vợ chồng đáng iêu làm sao,southern,
20961,"Tui mới coi lần đầu , quay bằng máy gì mà cảnh rộng đẹp quá. Giọng nói hay , đặc trưng của những kênh truyền hình miền Tây. Like",southern,
13738,Bạn tui cũng tên Ngọc,southern,
18428,Haha kiệt gì cũng bắt có ai đang nghĩ .. ..như tui hok tác giả ghê nha,southern,
20627,Để tui mốt đi xăm cho nó oai,southern,
8991,Cái nầy là khùng điên chớ làm gì có thần tiên!,southern,
25743,Ổng hông ăn quất mà lấy muỗng,southern,
24896,Đúng r Thanh Hoá ở miền trug quên tui nè,southern,
20110,Ngon thi cho tui ăn với không,southern,
14395,Con tui thi ghien nhin cai mat de thuong cua khoai (thich khoai...)khoai an miet chac co ngay khoai map map nha,southern,
24602,"Em ở TP.Vinh,Nghệ An nè cj",southern,
19498,Kỳ ơi cho tui lên tivi nhoa,southern,
16648,"Nhứt nách là gì, nghe sao mà ói quá hổng có ngửi thối lắm",southern,
22475,Nhớ nhà lắm nè,southern,
20828,"Negav mảng miếng duyên dáng nhà, vui đó, tui cười khùng với chả. Xem vid mà muốn đi Gia Lai luôn quá",southern,
5664,muội chỉ phát hiện thiếu tô canh khổ qua nhồi thịt thâu,southern,
14102,"Thiệt chứ, tui đg thèm ăn món huế, mà coi trúng video này thì . A Khoai, quá đáng lắm lun á Thích huế và mê món ăn huế từ lâu, mà chưa có dịp để đi. Ns chứ cực kì mê món huế lun.",southern,
23759,Dân Bắc nói đó nha. Miền Nam tụi tui hok có nói gì nha.,southern,
24578,Em quê thái binhf nè,southern,
21172,"ủa ko có link shopee à? Tui muốn order 1 ST Empty-P này <("")",southern,
14694,Bài này hoà hát hợp nè,southern,
14204,Tui Quảng Ngãi nghe bả nói mà cười muốn nội thương,southern,
7532,nghe cũng hay chứ bộ,southern,
16200,Xem và ghe lại lời Bác nói mà tui dưng dưng nước mắt. Cảm ơn Bác rât rất nhiều. Chúng con là công dân việt nam mãi mãi khắc ghi trong lòng. Chỉ bít nói 1 câu từ đáy lòng đó là cảm ơn. Ko có Bác ko có hnay dân chúng đc ấm lo là công của Bác.,southern,
23296,"em nè, hay quá ah à",southern,
14620,Lúc ổng mở nhạc làm bẩn điện thoại tui thấy khó chịu vãi,southern,
27086,j97 tui không biết nhưng tui biết hết 7 cái trừ j97,southern,
13714,Em ở quãng nam nè anh,southern,
12158,điều tra luôn coi ổng có bán độ luôn không chứ đá đấm gì mà kỳ.,southern,
23006,Năm lớp 6 cô cx hỏi tui như vậy có đứa bảo đó người việt ng.. nghe bực vãi luôn,southern,
26468,Trường tui thứ 2 mới biểu diễn văn nghệ ếch ngoài đấy giếng mấy em lớp 1,southern,
18437,Tuổi thơ của mình cũng chơi nhà chòi nè lấy đất sét làm đồ nấu ăn nữa cả ngày ở nhà chòi không vui lắm,southern,
17837,Sao mà tui cứ thích những món ăn dân dã quê hương miền Tây của kênh này quá đi,southern,
19554,"Trời quơ giờ xem lại ... , chốt nhạy ghê Út ,đứa thứ 2 chưa ..ahihi ghẹo",southern,
12460,ngó bộ có chỗ mới để đổi món nè,southern,
25811,Tui cũng Fan của mấy ông,southern,
18961,"thấy đá bào,kẹo kéo chị nhớ tuổi thơ của mình quá trời lun .Cảm ơn em Khoai rất nhiều luôn",southern,
15436,Xem phim Chuyện này nè Chuyện này vậy thôi chứ làm làm nhiều ra phải,southern,
971,Hèn chi đi kiếm dưới đất không à.,southern,
23464,Tháng 7 là tháng sinh nhật của tui luôn nè :>>,southern,
21286,Miền bắc nè chị,southern,
23120,Omg youtube bayashi tôi là fan nè,southern,
27912,"Dung la phong tục moi noi moi khac, nhưng sao tui thấy dơ quá, lau vay sao đảm bao ve sinh nhỉ ?",southern,
18299,"Hay quá giọng đọc rất hay và rất rõ ràng nên nghe rất hấp dẫn xin cảm ơn em nhiều lắm,mặc áo bà ba đẹp quá trời",southern,
17430,"má ơi , cô nầy giỏi quá , nấu an gọn gàng sạch sẽ theo trình tự , 1 mình cân mấy chảo mấy món khác nhau luôn ! Cảm ơn VNT , nhờ vậy mới học được của chị cách kho cá đủ loại , hay quá !",southern,
5395,"Khá khen nha bạn, cuối năm chơi đã thiệt chớ.",southern,
16762,"Nước ngoài tui thấy kiểu họ chỉ mở tủ lạnh, lấy chai bia rồi nốc thôi Chứ không bày ly đá ra như chúng ta",southern,
11621,nhớ đường đi chưa? Tết dìa đi nữa nè!,southern,
18029,"hahah nghe cai giong la thay muon oi DDD noi binh thuong theo dung giong dia phuong thoi may ma oi. bay dat phat am cho chuan theo tui bk nghe no tom DDD,",southern,
21793,"Tui chơi với mấy thằng Tây :)) xong đôi khi tồi chửi chúng nó bằng tiếng Anh, thành thói quen nên thường chỉnh tiếng Việt trước chơi cho quen rồi sau đó setting lại thành tiếng Anh =))",southern,
897,"đi ăn bún thịt nướng dí xiên que đồ tiếp nè, mốt hết được đi rồi",southern,
20877,S ông lâu thế mới có clip dị mấy đứa nhỏ nó hóng giữ lắm nè,southern,
25196,1000 nha chị em fan chị nè chị ở Hồ Chí Minh,southern,
24255,Bà của tui bên ngoại lớn hơn tuổi của vua bảo đại,southern,
2923,phải hông anh 3? Ổng dìa ổng biết tay em.,southern,
26172,ôi giọng chị Hà dễ thương quá trời luôn í,southern,
27829,"Cảnh quay này gần quê mình nè Cầu Bông Súng >>> rồi chợ Hòa Định Chợ Cái Mít, Đình Cái Mít !",southern,
20937,Tôi ơ quê nè thấy ngán quá,southern,
12485,Nhìn mặt bé na quải chè đậu thiệt chớ.,southern,
16222,"Đối với một đứa quê cần thơ như tui, điều vui nhất khi tới đám, là quá trình chuẩn bị là vui nhất, có ông bà cha mẹ, các cô dì cậu mợ chú bác đến, và mấy dì xung quanh qua làm phụ vui quá trời luôn.",southern,
16965,Tôi đang ở đà lạt nè,southern,
22815,"cái gì là: vòng xuyến, tàu bay, ô-tô v..v trong Nam mình tui chỉ biết bùng binh, phi trường máy bay , xe hơi. Sau này tui vẫn dạy con cháu mình như vậy.",southern,
8049,Nhìn chỉ biết ước giờ được ăn lần 5 cái cho đã cái nư.,southern,
27325,"Cười đau bụng lun, ai giống tui thì giơ tay",southern,
26001,Bà đóm nào nản kg c à y nữa tui bùn lắm á đã c à y giữ t o p tới h thì cố lên . t o p có thể lên hoặc xuống đâu ai bik đc rớt xuống lúc nào. Rớt thì kéo lên lại kg đc nản chúng ta còn cơ hội lên lại mà.,southern,
20957,"Mẹ tui nè, nấu ăn bao mê luôn, có khi món có 2 30 ngàn mà nấu cái ăn mê xỉu..",southern,
22738,Tui đúng 39 câu sai câu 4,southern,
18582,"Ủa nhà em ở Đà Nẵng nè, chỗ Tây Giang đó có 4 huyện, huyện tây Giang, nam Giang, đông Giang, prao",southern,
13616,Em cũng ng quảng ngãi nè,southern,
19969,Tui cười xủi như em lũi,southern,
10769,"trên công sự bán nhóc, 40 ngàn một kí.",southern,
19799,Trời đất ơi.sau mà anh chị khổ quá cả nhà mình ơi.ga ơi chị bị viêm họng lâu ngày nó sẽ qua phổi nhe gà.em cần thận nhe gà.thay anh chị ăn mà mình sót thương quá cả nhà mình ơi.thay bé ăn rớt nước mắt luôn.tan cùng nỗi khổ luôn.ga ơi giúp cho anh chị có nhà ở đi em,southern,
18277,"Cá này khong phãi "" cá Thòi Lòi"" <quê tui gọi là cá Lóc Noii> nếu sông rạch gần nhà ở quê hay có <nhữnh nhà có dựng Lăng Bác dựa mé Sông...> cá này rất thích ... Nên là không nên ăn nhen.. .",southern,
21455,Chính là nước yến em cũng tên Yến nè,southern,
19562,25/10/2022 - 14/5/2025 | Cưới hông Chốt nha - Út nhị | Em Sẽ Theo Anh Về; Về Làm Dâu Miền Tây...; Nhạc của Út nhị hay quá đi mn ơi,southern,
23385,"Anh chịu khó thực sự.nhà em ở bắc Ninh nè ,hôm nào anh lên gặp em nha",southern,
23295,"Cô tui thấy mấy bạn chơi slem.Cô nói""chơi mấy cái đó độc hại,cái đó cái gì vậy""",southern,
28464,Đồng hai là đài hông … dễ ẹc,southern,
19848,"Tui cx tên Trần Nguyễn Ngọc Trân ý, thật tuej hào",southern,
26096,"trời ơi cứu tui, mai tui thi ""TỐI ƯU HÓA"", môn cuối của chuyên ngành HÓA. SOS.",southern,
25167,"đoạn của BẢo Anh nghe đi nghe lại hoài luôn ý, má ơi cuốn",southern,
13953,"phải nói tới giờ thì món này tui làm thuần thục luôn đó, thẩm chí thuộc từng lời chị hướng dẩn luôn, ngạc nhiên vì sao mà chị lại nấu ăn ngon đến vậy?",southern,
7447,Cột chỉ vô rồi thả cho bay,southern,
26668,Em cũng tên Vy nè anh ơi mau hết khỏi còn quay clip,southern,
25249,Bệnh nhân kiểu SOS cứu tui trời ơi chết tui trời ơi,southern,
11655,Mắc cỡ dùm bây ơi bây chắc tao có ở đó tao cười rụng đít luôn quá!,southern,
23419,Hôm nay em bận nên luôn vào sau nè,southern,
14752,Huhu ngửm hết cá cảnh của tui rồi,southern,
18388,có .có tui .benh kg uông thuôc chi mo đât đông .mà nguyen Huy kê moi phê,southern,
12145,hột vịt lộn nữa mới ngon.,southern,
26299,Hải Phòng quê hương tui đó,southern,
21481,37 38 gái toàn ngọt ri hey...tui ở ngoài rọng chạy về coi ai hát mà hay ri...,southern,
20717,2026 vẫ đang nghe đây nè,southern,
15240,Hoàng nam cho mình xem hồi hộp quá luân nè,southern,
11362,Bây giờ cũng dậy chứ hầu đó gì,southern,
11363,chứ mắc gì vô trỏng ngồi làm chi.,southern,
22751,Mèo simmy đúng ko nè đúng thì like,southern,
27016,Ủa sao nghe giống nhạc Khmer dữ vậy trời,southern,
23945,"Chết tiệt Tôi là con lai ba miền vì ông ngoại ng bắc, bà nội ng trung ông nội với bà ngoại ng nam nên h tui nói giọng lai hài lắm",southern,
15816,"Chị Lý Tử Thất ko làm tui thất vọng, đến bà Linh còn nói ngon nữa kaka",southern,
17912,"Cua này mua ở chợ nè, nên nó chói sợi dây bằng cùm tay à",southern,
28537,"Nấu món bánh canh ngon trên cả tuyệt vời ,miền Tây nấu mấy món quá trời luôn đó Khoai ơi thấy cả gia đình ăn nướng thấy thèm ghê đó nhen",southern,
18667,Cúi tần chú Huy cho chờ sớm hen,southern,
19375,Cảnh vô cực dữ vậy,southern,
27032,Ai nói ko iu papa tui đc Iu pa nhất,southern,
18699,Quảng cáo đi để hông kịp,southern,
24760,Mẹ em miền bắc nè dữ quá trời luôn,southern,
15634,Ông k ăn thì đưa tui ăn cho,southern,
12655,Dìa đây là vừa trà và bị cú đó hả,southern,
659,vậy là ban ngày 2 tui tự đi? Là có thiệt lòng dẫn hông ạ.,southern,
2960,"nữa về quê tui chơi, tui dẫn qua đây ngủ cho biết nè.",southern,
19849,Em cx giống nè ạ,southern,
24807,Mẹ tui cũng miền Bắc mà hiền khô è,southern,
2189,trèo lên nóc nhà mà xem khỏi mắc công tìm người chở,southern,
23170,Ủa sao tui thấy chị nhanh trí nói Mỹ từng chiến đấu với Việt Nam,southern,
28346,tui khóc rất nhiều anh mạnh đã đi nghe anh mạnh đọc thư của mấy anh em mà khóc,southern,
25103,Má ơi cái bơ:)),southern,
20988,Tui nghe cô dọc chiện mà tui nhớ ký ước lúc còn nhỏ,southern,
20306,Tui thích ớt,southern,
10388,Dìa nhà nghỉ hay dìa nhà nghỉ vậy anh?,southern,
23092,Buồn cười quá trời luôn chết chết,southern,
24555,Có ai ng miền nam giọng bắc k Hãy lên tiếng để tui thấy tui k cô đơn đi:),southern,
26027,"vụ j zậy,tui mới xuống núi :)))",southern,
759,Luộc chấm muối tiêu chanh thì ngon bá cháy,southern,
23849,Em là miền Tây nè,southern,
1256,Có cần đính chính lại câu hông biết nhậu với hông biết chửi chồng lại xíu hông.,southern,
16865,"Gì bà về Việt nam rồi á hả,tui kêu 500 ae mỗi đứa lấy 2 cái đồ chà bồn cầu để chà dô mặt bà ta á",southern,
28276,Vaizz phong kiểu tui cạp đầu bà giờ,southern,
22621,tui ko bt,southern,
1151,đọc thì có thể trật nhưng viết chữ thì không thể trật.,southern,
20944,Cẩm ơi sao hổng chài để có lý do ghẹo Việt cho vui cửa vui nhà ? Hí hí,southern,
15494,hay quá trùi nè,southern,
17873,Trái này quê tui có ko tui cũng ko rõ. Hình như có trái cóc à. Ko có trái cám. Quê bạn ông thần cây giàu hơn nhưng thua vài nước nhé,southern,
28077,Món giò heo dã cầy nhìn ngon quá trời luôn bạn ơi.,southern,
28052,Em là fan của chị đấy em biết chị sống ở Vĩnh Phúc đúng không chị cho em biết địa chỉ nhà chị đi em cũng ở Vĩnh Phúc nè,southern,
21701,Học tiếng trung thẳng tiếng do ah tui định cho tôi qua Trung để đi làm,southern,
19606,cho tui nhóm này nha kk,southern,
14058,-Qán bún bò ni cô việt hương có ghé nè.,southern,
26239,thanh hóa quê tui,southern,
28513,Tui đố các ông ... ai dám khẳng định ko nhìn Cặp Núi Đôi ??? Điểm danh coi,southern,
25105,*Lâm làm là thật nè.Còn mấy người khác toàn câu like thôi*,southern,
22402,"Mẹ,ba,em ko bt luôn, tui bị là mẹ tui thưn dữ lắmmm",southern,
9395,"em coi ngoại nè, uống không có chừa như em đâu nghe",southern,
24874,Tui miền Trung( Hà Tĩnh). Rất thích hoa,southern,
19044,đăng kí cho 2 bố con liền nè hâm mộ quá con ơi,southern,
16184,Tui đen tui lấy con bà,southern,
20571,Hôm bữa mới vừa đi chơi về cái quán bún riêu hũ tíu sát bờ sông ă dỡ ẹt 45k 1 tô mắt mà dỡ mới tức chứ. Tui lên trên bờ ă 1 tô hũ tíu 25k nước lèo bao ngon luôn.,southern,
26173,coi mấy vlog đi học như này làm tui nhớ tới vlog đi học hồi cấp 2 của Jenny ghê,southern,
24660,Tui người miền trung quê cũng miền trung mà lại nói kiểu miền nam là sao ta,southern,
15175,Mình ở đong hà nè,southern,
10506,"Chắc nghe ẻm nói lộn á, ẻm nói là nửa số điểm lận",southern,
21233,Thôi chụp hình gửi chị tui,southern,
27932,anh bốp làm đồ ăn ngon hen,southern,
22939,nghe bạn này nói mắc cười quá trời,southern,
14179,em ở hành thịnh nè ah gần ah luôn,southern,
25512,cam on chau trai nhe ncay mai co se nau 1 noi cho tui nho no an,southern,
13895,Trời ơi cái khúc mà miếng càng cua chấm muối ớt chanh đó. Chết tui luôn. Nhìn thôi mà sặc nước miếng,southern,
18696,"Đoạn hò là ca sĩ hay ai hò vậy ạ. Em nổi hết da gà luôn đó, đúng nhịp truyện mà đúng cảm xúc quá trời",southern,
21547,Chi đan tập bài hai quê của khánh an hát nè hay lắm luôn,southern,
26012,"aaa tập hôm nay đặc biệt vừa vui vừa hài .. Oppa Huy và Khánh Hà chụp ảnh đẹp quá nè . Tuyệt vời , đúng là siêu phẩm chúc mừng Oppa Huy , mãi fan",southern,
18855,"Nồi cháo vẹm xanh chất lượng à, nhưng bên đầm dơi mình vẹm hổng được bự như trong clip to nhìn ngon quá tời",southern,
27553,Chị vê vê xinh quá trời,southern,
24822,"*Bạn thích con gái ở đâu nè, cmt cho Ad biết nhé* *Các bạn ủng hộ Admin 1 Sub nhé:*",southern,
25575,Bài tui thích nhất,southern,
27634,Huy là ai mà hot dữ vậy,southern,
23291,Tui Có kênh kb với thỏ á mà mất me r đc cx mays năm khi thỏ chưa nổi đó,southern,
11586,"Hông có nha bạn, tui ở đó nè.",southern,
13590,Chỗ tui gọi mắm nước là nước mắm,southern,
18128,Đây mới là reviewer nè 10 điểm cho chủ kênh,southern,
20804,"S tui đi chợ như cơm bữa mà k để ý c bán cơm chay ở chỗ nào, chắc do mình ăn cơm toàn ra thanh thảo ,ngon quá để đến ngày ăn chay đi kiếm c",southern,
20545,Làn đầu tiên tui nghe hắn nói về việt nam ở sướng hơn haaa cứ từ từ mai mốt rồi biết cảnh,southern,
17183,Ông nghê sỉ giang châu bây giờ còn hông mọi người,southern,
24363,Cướp nhà băng:tà ai hả ta chính cướp nhà băng Xu nê ô:oh tên mài hả tên mài gửi cho mài mấy cái đồng xu với cái thẻ này nè tin cái con carr á,southern,
22754,Mèo simmy tim cho tui nhá,southern,
23470,Tháng 7 là sinh Nhật tui nè,southern,
18315,dưới quê tui có cây cầu tên chuồng bò nèk,southern,
14236,E quê Quảng Ngãi nè,southern,
26690,He ho anh tony em là fan của anh nè em xem video của anh được 3 năm rồi chúc anh và cả team có nhiều sức khỏe,southern,
28113,"Xem hay quá trời , em nghĩ a thêm phụ đề nhiều nước anh từng đi qua ý để các bạn nước ngoại của anh xem dễ hiểu hơn",southern,
23845,Tui người miền tây chính gốc nè,southern,
133,Người ở mô dữ dậy nè?,southern,
24634,Wow ngon quá tui thích ăn mì ý đó,southern,
27614,bán cafe ở đâu vậy tui đang ở biên hòa,southern,
26448,Tui cũng cung sư tử,southern,
28143,"tui cũng nuôi pet giống bà á hehe, bà mua thêm wheel to hơn cho ẻm nheee",southern,
14100,CÁi quán ngay khúc cua quẹo đối diện trường học hồi đầu vlog e chạy vào bán bánh nậm bánh bèo huế ngon lắm e,southern,
13621,Hay quá trời luôn chị 3 ơi chị hát rất ngọt ngào và ấm áp quá em rất rất là thích chị mặt áo dài trông thật là dễ thương lắm luôn,southern,
23605,ny người hã tĩnh nè bạn nói cũng dễ nghe chứ nộ quảng bình với hà tĩnh nói với nhau bằng tiếng địa phương mà vẫn hiểu,southern,
18968,"Cs hổn quá trời luôn,có ai tát một cái cho nó sợ,chừa tật hổn",southern,
24165,"Tui từng ở chung với Bắc Trung Nam kể cả anh em các dân tộc khác mọi người đều sống tốt như nhau , ở đâu cũng có người tốt và người chưa tốt",southern,
17904,Quá trời đất rồi. Xoài chùm chùm như nho.hay quá bạn ơi. .1like. trái mê quá,southern,
23850,ơ ơ tui người miền tây mà tui sai nhiều vậy,southern,
23433,Mai chị đi học nữa nè,southern,
16532,Hen ky 120 k re qua hen duc thi dung ngon vi bat tan day song la cac ban oi hen dar cat vua sach ngot ruot to,southern,
26106,Trường tui bán thạch dừa có 1k à ngon lắm.,southern,
25684,Phu nu chon dan ong dep .cao to.nha giau.thi tui no loi dung lai,southern,
24789,Quê em miền Trung nè,southern,
8844,Bây giờ cũng ngoài 40 hết rồi xứ nẫu ơi,southern,
22613,Mấy b nói quá bữa tui ra ngoài Bắc lỡ quẹt xe nhẹ cái : “ Xe em có sao ko e”,southern,
18625,Hahaha! Tui thích câu ‘ ganh tị với người diec’,southern,
22479,Tui Hà Nội luôn nè,southern,
19939,Tui miền bắc mà thích nghe bài hát miền Tây lắm ạ,southern,
24501,Mik miền trung nè ! tiếng mình trung hông phải vậy đâu bạn ơi,southern,
23615,Quãng ngãi vs huế quê tui nên dễ nghe lắm:(),southern,
25146,"trong tất cả ko có kiểu của em, em có chấm trắng ở giữa móng nè anh giải thik cho em được ko :0",southern,
26811,Xem đến đoạn cuối tui bị sặc nước trong lúc đang nhịn cười:))),southern,
20449,Em đag ở cần thơ nè,southern,
17608,"Thanh Tuấn thiệt thà , dễ thương , hồn hậu …đậm chất miền Tây Chúc con chuyến dìa quê vui vẻ nha",southern,
21419,"Anh thư :biết suy nghĩ , giàu có ,nhạy cảm 1 ,thông minh ,nhạy cảm 2 ,chu đáo Nhưng cái nhà giàu thì tôi đang ko có vì nhà tui nghèo lắm Cụ thể là nghèo nhất",southern,
15000,Quá trời dễ thương rồi. E đang ở đà nẵng thật sự rất thích luôn á,southern,
20526,Anh này thành thật nè Tuấn Duong nen giúp,southern,
26363,Về Từ Sơn quê tui mà tui ko gặp nhỉ,southern,
6156,ảnh mặc áo khoác cặp với tao nữa chớ,southern,
27097,Nãy tui mới gặp ah slen á tui thấy rõ luôn thề không xạo,southern,
7802,Chỉ nghe nói thâu chớ hông có thiệt đâu.,southern,
20014,Chào bạn thân nè,southern,
17688,Tui mê nụ cười ông này gê á,southern,
10162,có nhà xa nào về rẻ không chớ muốn dìa mà nghe vé xe sợ quá.,southern,
25536,- nay lại thấy nè anh Tùng mãi đỉnh Sky ơiii,southern,
14487,Lâu lâu mới có vlog du lịch coi nè :D,southern,
28067,Sao cầu cây có mấy cái mắc quá chị ơi,southern,
25185,Voi lại ci mút ban món nài di ạ... Là món nài nè,southern,
17498,Ăn cơm chung với trái cây là tuổi thơ của tui,southern,
28519,Nghe thì chill đấy nhưng xuống 10 độ là tui đã ốm lên ốm xuống rồi,southern,
23871,Thảo nào tui nói nhỏ thành lớn mà lớn thành nhỏ,southern,
11783,Hông lẽ chạy dô ăn tô bánh canh rầu dìa không dẫy na,southern,
20514,Nghe giong em nhiều. Nay mới nhìn thấy nè. Chúc gia dinh em vui ve,southern,
21140,"Giọng hay, na ná Tùng, hình như thấp hơn vài tone nhưng chưa nghe đoạn cao nên chưa biết khét hông",southern,
23762,Thường thì ở Nam tui dọn cơm là ăn khỏi mời mạnh ai nấy ăn,southern,
11024,quẹo xuống dóc cầu chạy nữa,southern,
16619,Cuộc sống thế này mới thích nè thế mà nhiều ng vẫn bỏ nông thôn đi thành phố làm. Mình thì lại thích làm vườn như thế này ko bon chen ko suy nghĩ nhiều ko ồn ào cuộc sống thoải mái,southern,
19928,Idol hôm nay có vk rồi hen. Nay đẹp trái và phúc hay quá. Chúc a nhiều hp,southern,
14558,"dân phú yên nè chị oii, gần nhà e cũng có cái chợ bán đồ ăn siu rẻ, hồi nhỏ e toàn ăn bịch bánh canh 2k vs xôi 3k k à=)))",southern,
15156,Tiếng Hre đi đang sống tại Quảng Ngãi em là người Hre nè,southern,
21471,"Tui tên kiên và nó như sau Cao quý, khó gần , ít nói, giàu có=)",southern,
22818,Tiếng Việt nè 1 năm chưa ra clip mới nữa :(,southern,
18769,Đẹp mặc chưa mẹ con bà út vô nghe nè bao nhiêu lâu nay deo hạt giờ này hái quả trời đất có mắc không bao giờ qua luật nhân quả,southern,
14825,Có gì đâu mà lạ tui người miền bắc nè chỗ tui cây đó đầy cây đó chỗ tui nó gọi là cây gạo tây quả lúc già khô trong có bông,southern,
18774,Thàng long. Tui đòi,southern,
16665,"Chào Quan Không gờ và Trợ Lý Nhã nghen Mắc cười lúc Quan hỏi tên chị mà bán bánh giò, mà không hiểu tên á... Các O dễ thương.. Vui vẻ quá .. Làm Quan và Trợ Lý Không nỡ rời chân .. Hihihi",southern,
21881,Em người Bắc Giang nè,southern,
27970,tui nghe ỗng nói chuộc lang oi,southern,
9604,"Nhậu xong quánh lộn đồ nè, thích ghê",southern,
24687,Hai ổng sống cùng nhau mới lạ kì chứ nhưng máu hủ của tui đã bắt đầu chuyển sang mài đen rùi đêy,southern,
26520,"Mong Khoai ở lại chơi lâu lâu nè, mình đag ở Đài loan xa quê đc 5năm rồi nhưng thấy video của Khoai mình thấy nhớ nhà thật sự .",southern,
10311,"Nay bà Bông dìa rồi, hóng bả lì xì quá trời",southern,
19534,Tui ở Phú thọ mà bây giờ mới biết vụ này,southern,
21909,Úi tui người Nghệ An mà nghe giọng chú đầu tiên nói cũng không hiểu luôn Tui ở tp Vinh hahaha,southern,
25381,"Hồi năm 2000 đi bán cho shop quần áo đối diện chợ nguyễn tri phương, ngày nào cũng ăn bánh canh cua của chị này, có 1tiệm bên hông tiêm vàng đối diện chợ cũng ngon lắm",southern,
1375,sao hổng có nghe cái dì hết trơn mà lên đây coi hết hồn dậy trời,southern,
26594,tui cứ cà la xí muội,southern,
19626,Anh Huy Em pham anh nè,southern,
9966,"Hầu đó bà quại chị nấu cho ăn á, nay muốn ăn mà má nói không kiếm được lá đó. Nẫu làm rẫy phá hết rồi.",southern,
20700,Nghe ma nho que huong tui qua,southern,
1092,Ổng quê quá ổng cạp ăn luôn,southern,
17948,Chỗ này em đi rồi nè dui cực,southern,
12950,Mai đi coi bắn pháo bông hén chồng,southern,
23141,Tao nói cho tụi mày nghe nè cách tiệm nail của tao không phải là kinh doanh vô đây muốn làm chủ làm hạ hả muốn làm chủ thì muốn quậy là quậy muốn không ai nói là không ai nói hả,southern,
14261,Tui cho người ta thuê 40 công 70 tr thôi . Sao bạn thuê mắc quá vậy trời,southern,
28301,Ngưỡng mộ quá trời lun á,southern,
14871,Từ vựng hôm nay là: Oaaa ôi ối oa ròi đây nè um woa waos ha ha ứm hớ hớ hớ,southern,
7864,Mai mốt lại đăng lên tìm chú rể,southern,
13653,2026 có ai xem ko nè mn,southern,
27332,tui đoán là cameramen cần 6 nồng hoặc phóng lựu kk,southern,
24067,Ko đánh so bằnh tiếng chuông báo thức kêu tui dậy đi học:))),southern,
21456,Em chúc chị được nút vàng và nút bạc em là fa cứng của chị nè em chúc chị mạnh khỏe,southern,
23189,Mik người Quảng Nam nè còn có nhiều từ lắm như quảng Ngãi thành quảng ngửa nè,southern,
5415,Bả tuổi cọp mà cọp còn thua bả xa,southern,
23266,Tui ở Nghệ An mà nghe chả hiểu gì luôn :))),southern,
24535,Em thái bình nè,southern,
28139,Trg em thi vào nè,southern,
18114,Đây là video hài nhất mà tui từng xem,southern,
24615,hổng chơi mà bận đồ squid game,southern,
26726,"Vũ Thanh đẹp trai quá trời luôn , thả .",southern,
22312,Ðây môi là nghê si lão thành nè,southern,
19448,"Người gì mà dễ thương, thân thiện quá dzậy nè chời. Thích anh quá",southern,
7618,đẻ xong mốt có dịp di sau nè.,southern,
22812,Tui Thay Khong quan trong Ban oi . Tong hop lai ... Hay .,southern,
21129,Tui đang ăn lun á,southern,
15183,Tui ước gì suốt ngày được nghe tiếng e,southern,
9182,Hồi chiều ổng dìa ngoải chắc luôn.,southern,
18784,"mình đi lúc 5h mấy sáng ngay chùa vạn Linh sương mù dày lắm, mình thấy có cái gì chớp chớp màu sắc đẹp lắm bay từ từ lên chùa, mà mình kêu người kế bên mà không thấy chỉ có một mình tui thấy dc",southern,
24157,"Chồ ôi, gái nam tui nói á là làm gì thì làm cũng dễ thương dịu dàng lắm ha mà chỉ khi solo võ mồm với nhau thì gái Nam ở đất chúng chúng tôi sẽ cho các bạn biết thế nào lợi hại, đã chửi là rụng lông nách liền :)))",southern,
1222,ăn hông tui kêu bồ tui mua dùm cho mấy kí nè,southern,
15671,Tui thèm mỳ cay,southern,
15820,9:50 “cái này ngon” Dễ thương quá trời,southern,
22012,"Nói thẳng ra là rất ít thông tin về XKLĐ và rất ít cty tại Miền Nam, và cũng chẳng có sự giới thiệu hay lôi kéo... anh này nói đúng và hay nè",southern,
18296,Chuyện xóm tui hay quá Chừng,southern,
16752,Vậy giờ sắp lên 2025 minh khoa 11 tuổi r tui hơn mình 1 tuổi,southern,
17033,Ui trời đất ơi =) Cảm ơn mn vì 0 like,southern,
27379,Tui thấy china và mỹ cũng hay mà,southern,
12932,"Ăn như vầy ngon hết sảy, còn gì bằng.",southern,
23961,Em đang ở Hà Nội nè,southern,
22701,Ông này nói là giun thơm ngon béo bở nè rồi nói ấy chiu bất ngờ chưa bà già có cháo lươn nha haha,southern,
23831,Ê tính ra tui người nghệ an mà nghe hổng có hỉu lun á,southern,
16921,Tui khoái đoạn này nhất: Quê em mùa nước lên Bông điên điển nở vàng Anh coi mà chèo ghe sang thăm Không thôi em ế thêm một năm.,southern,
10269,mày mắc lắm hả? Đi tô tượng lấy lồng đèn dìa cho tao,southern,
26898,tui nói cho câu1 lộc phước câu 2 cụt đá,southern,
38,"Kẹt xe vậy mai lên sớm nha thầy, mốt kẹt xe nha thầy",southern,
15530,Vài nào cũng hay quá trời,southern,
28347,Hehe quê tui ở Huế bây giờ tui đang ở Thanh Hóa,southern,
13932,Trời mưa đổ bánh xèo tới chuyện thiện luôn ngon quá trời,southern,
1900,"Canh này nấu với cá mành ăn ngon lắm , chỉ có nẫu mới biết ăn thâu",southern,
28645,: ) có tui lun nhưng mui nói cũng mượt he,southern,
14031,Ngoài quê mẹ tui ng.ta ăn cay vãi nồi lun... cái j cũng cay có tiệm bán bún là cái màu bún nó màu đỏ của ớt lun ấy,southern,
25582,"Giọng đọc này của chị Su Kem trên tik tok nè,ấm áp ghê",southern,
15115,Lúc này tui còn nhỏ xem lại thấy viêtnam đã trải qua những ngày chiến đấu thật là Anh Dũng,southern,
17156,"Nụ cười của Khoai làm C xem clip mà khỏe luôn nè..!! E luôn thành công, nhiều sức khỏe nhé!!",southern,
15109,Tui quảng Trị mà khác quá,southern,
7017,thế nào cũng mắc mưa cho coi.,southern,
18627,"""Nhân dịp em trai chị Năm sắp lấy vợ, tui xin hát bài Đắp Mộ Cuộc Tình...""",southern,
15226,bả lái kiểu khiêu khích a nam vậy ak..có ngon ông vào lái hộ tui cái..,southern,
22943,Mik làm đc skill này nè sắp học 2 vòng đc rồi,southern,
23639,Tôi là người Bình Định nè,southern,
25828,duc mom đang tìm bé mon nè,southern,
21319,Xin hãy trả tui trở lại hành tinh của tui,southern,
15637,hello mao . còn nhớ tôi kg ? đi chung nghỉa vụ nè,southern,
16149,Có đúng vậy ko mn tui biết nhỏ này nè,southern,
16364,Tôi nghe khoảng 50 lần rồi Mà hông chán luôn You,southern,
17237,NG dân ở đây thân thiện quá giống ở quê tui người ở quê là vậy đó rất thân thiện,southern,
18546,tui thích lắm cứ đợi hoài luôn,southern,
2036,Mai mốt về trả nợ bỏ mẹ luôn còn không thì ở tù chung thân.,southern,
24562,Đâu tui quảng ngãi miền trung nói ram là rôm mà,southern,
28033,"Ôi trời đất ơi mọi người biết tin gì chưa, càng ngày anh Khoai ra clip càng đều hơn rồi á. Vui quá trời quá đất",southern,
96,muốn kể tên đó hông tui kể cho nghe nè.,southern,
24893,hồi xưa chứng kiến một pong huế voiiws một ông đà nẵng ngồi cãi nhau ( tao mới là miền trung nè.) má ơi ko dám cười mà mắc cười méo chịu dc,southern,
437,coi địa chỉ ở mô mai mốt em vô ăn,southern,
22176,Dạo này 2 chị em anh ý lộng hành quá nha. Mà cứ lộng hành vậy đi. Tui thích lắm..,southern,
7498,mấy ảnh đi chung một lượt luôn cho cháy nè,southern,
16024,Chưa từng thấy cái cây nào mà nó nhiều chuối đến vậy chắc tui ăn cả năm còn không hết,southern,
12662,Ra tới chỗ muốn mướn xe chở dìa chơ dô hông nẩu,southern,
26564,"tóc xoăn cũng đẹp nè, học thêm uốn cho đẹp là ổn ngay",southern,
9927,mấy bà ra đó coi thử thiệt hông?,southern,
22161,Tôi đj mỹ cứ 3.4 tháng về lần.cuộc đời vẫn tui vui,southern,
23737,giống giọng Nghệ An vậy chị Em là ngươi Nghệ An nè chị hihi,southern,
14413,"anh chọn toàn đúng quán ngon để ăn, cơm gà ở đây ngon lắm nè <3",southern,
27015,2026 còn ai xem giống tui hông nghe rất nhiều lần lun á,southern,
14710,Chém gió quá trời salatời,southern,
2688,ở nhà ngủ thì chỉ sợ ngủ không ngon thâu.,southern,
27751,Vẫn còn nhớ rõ đây là video đầu tiên tui xem bằng chiếc điện thoại này hoài niệm 2021 ghê á,southern,
27954,Nhà ngoại tui có tô đó á,southern,
15234,Má ơi chèo kiểu này gặp kẻ là chỉ có thua,southern,
298,"Đang lo cho vợ con, hơi đâu mà nghĩ tận Cần Thơ như nào",southern,
11342,Dậy sớm đi mua ly của Phúc Long mấy ní ơi! Hông là hết hàng đó,southern,
16792,Tui thấy vừa tội ông mũ xanh vừa tội ông lái xe nx ấy,southern,
1441,"ổng nói hồi ngồi nghe không hết, mà ổng gặp em mỏ hỗn nữa",southern,
23896,Em quê ở Đồng Tháp nè,southern,
18845,Trong người của anh tú có hình xăm kia đúng không má ơi ai mà đẹp trai vậy,southern,
21187,ui tui cũng sắp đi máy bay luôn và lần đầu đi ế.,southern,
5531,"Thôi, mày đi xe máy mình ên đi",southern,
14994,ê cái chỗ xeko á gần nhà tui á,southern,
17177,Cãi nầy nè tuyệt vời hây nghĩa thích nè,southern,
10761,Bữa nào dìa đi chỗ này nhé.,southern,
14397,Tui vô đây chỉ để nhìn ổng cười với nghe giọng nói ổng là chính :),southern,
22863,Nghệ An là chậu nè,southern,
22900,E thích coi cái nào giống vẫy nè,southern,
28137,7:31 mấy chị nhảy Dumd Dumd của Red Velvet nè :))),southern,
21375,Tui sai 12 câu còn lại tui đúng hết,southern,
18840,Em học chung lớp tú lúc trước nè đội sổ khối em luon..,southern,
16765,Tui cũng viết đẹp,southern,
12610,"bả làm như thiệt luôn chị, tưởng trúng xe chứ",southern,
17956,Hom đó đội nhà thờ sa keo em chơi cầu lắc hai j ắ anh em đứng đầu chơi với thoại mèo nè anh thoại té luôn,southern,
27373,ông cụ nhà tôi cũng hy sinh ở Căm nhưng cụ đi từ năm 1970 cơ khi tui còn ẵm ngửa,southern,
25896,Tui: coi bình luận thấy ai cũng sợ cái hình cuối nên coi thôi ko nhìn,southern,
23040,Cho tui hỏi nếu quốc gia nào cũng nợ thì quốc gia nào là chủ nợ vậy,southern,
24532,Em là ng thái bình nè,southern,
25444,Giọng hát của anh phú hay quá anh ơi em fan anh nè,southern,
544,"phổ cập cho bạn, mốt dìa quơ anh đỡ bỡ ngỡ",southern,
19990,Tui chuẩn bị hát bài này,southern,
26064,Mình cũng thích món ăn cổng trường nè như chỉ thích kẹo cay thôi nghĩ thôi đã thèn rồi HiHi,southern,
15813,Tui nghĩ bả nên làm cả về rì viu ẩm thực cả về mỹ phẩm :3,southern,
24367,Bò nè với nen lùn có tởi có cần đem không hj,southern,
21798,Nghe nhạc tiếng Anh nè :>,southern,
24116,"Tui nhớ hồi đợt tết nấu nồi thịt kho mấy đêm, ăn đc 3 ngày chưa hết thì kho tiếp cá kho=))) có thể là ngán nhất đợt tết gì cũng kho đc",southern,
28524,Em cũng ở đông bắc nè.trời lạnh lắm,southern,
24217,tui Bắc nha,southern,
21270,Dù ai nói ngã nói nghiêng Lòng tui vẫn thích chất riêng Mr Đờm,southern,
24240,Bà này bà không ăn hành mà đã ăn tắc nhiều chắc mai mốt người ta lại mua người ta lỗ luôn quá trời,southern,
21440,"Sao mấy ôq cứ bảo là con rùa ai cũng gọi bằng cụ nhỉ, chứ vẫn nge người ta bảo là con rùa đấy thôi, Theo tui thì ""con người"" (lúc về già) đúng hơn, già thì ai cũng gọi bằng cụ thôi",southern,
20745,Negav thoại quá trời thoại luôn,southern,
27812,Bữa hỡm mik đi xem m.n diễn nè,southern,
17890,Yêu cô bé chia sẻ trồng rau quá trời luôn,southern,
19548,Anh Huy ngầu quá trời luôn,southern,
16259,"Người Miền Tây tụi tui là zị đó,mộc mạc gần gủi,đặt biệt là hiếu khách,nghèo tiền nghèo bạc chứ tình nghĩa thì bao la",southern,
23157,Ủa chỗ tui đọc là máy bay,southern,
16812,20/10 sinh Nhật 10 tuổi của tui,southern,
8037,Có 3 ngày à. Chắc năm nay không dìa rầu,southern,
14970,Tui đọc bình luận 1 mà có suy nghĩ bạn đang ức nhưng nơi nào cũng vậy từ 1975 là dân lao đao chao đảo chỉ có miên nam mới dễ thở chút xíu còn lại là như bạn đã nói.sắp tơi sẽ có những bạn trẻ viết lên lịch sử còn chưa viết í tui nói còn sót lại chưa ghi ...,southern,
14575,Quê em ở Phú Yên nè chị thoa,southern,
24622,Má ơi cái mú bả,southern,
13931,"bánh xèo ngon nè ,xem cách làm khá hấp dẫn và có nhiều gia vị tuyệt vời ạ",southern,
14399,Em Phú Yên nè chị,southern,
24393,Sớm nè chj,southern,
1353,"chờ đi, ngày mốt em vô ngay với anh đây",southern,
1699,"Ráng xíu, mốt rồi đi dạo cho đỡ áp lực",southern,
16352,Em quê ở thành phố Huế nè,southern,
9338,mai mốt tao với mày chạy xuống đó đứng hóng gió cái rồi về,southern,
25664,Còn Sài đc 5 ngày nữa còn Sài đc 3 ngày nữa thôi hết rn lấy muối còn tui mẹ ơi hết kem đánh răng òi Sự khác biệt giữa mẹ và tui,southern,
20573,XEM chị Việt Hương vui quá trời. Người gì mà làm GÌ cũng thấy duyên hết,southern,
24593,"Wao, các anh chị nghĩ ra được rất nhiều tên hay. Chị sẽ tham khảo và cân nhắc nè. Ai có tên nào hay nữa cưs cmt chị sẽ đọc hết nha iu cả nhà nhiều",southern,
20826,Negav thấy cưng quá trời luôn. Mong gặp lại Negav ở sayhi rực rỡ,southern,
28599,Chị ơi ghim em Đầu nè,southern,
19212,Bà này cx dị ứng như tui nhma hình như tui bị nặng hơn tại khi dị ứng người tôi đỏ chót như quả cà chua á:))),southern,
25517,Ngon quá trời Ngon bạn ah,southern,
27292,Chỉ tui hack vs,southern,
7686,dìa quê dắt em đi coi phim như hạch này đi anh ơi,southern,
1624,Thâu chớ nói cái gì,southern,
15294,Ha ha ha độc lạ bình dương thế haha quá má ơi,southern,
9577,để đi thử coi có bồ thật không,southern,
14563,Em dân tổ Phú Yên nè chị em đi đầm ô Loan rồi,southern,
28304,tuổi thơ của tui=)),southern,
13647,Em cũng quê Quảng Ngãi nè chị,southern,
21447,Toàn sai nhanh trí khôn ghê tui học giỡ lắm,southern,
16179,Con chị kiểu: cái gì bà già cái gì bà già Con em Tâm kiểu: bà già mà chê tui đen tui lấy con bà con bà lấy còn đen hơn tui,southern,
19699,Em cũng lớp 2 nè anh Giỏi quá,southern,
25399,E cũng ở đình thôn nè,southern,
27147,Đu hello nato bạn cũng có trong team anh slen nè đk,southern,
28336,Tui khóc quá trời luôn Trong team đó thì ai tui cx yêu quý và trân trọng Tui hy vọng ...,southern,
28127,Da cay mien bac nè .mien nam thì để tuong hat .mien bac để mam Tom với me,southern,
16671,Chú này chắn chắn 10 đỉm môn văn nè:) À mà có ai thích ăn chè đậu đỏ ko điểm danh đi,southern,
23793,À tui biết người thứ 16 tên là Sơn Tùng đấy,southern,
15446,Tuổi tuổi đẹp quá hen bây giờ mệt nè,southern,
18358,Chuyện này ok nè không ai phải chết con ma hiên,southern,
20254,Tụi bây ăn uống tan ác quá Trời phạt giống bảo ngập lúc là đúng rồi.,southern,
26490,Nè đứa bé gì mặt héu kéc của người anh em vậy,southern,
15222,"Không lực của Hoa Kỳ ngày đấy cực mạnh. Bom thả xuống VN nhiều hơn cả thế chiến 2. Tui đã xem phim tài liệu The Vietnam War 2017, mạng người là cỏ rác.",southern,
28226,"Đợi a khoai từng ngày hôm nay a khoai nhà mình dẫn đi chợ phiên nổi tiếng của vùng cực bắc của nước VN mình nè,nhìn a khoai ăn thấy ngon quá đi à a khoai oi,A tuyệt thật",southern,
19280,Thời lớp 4 lớp 5 em hay trùm mền ăn nè,southern,
23244,đây nè anh,southern,
10207,giải là có thiệt nghen.,southern,
18856,"Cà Mau quê tui. Mê ông Khoai (Phương) này. Video nào cũng ý nghĩa, Khoai thân thiện, dễ mến. Chúc Khoai thành công nhé !",southern,
20153,"Người mua dễ lầm lắm,tui dân Sài Gòn mua cá,cua bị thuốc hoài chứ gì, thấy giá rẻ vậy, chứ không tin nổi",southern,
9317,"Trời mưa, chảo bột nhứt với chén mắm mực là ngon nhức nách luôn",southern,
16766,"Có hôm qua, buổi chiều, có thấy 1 bầy Chim sẻ, nó bay lượn ở trên những ngọn cây. Khoảng 100con Đó là trước 1 ngày khi tui xem cai clip này, nó trùng hợp ở chỗ là, bầy Chim Sẻ bay trên không, và bầy Chim rẻ nước, đang múa để bắt cá dưới nước.",southern,
19972,Sao cô dâu cao dữ vậy,southern,
607,Luyện đi cầu treo mai mốt con đạp xe trên dây được luôn!,southern,
14057,Việc bạn đang làm rất đáng quý và sẽ càng tuyệt vời hơn nếu bạn có đầu tư thêm về kiến thức để chia sẻ một cách chính xác và sinh động hơn. Nhất là về cố đô Huế kiến thức bạn đang bị hổng khá nhiều. Chia sẻ mong bạn sẽ phát triển tốt hơn nữa.,southern,
22101,2:00 chị Minh người quen của em nè ^^,southern,
168,uống ngon lành như này mà biểu mày không thích uống,southern,
20662,Ủa rồi tập này Lê Dương Bảo Lâm của tui đâu . Hôm bữa nói lỡ mà tham . Giờ thì thật luôn . Ko thấy bóng dáng LDBL của tui rồi huhu,southern,
21143,May quá tui miền trung,southern,
17466,Chỗ này vừa rồi bị phốt cua khai mùi nè,southern,
316,Cầm theo lon ốc nghe.,southern,
17166,Khg chui noi.thuong quá trời luôn,southern,
1416,Món sò voi lột ra nhậu hết sảy nè.,southern,
12735,Chân gà ngày mô cũng bán hộp đầy ấp! Mời mọi người mua kẻo sả dùng không ngạ nha cả nhà.,southern,
26243,Mình ở Thành Hóa nè muốn gặp chị Trang Lou quá. Gđ đi lúc đây vậy?,southern,
2768,"Xưa quen thằng ngừ yêu khác xứ, lần nói ""dẫy na"" là nó cừ như mới lụm được vàng",southern,
24941,2/7/2019 r nè :v,southern,
14422,"Tập này review đúng nè ông. Mắc thì nói mắc, ngon thì nói ngon, kiêng dè ai mà không nói. Mấy tập trước thấy ông hơi kiêng dè nể nang người ta quá =))",southern,
18021,miền tây của tui là độc nhất trên đời ... tui rất vui và hạnh phúc vì là dân miền tây ..,southern,
17648,Tiktok le duong thanh đua tui qua đay,southern,
23124,Ê ê ê bayashi kìa tui fan bayashi nè,southern,
17941,Phượng đã dẹp. Mà dọng nói còn dễ thương quá. Chị ở đồng tháp nè. Nhớ quê và ký ức quê quá đi thôi,southern,
14572,Yêu chị ơi em cũng phú yên nè em yêu chị Thoa,southern,
13019,Con nầy chiên ăn ngon lấm.,southern,
14468,anh này nổi tiếng quá có fan chụp hình nữa nè,southern,
15360,Tủn cùi bắp muốn cưới vợ lắm rồi nè,southern,
15397,Cặp đôi này mãi sau giàu lắm nè quê tôi cũng có 1 vụ như thế này,southern,
26454,Diễn mà má ơi,southern,
5366,anh giả bộ dẫn em đi ăn coi em chạy không nha,southern,
20398,Trùi ui !!! Tui mà đi chung chắc cười xỉu !!!,southern,
20243,Lần đầu mới xem chợ bạc liêu nè,southern,
21205,Anh Khoa nín thở lâu thiệt thả tim nè,southern,
18307,Mình rất thích truyện của Nguyễn Huy nay nghe hoàng uyên đọc dễ thương quá nè,southern,
5715,mai mốt em dắt chị đi vô trỏng chơi,southern,
15774,"chị ơi, review chị sài gì mà body trắng dữ vậy",southern,
21209,Nó chơi xấu nè,southern,
19940,Cô mi hát hay quá đi con cũng đang học bài này để con hát nè ngày nào còn cũng mở em là nhất miền tây đó,southern,
14259,"Đất ở đâu trung bình 900kg 1 công vậy ông chỉ tui với,, công tầm lớn năng suất cũng không đến đâu mà trung bình",southern,
21816,Ủa là sao ? Ai chỉ cho tui với,southern,
17482,"Cần lắm những video yên bình để thư giãn như thế này, Bản piano nhẹ nhàng quá nè.",southern,
19335,Tui chỉ thấy một bạn giống như tôi thôi,southern,
14544,về quê tui mà kh biết trời ơi cách có mấy mét hà,southern,
17376,Thích giọng Anh quá đi à... Người gì mà dễ thương quá trời à,southern,
28566,Tui là thầy tui nhắc cái thằng quay trc làm cho thằng nhỏ mất tập trung,southern,
28124,Tuần ra 2 Clip lạ quá hông có quennn,southern,
8160,có ba chục ngàn mà mắc công đi rút quá!,southern,
26952,Ê ê tui thấy con mắt lúc đoạn đám hỏi thấy mắt ô hoàng hôn,southern,
9769,nữa về rồi đi nè.,southern,
7784,"Mùng một chạy dìa mới được, thích quá trời luôn.",southern,
7954,em có đi không anh đăng kí vé qua bển.,southern,
26651,quê tui Ninh Bình,southern,
15906,má ơi dễ thương xỉu anh ơi,southern,
19687,Đep wa trời hen...,southern,
16734,"Phu nữ xưa thật cam chịu, nếu là tui cũng đã bị đi tu vì giết người lâu rồi",southern,
17551,"lời bài hát dễ thương, phù hợp với giới trẻ mà k tục nè <33",southern,
7317,"Ớn ông bạn đây quá. Ráng 2, 3 năm nữa thâu ngen",southern,
15858,Em ở miền bắc nè,southern,
22463,Tui bị một lần tui ăn nhanh hơn con bn ăn nhanh thế ko bt,southern,
27027,Ủa z là cht chx tui k cs ý j đâu chỉ muốn hỏi thôi chứ cug xót,southern,
22768,"Câu 4 tui đúng nè , đèn giao thông nào chả có 3 mắt Câu 6 là quả đấm Câu 8 là tên của mình Câu 9 bác sĩ bác học và bác tài còn có bác lao công nữa CÂu 11 là trái đất , biết rồi nha Câu 12 là lông mày",southern,
24971,Stress nhẹ nè mấy ní,southern,
24783,Đoạn cuối giống tui nha,southern,
19547,Em tên huy giống anh nè,southern,
21377,Tui xem đố mẹo nhiề lắm rồi mà chưa từng thấy cái nào nó khó đến vậy luôn ý .,southern,
23779,Người Miền Nam tụi tui giọng không cầu kì như thế đâu đọc không cần ngữ điệu như miền Bắc và Trung,southern,
21328,"Làm nhớ hồi lúc mới qua Sing, gặp ông giám thị dom là một ông Ấn Độ. Shock văn hoá ngập đầu =))) Má ơi, ổng nói gì hiểu chết liền luôn",southern,
14812,THƯƠNG Chị quá trời,southern,
16754,Mình cũng bằng tuổi Minh Khoa nè,southern,
20683,"Xa Hoi Ma co nhieu nguoi Bat Tai Icky Nhu Ong Hung nay that la dang Xau Ho Cho Dan Ong , thay na khong lam gi de Ngan Chan ma chay vo Nha Tron dung la Thu Hen Ha",southern,
28141,Tui giỏi suất sắc hết giờ lớp 9 mh cũng thi hay cup huy chương và giấy khen giấy chứng nhận và nhiều lắm,southern,
6051,rồi nhớ mua theo kí bọc nghen,southern,
12480,nhớ bữa hổm chị em mình định qua Campuchia.,southern,
11597,Có khi nào mai mốt sát nhập tỉnh thiệt luôn không ta,southern,
24871,"Ê công nhận người miền trung như z nè. Làm chung với một cô người miền trung, cô hay nói kiểu z lắm'hay cằn nhằn z nhưng vẫn rất hòa đồng vui tính.",southern,
27261,"Ê,tui cũng tên Quỳnh nè,mà quỳnh nào thì tui ko bt :)))",southern,
27767,Chất quá trời.,southern,
20920,Haha! Chèn ơi cái dáng ngồi sao y bản của Khương tử nha đang câu cá nghen,southern,
17866,Cháy ăn được nữa sao bạn ở quê tui đầy mà không ai dám ăn bạn thật không sợ gì cũng dám ăn,southern,
13804,Tui ổn lòi lìa,southern,
15317,"Haha, thanh niên lâu lâu được ngắm bình minh Nha Trang đẹp ơi là đẹp thì ghe hết xăng mong là sau chuyến này thì số em Khoai bớt nhọ nghen.",southern,
8449,nghe câu đó quá quen thuộc rầu nghen con,southern,
16494,Có ai Miền Tây mà mê nhạc này như tui k???,southern,
23098,Khi cali khát nước Cali:ôi trời nóng quá tui khát nước Cali:tui muốn uống nước nước gì tui cũng uống Việt nam:trời tôi mắc đái quá ta Cali:rồi tôi hết khát nước rồi Kết luận : đã hứa phải giữ nên cali uống nước đái đi,southern,
25525,"Ốc ướp rồi phi hành cho thơm, xào qua mới đổ vô má ơi",southern,
25364,Cái tui để ý nhiều nhất là da a Tito đẹp thật sự ạ hay là do camera xịn ạ,southern,
28330,Em méc anh joi ff nè,southern,
20739,Chị thu hiền thần tượng của tui,southern,
24892,Em ở Yên Bái nè miền bắc đó,southern,
0,Nãy biết ở lại bà tám rồi.,southern,
10700,"Coi nó quay mà làm biếng luôn, chán gì đâu.",southern,
16332,Em ở huế nè anh ở gần đại nội á,southern,
26954,tui có chồng choi trong game nhưng bị chia tay òi tui bỏ chồng cũ để yêu ảnh mà chia tay òi,southern,
22504,có đứa lớp tui nói từ đó với cô thế cô cấm từ đó sướng hết cả cái tai,southern,
6267,Cho hỏi ngu coi bún nước lèo có hột vịt lộn nữa hả?,southern,
7408,"vui hôn? Hông ấy ngày mai sẵn dịp nè, làm liền cho mát",southern,
18867,An Giang quê em nè!!!,southern,
26603,Mới coi luôn nè,southern,
22174,Bài này hay quá nè,southern,
25162,"Ra 1 tuần rồi nay tui mới nghe bỏ lỡ 1 bài hay thế này, quyết thuộc trong 1 ngày",southern,
17387,"Anh cùng quê với em nè,anh ở huyện nào?",southern,
14466,anh này quá trời quá đất rồi nhiều follower dữ,southern,
19896,Nguyễn Đình Bắc mãi đỉnh tặng Bắc một bó hoa nè hi hi,southern,
11944,"Bây giờ cũng thích, món ruột của mình nè",southern,
23890,Em quê tiền giang mà nó hổng giống trong hình nó khác 100% luôn,southern,
19179,Chúc thầy buổi trưa vv tập sao thầy làm 24h nhà thùy trang đi ạ (mong mn đẩy cho tui lên top,southern,
13912,Tui mê cái nắp thôi,southern,
19338,"Sao mọi người cứ chọn một, tôi thì tôi chọn cả hai nha hổng chơi ăn gian gì đâu",southern,
6665,chỗ đó là bùng binh to nhất bây giờ á em.,southern,
19135,"Người miền Tây chất phát thật thà , tui luôn tự hào là người con miền tay",southern,
21818,Cách này hay nè,southern,
16046,"mk cg ms xem meme nè, ai ngờ đc.. Ko, phải nói là lúc xem meme cg phải há hốc hơn là hài hước. Nghe w xong tẩu hỏa nhập ma luôn",southern,
25333,Ủa anh cg ở Hải Phòng à em cg v nè,southern,
13801,"Tui nè thứ hai v th4 v th6 học gia sư ,th3 v th5 học vẽ,th7 v cn đi học T.Anh :(((",southern,
15812,Truyện dưới nhà nào đấy khi nào anh xuống thăm chị em em mặc bộ đồ này cho chị xem nè đẹp lắm xe buýt tiếng Anh dành cho em gửi cho chị,southern,
9961,Bả giãy mà tui mắc cười muốn xĩu.,southern,
27247,bài này cho sinh tố nghe nè anh,southern,
24897,Mọi ngừi tui hợp mìn bắc,southern,
16488,Thật sự mình k phải người sứ nghệ nhưng rất chi là mê những bài hát về sứ nghệ có ai như tui k ạ cho 1 like nào quý vị,southern,
21768,Tui là người mường sống ở 2000 năm về trước đây,southern,
21549,hay quá trời luôn thả tim,southern,
16546,Ê tui ăn vậy mỗi ngày luôn á,southern,
22553,ach tí em Là fen ach nè,southern,
22332,"Tui qua cơn đau mắt đỏ rồi haha mà nó lạ lắm, sắp bị trở lại rồi mới sáng sớm mà con 2 con mắt đỏ loét lun",southern,
28163,"chị ơi chị đáng yêu quá trời luôn ý, em cũng đang cố gắng để đi yonsei đây ạaaa",southern,
28582,Ah ơi em là fan lâu năm ah nè,southern,
28079,Nhin ngon qua hen,southern,
28572,Bảo đảm ae ai cũng bấm pause ngay khúc giới thiệu Messi áo xanh… tui cũng z,southern,
25687,Em ở Nghĩa Hưng nè,southern,
13326,"thôi đi em ơi, dạ nghe hông quen",southern,
14011,Uớc gì a dẫn tụi em đi là gặp rồi nè đó giờ e chưa đi Huế chưa vô chợ nổi tiếng của Huế,southern,
11877,ăn nóng cẩn thận kẻo phỏng miệng nghen.,southern,
1150,Coi xé lộn lịch á cha,southern,
21276,Thần tượng của tui,southern,
13708,mình check vé trên app từ saigon ra đnang mắc quá luôn 2ng mà 8tr mấy với vé phổ thông thuii á=((( có a chị nào chỉ mình cách đặt vé đâu cho uy tín mà giá vừa phải không ạ??,southern,
10349,phái nhất luc đi cổ động như này nè.,southern,
27036,Chị trang đẹp gái quá trời luôn cô,southern,
16472,"Làm món thịt heo xay với cà chua gia vị cùng trứng, rất là ngon tuyệt. Và lại dễ làm cũng là món phổ biến cho trẻ em nè.",southern,
23094,Tôi đã bảo rồi mà hổng nghe nữa,southern,
14134,Mình k ở Quảng ngãi tưởng tiếng ngãi khó mới biết Tiếng chỗ tui dống tiếng ngãi,southern,
2260,xây xong để đó mai mốt dô bỏ tiền ra sửa lại.,southern,
19189,Nhìn chị ăn mà ngon quá trời .,southern,
17861,Có nhiều trái vn mình tui ko biết luôn hay ₫i xa xứ lâu wa rồi lạc hậu ta,southern,
26459,"Cấp 2 mà chân ngắn như thế kia , đứa thì béo , đứa thì gầy . Tui chịu thua luôn",southern,
18132,Tui thì thấy buffet hs mà 5-600k thì hơi có chút ko ok lắm ! Buffet thịt nướng toàn đồ đông ko đã 5-600k thì hs cớ gì hít dc hàng thơm !,southern,
18245,"Cái chòi nầy cho khách du lịch , nhất là cặp Tân hôn chắc họ thích lắm đó cho mướn 1,2 ngày mỗi tuần kiếm được nhiều tiền lắm đó Tui góp ý cho các anh em kiếm được nhiều tiền",southern,
24895,"Bạn hiểu biết vậy cho tui biết, đất nước Việt Nam! Bắt đầu từ tỉnh ,,,nào và kết thúc tại Cà Mau?",southern,
26738,củ hành dữ vậy trời,southern,
27960,Ông ơi con nhìn anh không là con trai nước miếng quá trời con la không kịp luôn á,southern,
12190,bạn thấy gì hông? Chụp là phải nét vậy nè.,southern,
10056,"Tép này mà giờ vẫn kiếm được, ngon thế nhỉ",southern,
26364,Tui chỉ muốn đi Bắc Ninh,southern,
14183,quơ quơ hình như là loi nhoi đúng hg chj,southern,
14103,Tui thích ông quá đi mất,southern,
15738,"background màu đen như này dịu nè chị, đợt có cái màu hồng em thấy hơi chói",southern,
14231,Quơ quơ là loi choi lốc chốc,southern,
25676,Tui cx giống vậy đó hết kem đánh răng là cắt ngang lấy cho hết vại đó còn mẹ tui hết mua khác chỗ đó tui giống mẹ trong clip nhưng giống đoạn đầu thôi mẹ tui ngược lại giống tui trong clip,southern,
22423,tui bửa bị chang con bn thân nhìn thấy tui bị đau mắt đỏ lại tỏ ra ko qien bt r vát chân lên cổ mẹ chạ cách xa hơn 100m,southern,
19195,Đà Nẵng đẹp và ăn uống ngon sạch và đẹp nhất nước Theo tui á nhe !,southern,
16267,"Ui, căn nhà 4 mặt tiền sông nước, hoa đủ sắc màu trước nhà, căn nhà mơ ước của tui, cuộc sống mơ ước của tui.",southern,
15630,nổ cái đùng tui kiểu :))) hayyy,southern,
17059,Tui đc rồi mà câu hầm,southern,
20527,Anh này tướng tá ngon lành. Tội cho anh mang căn bệnh ung thu. Cách anh nói chuyện phóng khoáng vui vẻ. Cầu xin anh sớm trị bệnh. Có người biết anh ở bên Mỹ sửa xe giỏi lắm nè Tuấn Dương.,southern,
15030,Em đang ở Đà Nẵng nè chị,southern,
22,bùng binh này về hướng cầu Hàm Luông á.,southern,
10011,Cái Cần Thơ có chút ét mà cũng mù đường.,southern,
20111,Cơm vsenw phòng nè,southern,
16928,Xin phép là tui đã bị nghiện bài này r,southern,
3039,"Hèn chi bữa cục hàng bị ướt, hèn chi nước văng vào",southern,
25646,Nam Định Chỗ bạn tui đag ở Nhớ nó quá huhu,southern,
16758,Minh khoa 9 tuổi r hả tui 8 tuổi,southern,
22598,Rên than (whine) Ai nói nhanh tui thua không cần biết giọng miền hay nước nào.,southern,
19911,sau khi cưới tui đã mua xe cho vk và đẻ ra một con mồn lèo,southern,
14798,Đây mới đúng là thánh câu cá nè,southern,
24948,Em xem đầu tiên nè hello cj ak,southern,
27067,Ủa sao anh maz mập dữ vậy,southern,
19711,Tui chơi cây lò so 100kg luôn nè,southern,
19888,Nước hồ có th.úi hông ta,southern,
18376,Phai noi tui cho laublam roi hao phan cung ko khac gi tran van,southern,
20724,2 giọng hát này mới xứng tầm với nhau nè,southern,
16075,"con người Sao riết rồi hung hăng dữ vậy, kg coi luật pháp ra gì.",southern,
13559,Tui cũng Quảng Ngãi nề :v,southern,
15378,Ông mc : rùi nó ko có vợ nó lấy cả trùm hoa luôn Cô đâu : úi tui tỉnh lại liền luôn,southern,
629,ốc hút có dừa giống vậy mới ngon nè,southern,
3042,Trảng Bàng kiếm giọt không ra .,southern,
6366,"tao ăn đúng 1 lần, ngon bá cháy!",southern,
24939,Bà chị tui bật vô tình khúc điệp khúc hay quá nên mới hỏi bà chị mới mê nghe cả buổi tối,southern,
22904,Hay quá trời luôn nè,southern,
14456,"Tr oi khúc tắm biển tui thấy nhóm của bả giống hệt như trong 2521 luôn áa, cũm cảnh biển r mn quậy banh chành luôn Thực sự rấc iu năng lg của tuổi trẻ mà chỉ đã truyền tảii",southern,
16521,"Nhìn nồi canh chua hấp dẫn quá chị e like Sub cho chị nè, chúc chị và gđ vui vẻ",southern,
23727,Miền trung kiểu tui để làm zì,southern,
16743,Chúc mừng sinh nhật Minh Khoa chúc Minh Khoa sinh nhật vui vẻ quà nè,southern,
19209,Sao tui lại nghĩ đến trung tình nhỉ,southern,
25757,"Hóng từ sáng tới giờ mới thấy dũng nè cô chúc cả đoàn ngày mới mạnh khỏe vui vẻ , bình an nhé",southern,
21460,tui là fan trà ô long,southern,
14598,Tập comeback hay quá trời xem cười như điên.,southern,
25176,Tui đang học lớp 3 chuẩn bị lên lớp 4 nek,southern,
18953,"người ta xem phim, nghe nhạc để healing. còn tui xem clip a Khoai. Mọi người trong ""ốc đảo"" quá là dễ thương đi <3",southern,
15138,Em làm thuyết trình về thành cổ Quảng Trị đc thầy cô khen quá trời,southern,
25634,Chào tui đến từ 2024 :) Một họa sĩ thật thà,southern,
21501,"Vân Anh nhìn xinh xắn tưoi tắn giọng hát hay quá, nhìn đáng iu quá trời",southern,
10044,Trời ni mà có bồ là tao dẫn bồ đi nhậu liền,southern,
7459,mắc thiệt mà lâu lâu ăn cũng ngon,southern,
26471,Chị cấp 3 nè,southern,
16847,Ultr mê nhất là khúc rap lun á có ai giống tui hok dọ,southern,
8193,Tính ra mình tuột hậu dữ dậy chèn,southern,
16392,Sim oi sớm nè,southern,
16369,Trên cả tuyệt vời nè...hoàn hô cổ vũ mạnh mẽ và uy tín,southern,
17642,tôi cũng vậy luôn nè,southern,
13305,chỉ có nẫu mới biết ăn thâu,southern,
12550,À tập chạy vào làn đó cho quen để mốt lỡ có mua xế hộp thì cũng đỡ bỡ ngỡ.,southern,
26746,Sao không thả bà Hòa xuống sông sài gòn đi . Hằng ngày để tui đi học về tui ra tui ngắm chứ,southern,
14736,hóng quá trời ui,southern,
11303,Chắc mấy bả ngoài ngoải giờ cũng nhớ dữ lắm rồi!,southern,
7940,"Tính ra ổng hay chứ bộ, trồng cây chuối giỏi quá trời",southern,
23330,Ôi sao mà yêu Mỹ Ngân đoạn 10p52 quá trời ơi,southern,
2850,Bột nhứt tươi là ngon nhứt nhứt luôn.,southern,
16070,Nhà tui cũng vậy đó đập bể tủ kiến,southern,
14158,Quê em cũng ở Quảng Ngãi nè chịiii,southern,
10954,Moi người biết chỗ hông chỉ em với.,southern,
1397,"Mấy anh có bị dơ dép hông, em chà cho nè",southern,
26938,cali oi em cho anh này nè cali dó là hình nhân vât em mói draw anh thay dep ko,southern,
15481,Tội thanh niên bê tráp bia vl. Hồi đó tui bê mà muốn vứt cmn đi:))),southern,
15927,Ước j tui cũng là họ hàng của Đình Bắc,southern,
19253,Xem mà thèm đi Thái quá ạ Trời mà cái tập này anh Khoai biểu cảm quá trời :)),southern,
16697,Chúc mv thành công nhậu nè a ơii,southern,
27615,"Tui ở đồng nai nè, thiệt ra cũng thấy òi",southern,
23664,tao ng Bình Định nè=),southern,
13568,quảng nôm nè kkk,southern,
13269,giờ cặp bồ đi theo bồ luôn rầu,southern,
14750,Tui coi mà khóc luôn đó trời Tội dân mình quá :(((,southern,
11963,con này ăn ngon bá cháy luôn,southern,
22363,Fan nè Dịch sang Tiếng Việt,southern,
20533,"tui sống ở Úc 1989, đi vượt biên ở đảo bidong Malaysia, 1988, qua Úc không nhập quốc tịch Úc tui cũng bị trục xuất về VN",southern,
9247,Nhìn hình ức chế thiệt chớ,southern,
21535,Zino cưng quá còn chị vêvê thì xinh mong chị ghim và rep mãi iu vêvê và zino anh đức ra dìa nha . Gia đình zino mãi đỉnh mãi đỉnh mãi đỉnh. Like ik ạ . THANK . Thank mn nha. Mãi iu mn ... 3 . like .,southern,
23861,Cho tui sống ở nghệ an 3 hôm thôi chắc tui đi xắp não để chạy lại chương trình quá,southern,
16715,tui đến từ 2024 hihi,southern,
16408,Ê ngày 4 tháng 3 là sinh Nhật tui,southern,
21724,Ba tui là ng miền nam and miền bắc còn mẹ tui là người miền trung sự kết hợp pơ phẹc,southern,
14576,Em quê ở phú yên nè chị em ở đông hòa ạ,southern,
28305,em chơi mà nó bất ổn giống zị nè:)),southern,
17553,Giờ vẫn mò lại nghe nè trùi,southern,
20956,"em rất thích ăn mắm ba khía, mà lâu lắm rồi chưa được ăn, xem clip anh Khoai thèm ba khía quá trời trời...chúc anh nhiều sức khoẻ và luôn ra nhiều video hay",southern,
24028,Ulatroi tui kiểu: bà ơi bắn cháu tô phở nhiều thịt nhiều nước 15k ạ,southern,
25142,có ai giống tui hong thấy cô gái ở khúc 0:09 tự nhiên có cảm giác quen thuộc nhưng lại nhót ngực sao sao áa buồn ngang luôn,southern,
6834,"sát bên nhen, mốt chở vợ vi vu được rồi nè",southern,
19329,Nhìn mà thấy muốn ăn quá nè ngon ngon nha mlem mlem,southern,
26836,Ngầu hơn nữa nè thằng này nó chê cười mà nó cười dễ gì mà đánh được anh em tụi tao,southern,
19248,Cháu ở Hưng Yên nè,southern,
22722,Tui chả lời đúng 1 nữa còn lại không nghĩ ra,southern,
20978,Về miền tây là vui hết chỗ nói luôn bạn khoai ơi... người miền tây vui vẻ và mến khách vậy nè.. cảm ơn bạn khoai nhiều nha,southern,
20074,có cho tiền tui cũng ko dám đi xe này đâu nhìn mặt anh maz tui nhịn cười ko nổi,southern,
20358,"Ngon quá trời luôn bạn ơi nhìn mà thèm quá, mà bé thảo hôm nay quên chấm điểm cho bà ngoại rùi haha",southern,
14545,Embe đi qua nhà tui gồi. Mà hông gặp ẻm,southern,
20031,Em ở quảng ngãi nè chị ơi kk,southern,
19694,"Má ơi làm tôi sợ, chơi nhay thật đúng là thanh niên",southern,
5324,Vụ việc gì vậy chèn nhìn mắc cười quá không hiểu.,southern,
17356,Nay ốm quá dị anhhh:(((ăn uống đầy đủ vào ông ơi có sức ra nhiều video cho tụi tui xem vsss,southern,
17668,Mình cũng mới về Miền Tây nè vui lắm luôn á,southern,
980,"cũng sướng quá sanh tệ chị ha, bả nghĩ phụ huynh ai cũng giàu như bả.",southern,
22417,con em khôn quá trời,southern,
17069,Tui bat hoai con 12 13 kg nhung ma la ca loc moi che chu khong phai ca loc dong nay hj ma bat ben nhat chu kg pai vn hj,southern,
21937,"Ông chồng tui ng Mỹ, tui cho ổng nghe clip này xong ổng hỏi ủa những cô này thì gọi là người gì? Tui nói thì ng Việt chứ ng gì . Ổng nói ủa vậy ng ta đang nói gì? Tui nói tui ko biết, k có vietsub",southern,
15447,Chị Sam cầm lun cái ghế nè,southern,
16917,Em là fan của anh nè,southern,
27720,"Miền nào cũng là dân tộc Việt Nam, tui là dân miền Tây, tui không phân biệt vùng miền gì cả, vì miền nào cũng có người này người kia, chứ không riêng miền nào cả,",southern,
27079,6/8 hiếu thứ hai tui biết rồi :))),southern,
21353,Da so nhung nguoi giau co va hoc vi cao o An Do thi accent lai nhe nhang rat de nghe. Bac si cua tui cung nguoi An va phat am tieng Anh khoi che.,southern,
16767,Chim ơi sao không chóng mặt chứ tui đây chóng mặt rồi nè,southern,
25226,Ẻm có cái dép giống tui,southern,
28723,Th em kiểu: bà chơi tới đâu tui quẹo xe qua,southern,
25540,Thời buổi này mà hai thằng này còn hát hò cái luận điệu này thì đói chết mẹ... Gặp tui thì tui nhất định không cho tiền...,southern,
14080,Bún cá nhìn ngon quá trời :),southern,
28666,Tui khóc không ngừng được nước mắt nhìn hình này thì đủ biết,southern,
26379,"Mới vào đã Thấy không khí nhộn nhịp của mùa vải chín . Chèn ơi khung cảnh đẹp vô cùng rồi còn được ăn món ngon, giờ này em mới biết khung cảnh mọi người thu hoạch trái vải. Cảm ơn anh đã chia sẻ hay",southern,
14207,Em hổng hiểu chị nói gì luôn á,southern,
21329,Có lần lớp tui được cô Ấn độ dạy tiếng anh : Cô nói dưa leo là cú cưm bờ Còn cà chua tở mả tở Lớp tui kiểu : học kiểu này chắc chết quá,southern,
26827,"Nhớ lúc tui trong ekip chụp qc cho trường tây úc. Khi đó pmc còn nhỏ hình như vừa đoạt giải gì đó, tui xưng hô với pmc là chú & con.. Còn giờ mà có dịp làm chung chắc xưng bằng chị em quá...",southern,
20035,Bác gấu ơi có đệ tử nè,southern,
20179,A khoai ơi a ăn cái gì mà dễ thương quá trời luôn ấy. Thích a rùi đấy nha .bắn,southern,
28506,Tui đâu có thấy gì đâu,southern,
22148,Đôi bóng đẹp đôi..hay.nếu tôi ca củng ca vậy..tròn câu ..còn nhu hát ..đẹp đủ nè anh ...thành ra rê ra thêm chứ sao trọn lời...,southern,
26894,Cô ơi e biết chữ cụt nè . Cụt này là cụt C.Ứ.T á,southern,
18082,Tui cũng muốn lấy vợ hàn,southern,
22275,Đây mới là vnch nè tuyệt vời kkk,southern,
17519,xôi cay 2 cô cả tuổi thơ của tui giờ 34 tuổi rồi nhưng nói thật chất lượng giờ giảm đi nhiều ( xôi lúc dẻo lúc khô con cô này từng học chung với mình trường Lý Phong ),southern,
9734,coi chừng anh nghe,southern,
28553,Chời quơ nồi bánh canh chất lượng quá đê... Ăn ngon sướng quá,southern,
24497,Nói quen qué tui quê miền trung,southern,
15048,nhìn miệng a páo ngon ngọt ố hát tròn chữ. nhìn nghe. hay quá trời,southern,
15464,beat này còn ok nè .,southern,
17800,"Í cùng quê Vĩnh Long nè, xem kênh chị lâu r giờ mới biết cùng quê",southern,
16252,sinh năm bằng chj tui nè,southern,
28146,Sớmm nè chịi ơii,southern,
15233,ngồi đạp chèo kiểu đó. tui xem video thấy ngại bà cố luôn. chắc Hoàng Nam ở ngoài cũng đứng hình lun kkk,southern,
13117,"2 kẹo chỉ ổng bán 80 nghìn , ổng nói xe ổng được đi đóng phim nên bán giá trên trời",southern,
26970,Má ơi t buồn cười vãi nó cứ sao sao á,southern,
8653,đợi em già dìa quê mua cái nhà dưỡng già rồi anh xuống cho ở ké.,southern,
25868,Đi ăn vậy chắc cái mặt cái ghê tự nhiên quẹo luôn kìa,southern,
6033,Có Khi nào bả với ổng thành đôi hông ta,southern,
22093,Hôm nay mới đc nghe di vào lòng người thật ai giống tui ko,southern,
24027,5 củ đc 1 chén phở ă. Đúng hông z,southern,
15658,"Có ai giống tui thấy cái khúc Linh ăn cái bánh dài dài vị pizza, nhai 2 que bánh 1 bênh khoé miệng rồm rộp, rất tự nhiên, vừa tếu vừa dễ thương, tui cười hoài luôn",southern,
14615,Chợ bên tui đóa 0:37,southern,
13560,"Lần đầu vô Đà Nẵng, chở con bé cùng chỗ làm đi ăn mà nó kêu “Goành bên trớ” mà tui đơ luôn :D",southern,
28364,Em và người nhắn tin chị suốt năm đây nè em nghe cái này muốn khóc luôn,southern,
20823,"Mong chương trình này kéo dài thật dài nha. Xem vui quá trời. Negav, Hải Nam và Jaysonlei đều hợp ctrinh quá",southern,
7958,"Bữa nào về nhà lục lại coi, đồ cỗ nhóc.",southern,
8826,mai mốt đi thành phố nhanh hơn rồi nè.,southern,
16800,lâu lâu có kèo thì uống vui với bạn bè chứ 2 mấy năm nay tui chưa thấy bia nó ngon chỗ nào,southern,
1631,nhà ngoại em bên hông trái chợ nè.,southern,
10894,mai anh dẫn em đi lấy chỉ vàng nè,southern,
23211,"Chu ca ba má ơi , thằng này đẹp trai hấy",southern,
18564,Truyện hay nha. Mình thích chuyện kiểu nè nè,southern,
27569,Tui thấy người bắc với nam khác nhau mỗi cái giọng,southern,
17943,Có ai vừa xem vừa nuốt nước miếng giống tui k ?,southern,
225,nhanh trí chạy làm tô.,southern,
14725,Đó giờ tui mới bít nhi là chị của Ken,southern,
22906,Ơ tui miền Nam mà chưa nghe từ tẩy bao giờ,southern,
19430,Kon tum nè mọi người YÊU KON TUM,southern,
17479,"Ngay nhà tui khi xưa luôn, lô J. Khu ẩm thực ở đây là mới có tầm 10 năm sau này thôi. Nhớ tuổi thơ thật. Mỗi năm về lại đây, ăn nát cái chợ haha. Bà bán chè bánh lọt mãi đỉnh luôn, ăn từ thời má của chị ấy",southern,
25558,người ta k làm j vẫn đẹp còn tui thì ối dồi ôi,southern,
24170,Em ở cũng ở miền trung nè,southern,
9127,"Chồng dìa trùm mền, vợ chồng mình múa cho cu Tí coi",southern,
28454,Tui cũng muốn làm nhưng ko làm được,southern,
14797,Quy thử thai nè,southern,
25745,mình ở trên thành phố nam định nè mình ra chỗ dấy chơi đầy,southern,
6910,nữa về chung nghe em.,southern,
19852,Em cũng là con THiên CHÚA nè,southern,
21797,Tui chơi game mà toàn gặp nước ngoài rồi nói tiếng anh theo riết rồi biết luôn :),southern,
24955,"Tui uống vài ly bạn ơi, mà tuinhin như mê cung",southern,
17317,Tui quê ở hà tĩnh hì hì,southern,
26523,Tui cũng ở tiền giang nek,southern,
222,mai mốt đi đâu mình cẩn thận nghe mình.,southern,
23604,"Không phải khó nghe , tại mình nghe hông quen , muốn bắt lỗi 1 thứ gì đó hãy xem lại bản thân mình trước , tại sao đổ lỗi cho là khó nghe mà k bảo rằng mình nghe hông được",southern,
9940,nói thiệt chớ cũng là một người con Hòn Đất nhưng chưa từng đi tới Hòn Quéo.,southern,
22315,Chị ấy sao có thể so vs ng thành phố là tui? Si đa à,southern,
19742,Em cũng ở xóm đó nè em muốn gặp anh mà k đc,southern,
27921,Tui bên nấu ăn 32 năm rồi nhưng bạn này làm y trang mình làm rất đơn giản nhưng mềm thơm ngon,southern,
15428,Review mỹ phẩm là chính nhưng view mảng đồ ăn cũng cao quá trời. Chứng tỏ mọi người rất thích xem bả review mảng đồ ăn á chứ,southern,
27487,Em tập nè mấy ngày hôm nay cả trường em toàn tập khi ra chơi,southern,
23783,Tui nhận ra tui thông thạo cả hai lọai,southern,
19332,Miền nam là sự trộn lẫn giữa 2 miền bắc-trung=))) Vì ở miền nam như tụi tui có cả hai loại xiên bẩn và cá viên chiên sốt nc mắm lun,southern,
2299,Sống 4 năm ở bển luôn rồi nè,southern,
8703,đi vòng vòng cũng lọt tới bùng binh.,southern,
13728,Ổng về Hội An quê tui mà ko nói tiếng để tui ra xin tấm hình chán ghê dễ j gặp ổng đâu đi suốt á :(( hiếm lắm mới gặp,southern,
17966,"Tui đợi món ba khía muối cuối cùng cũng có, xưa giờ nghe nói ba khía muối chứ chưa nghe ba khía mắm bao giờ. Nhớ quê hương miền Tây mình quá, ở nước ngoài nhiều khi kiếm trái mướp , trái bầu , trái bí k ra",southern,
19981,Thứ 2 nè,southern,
22926,em người bắc mà nghe Jenny nói giọng bắc ổn quá trời,southern,
24627,Nhìn anh lịch sự quá đi à tim cho anh nè,southern,
18249,bà con hái dừa nghe tin bảng giá vui vui có động lực nè,southern,
12640,Đổi lại bằng bùng binh to nhất Việt Nam.,southern,
20076,Hợp ghê mà tui ko chơi free fire mà roblox nạp 5000k robux là đủ,southern,
23012,Tui hộ hồ nè,southern,
19585,tui đg ăn mà thấy đám bạn đến:,southern,
28080,"Ngon tuyệt vời, coi video của bạn thôi mà nửa đêm đói bụng nè",southern,
26424,Bl đầu tiên nè,southern,
1438,anh 2 ra ngoải anh 2 nhớ hốt cát đem về làm kỉ niệm nha,southern,
21509,tui lạy bà . Làm tui cười như điên,southern,
26845,Dòng sông 40nguoi trốn khỏi casino campuchia nè .mà lấy bối cảnh thời pol pot,southern,
17992,kênh nấu món nào cũng rất ngon xem gia đình rất thích nhưng tui góp ý chút nhé mình gấp rối chấm ăn luôn đừng cắn rồi chấm nữa thì thấy nó hơi kì kì bạn nhé,southern,
7531,"giờ mới thấy, mai mốt chơi còn kịp",southern,
16186,sao chị chia tóc dài dữ vậy,southern,
23700,Mì skut si bai nậu dòng khmer nè cưng nói được ko,southern,
597,Đang nắng vầy cái ổng mưa cho nửa tháng cho coi.,southern,
22319,Tôi rất ngưỡng mộ người thành phố trong đó có tôi nè ngu thì chịu tôi ai biểu,southern,
27817,Quay ở chợ cả mít nè,southern,
15945,Thứ bảy tui về quê,southern,
20746,"3 anh này tẻn tẻn dễ thương quá nè, hợp show thực tế lắm",southern,
17211,Quê vk tui cũng ở ẳng tở mường ẳng đây . Cũng y như như vây.,southern,
19859,em cũng đạo chúa nè,southern,
27617,Vê vê đẹp quá trời luôn Moi người nhớ đăng ký nha,southern,
6624,"Rứa mà mới nói tối ni trúng vé số, cho chú cái ngon hơn chớ",southern,
27478,"trường tôi dạy vovinam nè, ko phải CLB đâu mà là vào thời khóa biểu chính luôn ấy chứ, cấm j",southern,
20148,trời ơi ổ bánh mi mà có 15 ngàn vậy..??chỗ tui ở nó bán 115 ngàn,southern,
2533,"bạn lộn địa chỉ bạn ơi, cập nhật kĩ đi rồi hả đăng",southern,
18465,"Má ơi, vừa làm vừa nghe mà cười sảng lun",southern,
14151,Tui là nạn nhân của tiếng nghệ an,southern,
22110,Em từ titok qua ủng hộ a nè năm nào cũng nghe bài này,southern,
25879,Ui mường lát yêu dấu của tui. c ý đi lấy ck xa ạk,southern,
27346,"Bài 2 của lịch sử 12 nè, vừa học ở trường xong vào xem clip dễ nhớ hơn nhiều",southern,
22652,Có link ko tui muốn nghe,southern,
16567,Mọi người ơi tui nhớ về ngày xưa cha tui còn sống thì tui cũng như thế này,southern,
14845,Tui sinh ngày 11/9/2012,southern,
2942,"nếu Tết không dìa thì thâu, còn nếu dìa thì coi học lại rầu dìa kìa",southern,
23650,Ủa tiếng thanh hoá dễ hiểu mà . Tui ở Thanh Hoá,southern,
2758,dìa ăn hủ tiu Mỹ Tho nè,southern,
13929,Hàng tháng nay ăn toàn mì tôm.. Nhìn Trường Giang làm bánh xèo ngon mắt quá trời chịu sao nổi,southern,
26852,Phim này mjk xem r hayyy quá trời luôn nht là cảnh này cảnh cuối này mjk còn k ngờ tới luôn,southern,
9818,Dân Bình Phước cùi bắp vậy?,southern,
27491,Tôi học nè tôi ở đai xanh lam đậm nè tôi đi học thôi mà thằng chùm lớp sợ tôi chẳng hiểu sao ? có hôm tôi tập ở lúc ra chơi ở môn thể dục thôi ???,southern,
2113,"đúng luôn em, gốc cây to chặt đi xong làm cái bùng binh bự chảng đó.",southern,
28416,tui thấy đánh ngây lưng mà?,southern,
12236,nào dìa quê dắt vợ đi cầu 2 tầng cho biết nè,southern,
14705,Làm Dâu Thanh Hóa quê Anh hát HAY hông Em ???,southern,
7042,"tao ngồi đây hóng, xíu nhớ nhắc tao bắt nồi cơm nha bây, chứ mắc công vợ tao chửi.",southern,
17902,"Chổ tui nhà nước làm đê cao hơn nhà, mưa lớn nhà nào ngập bơm ra là xong",southern,
16479,Mh cung làm món này rồi mà k hiểu sao lúc chung mở nắp ra nước ở trên chén nó nổi lên quá trời.thay ng ta chung kho ráo,southern,
22097,Thái Học trẻ mà sáng tác toàn bài hát hay và ý nghĩa Tui nghe 1 lần mà bị nghiện bài hát TỰ HÀO MÀU ÁO LÍNH & TÂM SỰ NGƯỜI LÍNH,southern,
25610,Em hải hậu nè chị ơi,southern,
5090,"vậy nè, nhậu khỏi dành lộn lon của ai",southern,
19260,"Nay anh khoai vừa review vừa tấu hài, xem cười xỉu nè.",southern,
15465,Anh nè vợ ơi,southern,
14332,Nam mô A di đà phật Giờ chị mới xem lại nè tăng em ngón tay đẹp rồi nha,southern,
23020,thần tượng OLise của em 126 nè,southern,
21729,"ở miền Nam hay Phú Quốc thì bò tơ là con bê(bò con). hồi trc bố tui đi ra Phú Quốc người tao nói có món bò tơ, bố tui không hiểu. may là người ta giải thích cho.",southern,
15483,"sắp đến tết 2021 rồi tui 9x còn chưa có người yêu nữa xem mà nôn nao trong lòng, tết về mấy bà con dòng họ kêu mày lấy vợ chưa, có người yêu chưa",southern,
17946,Chổ này em có chơi r nè thầy,southern,
28412,Tui đã đi bão từ lúc tui còn 5 tuổi nhưng tui đã 8 tuổi rồi từ đó tui không được đi chơi bão,southern,
13025,"muốn về nhà thì về thôi, hơi đâu mà đợi đến Tết cho kẹt xe",southern,
15984,là tui nè,southern,
19298,Cho cái tội cứng đầu nè bảo nhả ko nhả còn thân bãn chỉ đáng lời,southern,
15696,Cái gì cơ master chess nick tictok của tui mà,southern,
16026,"Mấy trang mạng chỉ cách trồng sả trị rắn đều lừa đảo , bữa tui hái sa thấy con lục đuôi đỏ nằm trong ấy",southern,
14297,Tui mièn nam,southern,
18144,Tui ăn quán đầu rùi thấy cũng bth thui ăn tại quán thì ăn miến nhé mua về nên mua mì ko nó dính một cục,southern,
19838,Qua trung thu năm 2023 rồi công nhận thời gian qua nhanh thiệt chứ Mới 5 tháng đã hết trung thu Hazz bây giờ là 2024 rồi đúng là thời gian trôi nhanh thật nhớ những kỷ niệm ngày xưa quá vậy huhuhuhuhuhuhuhuhuhu tui muốn quay lại với năm 2021-2022 quá rất nhiều kỷ niệm đẹp của chúng tôi bây giờ muốn cũng không quay lại được thời gian trôi nhanh thật,southern,
28590,Em là fan a nè,southern,
2104,Bả kể giết người mà tui tưởng bả đi phỏng vấn chứ.,southern,
14610,Anh đi nhớ nè tram 5.1 diễn Châu nhé tram đó làm ăn bát nháo lắm,southern,
18129,Poseidon ở thảo điền và quận 9 lê văn việt.giờ là thủ đức.tui thấy là ổn nhất,southern,
16849,"mình là người Bắc nhưng nghe bài này của bạn ca sĩ miền Tây mà thấy hay quá trời :)) nghe rất vui nhộn, tiện thể chào ace miền Tây nha :D",southern,
23270,Mình nè còn bị bỏ do thùng rác nửa ‍ ‍,southern,
22793,hát hay dữ vậy,southern,
13030,Đánh cho bả phát cái tỉnh liền chớ chi,southern,
12958,Đi vòng cái bùng binh hết 10 nghìn tiền xăng,southern,
23075,"Nghe giọng bé ngọt nổi da gà mèn ơi, đang đắm chìm trong giọng ngọt ngào của bé cái chiếu qua cái mặt lão NS cái tụt mod",southern,
23071,Tui sợ bướm,southern,
28340,Anh mạnh bị làm sau mà mọi người nhắn tinh khóc không vậy em nghe mà muốn rớt nước mắt rồi nè,southern,
24334,Ha! Cái này mới đúng là chưa đánh mà khai nè,southern,
18043,"Trúc chi ơi hát cảm động quá trời, nghe thôi cũng thấy nước mắt rưng rưng, chúc chi luôn luôn thành công trong sự nghiệp của mình nhé.",southern,
19181,Tui ghiền hải sản con sứ biển mà bị dị ứng ăn vào ngứa rát cổ họng ngứa miệng sưng đỏ như tiêm filler,southern,
22739,tôi đã đoán đúng 37 câu rồi nè,southern,
11910,"Hồi qua bu đông quá, mà hỏi hổng ai biết dụ gì",southern,
27245,Tui nghe chị na bii đang cười,southern,
17146,Thầy hát rất ấm giọng. Thầy ơi! Chỉ hát để vun bón trên con đường học đạo cho đỡ buồn chứ đừng đi thi thố nghen Thầy,southern,
14582,Ô e tui bảo e bác Nam đẹp trai giống như tây mà tui buồn cười quá cơ mẹ bác Nam thọ mà khoẻ quá ng bạn IVandu giống mẹ lên béo ục ịch,southern,
16338,Anh hông làm chong Gia Đình phong sam nửa hả anh,southern,
26049,thanh phong co gắng chăm hen có ai dành cua mình mà lo ma so,southern,
24410,"Lạc nè, sắp 2024 rồi qua đây bình luận nè mấy friend",southern,
25263,MẤY BÀ NHỚ FOLLOW ĐỂ XEM MẤY CLIP DUI CHẤN ĐỘNG BỜ KÈ CỦA TUI NHOAAA MÃI IUUU,southern,
22328,Tôi cũng bị đau mắt đỏ nữa nè hai người dùng một nhau quá đi,southern,
5185,Tàn ác thiệt sự. Cho bả đi tù là vừa rồi,southern,
27519,"Xin lỗi cái dis like này. Riêng ở khu vực tỉnh thành nơi tui sống thì mật độ có thể là gặp 3-5 lớp Taek mà tìm lớp để tập VVN ko ra, VCT càng khó tìm. Muốn học cũng nhiều khó khăn. Một số địa phương khác có VCT, VVN, đôi khi lại ko tìm thấy lớp TKD hay Karate. Tui muốn tập VVN, VCT mà chưa được đây.",southern,
12389,Lấy chồng đẻ nhiều lứa mất rầu nẫu,southern,
20832,Jaysonlei với negav hợp nhau quá nè. Mong 2 ông được nhốt vào cùng một show nhiều hơn,southern,
7974,nhỏ nào vẽ cái nơ bự bành ki y như cái chén dậy?,southern,
24629,"Tui sợ anh will này thật, hài lắm rồi",southern,
18243,"Tui người Ngọc Hiển,nghề này vất vả,nguy hiểm lắm,nhưng vì cuộc sống mưu sinh,nhìn tay chân của họ chai tội lắm",southern,
20565,"Mi có dặm gì trên face khum Mi, tui thấy xinh quá cũm muốn làm giống í",southern,
2980,Giờ đứa nào ngon đi nhảy cầu tự tử coi.,southern,
25326,Ninh bằng tuổi tui,southern,
14616,tui ăn rồi đến ngán,southern,
14190,Lu lu là lú lú còn quơ quơ là quên quên,southern,
24701,Tôi cũng là người miền trung nè,southern,
27806,Phim vui và hấp dẫn quá nè,southern,
20268,Anh cung fan mu ne trong oi bua rai sao k di bui voi minh va phuong cung tui nho,southern,
27993,Trời ơi mẹ tui con tưởng là hàng Trung Quốc nên không cho tui ăn huhu,southern,
14673,Nhìn cái lúc anh ngả mặt lên trời xong nói : ooo. Tui cứ tưởng là idol hàn quốc,southern,
14213,Ê tui quang ngãi mà nhiều câi tui cũng k biết,southern,
21302,"Sếp cũ tui ng ấn, cty toàn Ấn độ, lúc đầu đi lm tui ko hỉu mấy ổng nói j tui tưởng tui bị mất gốc hay ngu thật sự, cho đến khi gặp 1 ông Ấn nói tiếng a giọng chuẩn hơn. Thì t đã hiểu",southern,
23582,"Với tui nghe khó nhất là các tỉnh Nghệ An, Hà Tĩnh. Còn các tỉnh khác thì ở thành phố người dân nói nghe dễ hơn người dân ở nông thôn.",southern,
27494,Chân thật và nhân văn quá ..Tôi đang khóc nè...,southern,
25065,Ê má ơi hình 2 nó là cái miếng gỗ dưới giường thưa máaaa:]]],southern,
20603,Siêu phẩm này xem xong thì mặt tui như thằng ngáo đá luôn nhức đầu say sẩm luôn Huy mãi đỉnh,southern,
17786,Sao giỏi quá nè,southern,
14617,"Tôi là người rải nghiệm pure tube, lúc đầu nó không có quảng cáo thiệt, nhưng lúc sau quá trời quảng cáo, thậm chí tôi còn coi YouTube còn hơn, bây giờ nó chỉ dùng để nghe nhạc mà vẫn kém Spotify, may là nó còn giữ khả năng phát nền",southern,
23910,"OMG!!! giọng tui ngọt ngào,mềm mại,dễ chịu và tui thử hát mà hay ghê ai ai cx bảo gipjng tui hay",southern,
13952,Lấy dc cô vợ nấu ăn zậy hạnh phúc hen,southern,
16258,"Lần đầu mình coi vlog mà mình khóc . Thương cô tám, thương anh quân. Mình không ở miền tây mà coi vid nè của anh khoai mà mình thấy quý, thấy thương miền tây. Con người họ chất phác, hiếu khách, sống tình nghĩa quá trời. Hi vọng một lần được ghé miền tây chơi.",southern,
27778,Sài Gòn giới tính nào cũng được.Hà Nội giới tính thứ 3 không dám lộ sợ hàng xóm gièm pha tới 3 đời.thằng đệ tui vô Sài Gòn làm bóng lộ cho biết vậy.,southern,
22146,Nghe thúy huyền hát bài nầy tui lại thấy thương cô lái đò!!! Chứ chiếc đò đó bình thường hoy?.,southern,
28409,M thích tao hông? M thích tao hông ? Nói thích đê:)) Nói Thích Thích ko Thích ko ?,southern,
13880,Con đã nấu y như cô .sao mà ngon quá cám.ơn cô nhiều nhiều lém nè,southern,
26237,Bh mới xem :)) hehe quán chè ở đối diện nhà tui luôn woa ăn chè ở quán cô Mai từ bé công nhận chè của cô ngon thiệt. Mấy quán ăn ac đi toàn là tuổi thơ của e thôi :))),southern,
24228,"Tui người Quảng Đông, thuộc dân tộc Hoa kính chào 54 dân tộc anh em, yêu các bạn rất nhiều",southern,
8364,bạn kiếm mấy anh ở Sài Gòn chứ làm biếng về Phú Yên.,southern,
10582,át vách nhà tao nè mai mốt tao dẫn mày đi chụp hình.,southern,
15833,Chắc bả sắp chuyển luôn sang review đồ ăn ròiii. Bà đừng lm thế nữa tui tk lắm á.,southern,
25725,Holy shiet =.))) Anh Ninh về quê tui này,southern,
27268,Em tên Hằng nè,southern,
21660,Không thể tách rời của Đại Việt là ba xạo là ngụy biện giang manh rồi nghen Đàng Trong và Đại Việt Tồn tại độc lập riêng biệt nhau Đối nghịch thù địch chống đối tiêu diệt nhau Đàng Trong là kiến tạo riêng của Chúa Nguyễn mà thôi Nguồn gốc người miền Nam giống như nguồn gốc người Mỹ người Hoa Kỳ Hiệp Chủng Quấc vậy thôi,southern,
15473,Tui MN gợi lời chào các bạn vùng cao.kenh bạn này chia sẻ đảm cưới hoặc tiệc gì của đồng bàcho mọi người của tổ Quốc được biết. . đẹp lắm trang phục tự may của bà cơn vùng Cao . đẹp lắm lắm.o,southern,
17787,bông tím: mình dậy sớm lúc 1 giờ. Tui:... đấy là sớm à???,southern,
22348,zino dễ thương quá trời,southern,
21163,Ai gái Huế giống tui,southern,
27003,"tui ấn tượng cảnh meg đi tò trở về nhà sau đó đấm ô bố của mình một trận khẳng định sức mạnh , do mọi khi ổ hay bắt nạt mà mọi người trong nhà lại chả quan tâm",southern,
20311,Ôi đói bụng quá .đúng chất dân miền tây tui luôn nè .chúc anh chị nhiều sức khỏe,southern,
14441,Con wave ny bà đi bền ác vậy :v tui từ đà lạt chạy phú yên mà chạy ab còn thấy đuối,southern,
1330,nhìn thèm chết mẹ luôn bài đặt giả bộ mắc cỡ nữa.,southern,
17752,Em cũng Vĩnh Long nè buồn cá cái là khác khu với chị Kiều :)),southern,
10228,vô coi nó làm dẫy mà được à,southern,
24623,Thì ra tui học dốt môn sinh học,southern,
14638,Gì Hà sam thảm hại thơ Nguyễn mắc cười quá à sao fan Hà sam nè,southern,
7968,Cầu hôn xong cầu hồn luôn. Sợ thiệt.,southern,
17491,Cảnh này ở Cao Bằng Lạng Sơn nè,southern,
16191,Bà già méc ông già nè,southern,
22392,"*Công tâm quá luôn hen các chị em , yêu thương lắm Vê mới chia nhiều dữ dị ó*",southern,
19955,A trai và team nhà gái hát đỉnh quá nè.,southern,
20091,A đù má ơi tình nghỉ anh em thương dữ chưa,southern,
14793,"tui cũng có clip đi Phú Yên, 2 bạn xinh quá...:)))",southern,
20371,Gia đình này dễ thg nè,southern,
21002,Thu Hường hát hay lại có nét Xinh đẹp độc lạ nên tui ngó muốn rớt mắt vô màn hình luôn aaa,southern,
13908,"Tui miền trung gốc đây. Làm vậy ngon rồi đó . Nấu mỡ heo, có tóp mỡ ướp vô cá , ớt xả nhiều vô sẽ đậm đà",southern,
26752,Ai mà nhìn quen qquen quá vậy nè,southern,
21288,Người nghệ như tui nghe rrất bình thường,southern,
18380,Chuyện ma mà nghe cười muốn té ghế luôn mà hây quá trời,southern,
20264,"Cảm ơn bạn đã cho tui trãi nghiệm khu chợ Bến Tre , chợ này nhìn cách bán và trí rất lịch sự và yên bình ko ồn ào phát loa um xùm như những khác .",southern,
15745,"Cái sấu mõ diet đó tui mua rồi ngon thật á mn. Mà tui lại ghiền cóc chua ngọt bên mõ hơn, chua chấm muối cuốn lắm",southern,
27952,Nhìn ngon quá.cảm ơn cháu trai đã chia sẻ khéo tay quá trời,southern,
17798,Like chị tui...,southern,
14045,"tiếc quá phải chi ngày trước mình cùng đến Huế với bạn mình rồi,Huế đẹp cố kính ,thơ mộng và chút gì đó đượm buồn, nhiều món ăn ngon nè và thật êm ả ko ồn ào thật là hợp với bản tính và tâm trạng mình, rất cảm ơn khoai nhờ em mà chị được biết ít nhiều về Huế thật ko hô danh là Huế mộng mơ phải ko.",southern,
5085,"thiệt hông bay, tui sẽ nổi hơn cái chợ này luôn bây.",southern,
26654,Tui là hà nam,southern,
18490,Tui là tui thích cái kiểu nói đối đáp này lắm đó đa,southern,
25876,"Tui e co khuon mat phu thê,chuc 2 e luon hanh phuc ben gd nho cua minh.",southern,
24563,Quang Nammm ơiii chị kia nói giống bà ngoại tui quá !!!,southern,
27729,Nhưng tui vẫn ghét parky,southern,
19190,Ủa chị này bị dị ứng tôm cua hả tui cũng bị nè những mà nó lạ lấm ăn tôm cua xong kiểu ủa ủa gì dở ủa ko bị làm sao luông,southern,
22111,Giọng hát hay bài hát thì ý nghĩa tui đã khóc cảm ơn bạn,southern,
16147,Dễ thương quá trời mà trắng nõn nà luôn,southern,
17745,Thích ân với kiều làm vlog du lịch như vậy nè,southern,
14072,11:10 =)) anh Khoai cute quá trời,southern,
5637,Thuở nhỏ chỉ trong chờ đến Tết đặng có bánh mứt nầy ăn .,southern,
18895,"Tui thích nhất video về miền Tây đó Khoai, xem thấy rất thoải mái và vui vẻ",southern,
23925,Thiệt nè :),southern,
25933,Gia lai đẹp lắm nha mn mn nên đu cho biết nha lên xong khỏi muốn dìa là có thiệt ạ,southern,
13331,Vừa đi hổm xong nè! Bị mắc mưa nhưng đã nha!,southern,
26595,Kẻ phá hại tuổi Thơ của tui,southern,
9806,hóng đi xong kể nghe chơi coi.,southern,
17613,Về vn vui qua…cái miệng quá trời luôn,southern,
7407,nấu với cá cơm hoặc cá ồ là nhứt nách.,southern,
26565,"40 phút vẫn là chưa đủ, tui muốn vlog dài 2 tiếng hihi",southern,
28070,Circle k Vũ Trọng Phụng nè,southern,
16593,"Ngày xưa ghét TQ lắm mà hình như mình bị nghiệp quật hay s á, tự nhiên giờ mê TQ: nhạc TQ, học tiếng TQ nè, nay tìm được Anh Fahoka hay làm du lịch TQ nữa chứ :))) Hy vọng hết dịch có xiền được đặt chân đến TQ 1 lần",southern,
18599,"""Biết ông Thương hông :)""",southern,
21570,"Zinocắt tóc đẹp trai quá trời là đẹp trai luôn mà còn đẹp nữa, ginô cắt tóc đẹp mà còn có cái áo hình trái bơ vừa xinh xinh vừa cute nữa",southern,
28065,Em cố lên anh gấu đỏ nha anh gấu đỏ tríến thắng rồi mừng quá trời ơi,southern,
20272,Tui thích các món ăn miền tây quê nhà quá,southern,
26395,"Serie này hay với ly kỳ nè, góp 1 vote cho MC Tả Từ ưu tiên đôn lên cho ra phần 2 tiếp",southern,
14522,Tui năm nay mới biết đến từ thành cổ quoảng trị. Và rất tò mò,southern,
13189,Mê cá lóc chiên xù nghe.,southern,
